code,entity,faostat_area,year,cereal_production_tonnes,temperature_anomaly_c_1991_2020,precipitation_anomaly_mm_1991_2020
AFG,Afghanistan,Afghanistan,1961,3695000,-1.1939245,19.235409
AFG,Afghanistan,Afghanistan,1962,3696000,-1.3853234,-58.44338
AFG,Afghanistan,Afghanistan,1963,3378000,-0.11887821,-15.976318
AFG,Afghanistan,Afghanistan,1964,3732000,-2.1011903,24.983477
AFG,Afghanistan,Afghanistan,1965,3785000,-1.3172866,30.954798
AFG,Afghanistan,Afghanistan,1966,3489000,-0.883707,-57.789318
AFG,Afghanistan,Afghanistan,1967,3826000,-1.4853162,61.50398
AFG,Afghanistan,Afghanistan,1968,3916000,-1.4714376,51.35702
AFG,Afghanistan,Afghanistan,1969,4038000,-0.94298667,51.42926
AFG,Afghanistan,Afghanistan,1970,3512000,-0.06958418,-71.666664
AFG,Afghanistan,Afghanistan,1971,3319000,0.16893257,-111.20432
AFG,Afghanistan,Afghanistan,1972,3950000,-2.3793516,137.22144
AFG,Afghanistan,Afghanistan,1973,4270000,-0.51016325,-28.45881
AFG,Afghanistan,Afghanistan,1974,4351000,-1.5806621,7.7466617
AFG,Afghanistan,Afghanistan,1975,4481000,-1.4943161,-9.758054
AFG,Afghanistan,Afghanistan,1976,4624000,-0.876837,66.67705
AFG,Afghanistan,Afghanistan,1977,4147000,0.17397211,19.02391
AFG,Afghanistan,Afghanistan,1978,4382000,-0.32797584,-19.740244
AFG,Afghanistan,Afghanistan,1979,4214000,-0.71287155,39.188293
AFG,Afghanistan,Afghanistan,1980,4072000,-0.05971648,58.244556
AFG,Afghanistan,Afghanistan,1981,3893000,-0.32745823,47.714844
AFG,Afghanistan,Afghanistan,1982,3724000,-1.7180811,143.4809
AFG,Afghanistan,Afghanistan,1983,3591000,-0.78083587,14.436372
AFG,Afghanistan,Afghanistan,1984,3418000,-0.8863928,-20.813704
AFG,Afghanistan,Afghanistan,1985,3242000,-0.29862496,-42.118164
AFG,Afghanistan,Afghanistan,1986,3084000,-1.2253584,33.0023
AFG,Afghanistan,Afghanistan,1987,3394000,0.099336185,-13.743403
AFG,Afghanistan,Afghanistan,1988,2997000,0.38467804,18.52164
AFG,Afghanistan,Afghanistan,1989,2834000,-1.6396775,14.953347
AFG,Afghanistan,Afghanistan,1990,2705000,-0.3070902,33.419724
AFG,Afghanistan,Afghanistan,1991,2721302.3,-1.3175774,165.63089
AFG,Afghanistan,Afghanistan,1992,2470000,-1.5428457,126.75265
AFG,Afghanistan,Afghanistan,1993,2981774.1,-1.0193323,-3.5820456
AFG,Afghanistan,Afghanistan,1994,3144000,-0.68389416,19.486385
AFG,Afghanistan,Afghanistan,1995,3242179.3,-0.80478305,6.93007
AFG,Afghanistan,Afghanistan,1996,3241914.8,-1.0373837,8.966148
AFG,Afghanistan,Afghanistan,1997,3682722.6,-0.9220831,61.641563
AFG,Afghanistan,Afghanistan,1998,3875506.1,0.11704131,47.889004
AFG,Afghanistan,Afghanistan,1999,3256395.8,0.03511409,-9.043867
AFG,Afghanistan,Afghanistan,2000,1940000,0.056163114,-136.40604
AFG,Afghanistan,Afghanistan,2001,2108000,0.8838558,-153.19646
AFG,Afghanistan,Afghanistan,2002,3737000,0.5210714,-51.548943
AFG,Afghanistan,Afghanistan,2003,4381000,-0.04455458,-6.086886
AFG,Afghanistan,Afghanistan,2004,3560000,0.70334846,-40.970863
AFG,Afghanistan,Afghanistan,2005,5425000,-0.55804604,18.198103
AFG,Afghanistan,Afghanistan,2006,4638000,0.9025186,-9.40262
AFG,Afghanistan,Afghanistan,2007,5786000,0.026847005,-17.169964
AFG,Afghanistan,Afghanistan,2008,3950000,0.17958002,-78.10223
AFG,Afghanistan,Afghanistan,2009,6514000,-0.18371193,64.2347
AFG,Afghanistan,Afghanistan,2010,5957000,0.88581735,-23.640415
AFG,Afghanistan,Afghanistan,2011,4681020,0.47087845,-6.293607
AFG,Afghanistan,Afghanistan,2012,6582000,-0.90138716,29.030157
AFG,Afghanistan,Afghanistan,2013,6772235,0.31294256,-23.644218
AFG,Afghanistan,Afghanistan,2014,7012523.3,-0.23411898,-7.9596734
AFG,Afghanistan,Afghanistan,2015,6010288,0.44695863,40.30955
AFG,Afghanistan,Afghanistan,2016,5708330.4,1.2430344,-43.155426
AFG,Afghanistan,Afghanistan,2017,5059634,1.0041171,-31.42726
AFG,Afghanistan,Afghanistan,2018,4304555.5,1.2058221,-76.275635
AFG,Afghanistan,Afghanistan,2019,5771861,0.42566583,78.44963
AFG,Afghanistan,Afghanistan,2020,6241828,-0.17106438,50.387283
AFG,Afghanistan,Afghanistan,2021,4970923,1.4529027,-145.19328
AFG,Afghanistan,Afghanistan,2022,4802495,1.223075,-36.57569
AFG,Afghanistan,Afghanistan,2023,5402975,1.3063666,-85.457344
AFG,Afghanistan,Afghanistan,2024,6215646.1,0.96365935,52.947258
AGO,Angola,Angola,1961,544000,-1.0469842,237.0992
AGO,Angola,Angola,1962,543000,-0.97697,61.359005
AGO,Angola,Angola,1963,515000,-1.1824292,120.56012
AGO,Angola,Angola,1964,564000,-0.9961421,-51.91372
AGO,Angola,Angola,1965,562000,-1.0228273,71.81628
AGO,Angola,Angola,1966,502000,-0.48720932,58.02993
AGO,Angola,Angola,1967,515000,-1.1332825,188.3619
AGO,Angola,Angola,1968,526148,-1.0306439,11.572787
AGO,Angola,Angola,1969,648090,-0.82886666,198.62485
AGO,Angola,Angola,1970,575915,-0.636699,1.6115067
AGO,Angola,Angola,1971,522928,-0.96508425,-71.355354
AGO,Angola,Angola,1972,513417,-0.99165964,-12.744779
AGO,Angola,Angola,1973,548578,-0.44645706,-122.64544
AGO,Angola,Angola,1974,513764,-1.3799014,-9.923163
AGO,Angola,Angola,1975,558000,-1.1013923,-50.97707
AGO,Angola,Angola,1976,563000,-1.4411381,158.32846
AGO,Angola,Angola,1977,430000,-0.6407946,-8.632966
AGO,Angola,Angola,1978,475000,-0.883859,-92.47809
AGO,Angola,Angola,1979,361000,-0.6592719,32.832355
AGO,Angola,Angola,1980,435000,-0.2683805,-248.62732
AGO,Angola,Angola,1981,316000,-0.46735716,-162.8109
AGO,Angola,Angola,1982,315000,-0.6862869,-31.457714
AGO,Angola,Angola,1983,337000,-0.18157022,-53.4042
AGO,Angola,Angola,1984,321000,-0.5018112,40.34211
AGO,Angola,Angola,1985,308000,-0.6200388,-170.09824
AGO,Angola,Angola,1986,341400,-0.718746,68.54327
AGO,Angola,Angola,1987,364400,0.032012463,-37.171307
AGO,Angola,Angola,1988,334400,-0.31601778,129.25066
AGO,Angola,Angola,1989,272400,-0.39725748,-95.365715
AGO,Angola,Angola,1990,248500,-0.19987933,82.11178
AGO,Angola,Angola,1991,372060,-0.3694806,-6.8636303
AGO,Angola,Angola,1992,401800,-0.4236668,-41.36004
AGO,Angola,Angola,1993,322000,-0.4175353,79.85253
AGO,Angola,Angola,1994,285000,-0.3399631,-54.678074
AGO,Angola,Angola,1995,296000,0.04784298,-21.494942
AGO,Angola,Angola,1996,519375.76,-0.057562828,-117.73096
AGO,Angola,Angola,1997,448888.12,-0.18669319,-9.576511
AGO,Angola,Angola,1998,609612,0.40755287,39.017433
AGO,Angola,Angola,1999,541183,-0.40603796,94.62083
AGO,Angola,Angola,2000,519635,-0.37275887,-74.30775
AGO,Angola,Angola,2001,601120,-0.35725722,27.164509
AGO,Angola,Angola,2002,733819,-0.16357327,101.00645
AGO,Angola,Angola,2003,736542.08,-0.015617211,2.7455354
AGO,Angola,Angola,2004,742341.31,-0.3553494,15.68469
AGO,Angola,Angola,2005,914886,0.20475626,-4.653619
AGO,Angola,Angola,2006,723305,-0.5190479,85.31828
AGO,Angola,Angola,2007,780963,-0.14426534,-35.240376
AGO,Angola,Angola,2008,754711,-0.24937408,10.074275
AGO,Angola,Angola,2009,1056844,0.021330675,8.358238
AGO,Angola,Angola,2010,1181944,0.12003342,67.26311
AGO,Angola,Angola,2011,1412826,-0.36334214,95.81289
AGO,Angola,Angola,2012,510531.7,-0.06720146,-78.01453
AGO,Angola,Angola,2013,1674800.9,0.16114013,-59.758595
AGO,Angola,Angola,2014,1825128.8,0.18563397,-33.752434
AGO,Angola,Angola,2015,2021290.7,0.58690405,-45.664608
AGO,Angola,Angola,2016,2372602.1,0.6587278,42.25536
AGO,Angola,Angola,2017,2483183.1,0.4435905,-78.9694
AGO,Angola,Angola,2018,2871952.3,0.53324795,-9.3819685
AGO,Angola,Angola,2019,2918493.2,1.0363283,-74.42383
AGO,Angola,Angola,2020,3077110,0.4016482,76.697105
AGO,Angola,Angola,2021,3059537,0.34112534,-164.4236
AGO,Angola,Angola,2022,3179113,0.072407246,-81.260155
AGO,Angola,Angola,2023,3341642,0.5687213,50.158474
AGO,Angola,Angola,2024,3501375,0.788143,-18.478241
ALB,Albania,Albania,1961,293932,0.014209986,-290.938
ALB,Albania,Albania,1962,313508,-0.32760856,320.1947
ALB,Albania,Albania,1963,293449,-0.65970325,475.8025
ALB,Albania,Albania,1964,350144,-1.0177317,147.56226
ALB,Albania,Albania,1965,335293,-1.5146604,-26.677183
ALB,Albania,Albania,1966,433094,-0.682641,423.03925
ALB,Albania,Albania,1967,487464,-0.66068816,-123.14649
ALB,Albania,Albania,1968,502090,-0.41132545,85.98514
ALB,Albania,Albania,1969,528519,-0.36646318,246.70216
ALB,Albania,Albania,1970,538749,-0.445259,350.73456
ALB,Albania,Albania,1971,547485,-0.72964627,93.69224
ALB,Albania,Albania,1972,585830,-0.60047317,286.3069
ALB,Albania,Albania,1973,625498,-0.78859216,119.77957
ALB,Albania,Albania,1974,646200,-0.69544774,193.33011
ALB,Albania,Albania,1975,666500,-0.70470244,-264.86533
ALB,Albania,Albania,1976,857000,-1.210515,161.76814
ALB,Albania,Albania,1977,910400,-0.06577615,-130.64642
ALB,Albania,Albania,1978,932800,-1.1444925,208.1176
ALB,Albania,Albania,1979,963800,-0.53137827,366.14145
ALB,Albania,Albania,1980,880600,-1.1118408,262.2297
ALB,Albania,Albania,1981,904200,-0.90578336,202.71674
ALB,Albania,Albania,1982,970400,-0.20829059,-249.07394
ALB,Albania,Albania,1983,1067000,-0.8191672,-230.17076
ALB,Albania,Albania,1984,1039400,-0.578542,-163.46605
ALB,Albania,Albania,1985,994900,-0.1712147,13.080768
ALB,Albania,Albania,1986,1046000,-0.30470762,-38.184097
ALB,Albania,Albania,1987,1025800,-0.32567585,-6.211896
ALB,Albania,Albania,1988,997630,-0.35708094,-192.9974
ALB,Albania,Albania,1989,1033350,-0.6421922,-181.21143
ALB,Albania,Albania,1990,897000,0.019948184,-307.75378
ALB,Albania,Albania,1991,446152,-1.2654248,-108.47952
ALB,Albania,Albania,1992,428918.16,-0.6397197,-266.66022
ALB,Albania,Albania,1993,665720,-0.5184404,-169.9802
ALB,Albania,Albania,1994,646026,0.56471485,-333.86432
ALB,Albania,Albania,1995,645400,-0.8153963,137.5099
ALB,Albania,Albania,1996,503714,-0.7006421,253.4583
ALB,Albania,Albania,1997,602043,-0.50424504,-295.04956
ALB,Albania,Albania,1998,605746,-0.19825058,-2.3946
ALB,Albania,Albania,1999,497500,0.13750525,45.47312
ALB,Albania,Albania,2000,565800,-0.05555145,-280.0003
ALB,Albania,Albania,2001,502500,-0.10823031,-94.65013
ALB,Albania,Albania,2002,518800,-0.040483575,11.489244
ALB,Albania,Albania,2003,488500,0.061526537,-79.09251
ALB,Albania,Albania,2004,498800,-0.43136677,244.17793
ALB,Albania,Albania,2005,511200,-1.0745565,230.88776
ALB,Albania,Albania,2006,507500,-0.81884193,-164.16878
ALB,Albania,Albania,2007,493600,0.27668035,-182.38115
ALB,Albania,Albania,2008,608500,0.13041376,-148.45389
ALB,Albania,Albania,2009,630900,0.19552816,259.98276
ALB,Albania,Albania,2010,693800,0.11850534,663.5523
ALB,Albania,Albania,2011,701200,-0.022100529,-403.4005
ALB,Albania,Albania,2012,697400,0.4067483,116.99118
ALB,Albania,Albania,2013,702870,0.5392049,144.42639
ALB,Albania,Albania,2014,700370,0.4972982,142.65121
ALB,Albania,Albania,2015,695000,0.58233005,-90.0642
ALB,Albania,Albania,2016,698430,0.5396488,290.75824
ALB,Albania,Albania,2017,701734,0.4781743,-99.29814
ALB,Albania,Albania,2018,678196,1.0687194,284.65427
ALB,Albania,Albania,2019,666065,0.88764316,7.400481
ALB,Albania,Albania,2020,684023,0.7086083,-115.47509
ALB,Albania,Albania,2021,691126.7,0.49169007,307.77505
ALB,Albania,Albania,2022,690850,0.8681752,-34.020947
ALB,Albania,Albania,2023,701314.38,1.1889988,187.19653
ALB,Albania,Albania,2024,649919.4,1.8030567,-32.970295
ARE,United Arab Emirates,United Arab Emirates,1961,0,-1.315956,-14.828983
ARE,United Arab Emirates,United Arab Emirates,1962,0,-0.8384512,-34.873703
ARE,United Arab Emirates,United Arab Emirates,1963,0,-1.1258448,11.766047
ARE,United Arab Emirates,United Arab Emirates,1964,0,-1.7712752,51.485703
ARE,United Arab Emirates,United Arab Emirates,1965,0,-1.5025786,56.18167
ARE,United Arab Emirates,United Arab Emirates,1966,0,-1.2185287,-22.15789
ARE,United Arab Emirates,United Arab Emirates,1967,0,-1.5552378,-14.93943
ARE,United Arab Emirates,United Arab Emirates,1968,0,-1.8647543,19.434639
ARE,United Arab Emirates,United Arab Emirates,1969,0,-1.1715142,29.838818
ARE,United Arab Emirates,United Arab Emirates,1970,0,-1.353686,-22.00621
ARE,United Arab Emirates,United Arab Emirates,1971,0,-1.7236204,-28.664476
ARE,United Arab Emirates,United Arab Emirates,1972,0,-1.8599497,86.1132
ARE,United Arab Emirates,United Arab Emirates,1973,0,-1.2457191,-25.170895
ARE,United Arab Emirates,United Arab Emirates,1974,0,-1.3786836,-9.286935
ARE,United Arab Emirates,United Arab Emirates,1975,0,-1.2867298,-20.880526
ARE,United Arab Emirates,United Arab Emirates,1976,0,-1.5829053,32.05909
ARE,United Arab Emirates,United Arab Emirates,1977,14,-0.76572114,5.0517898
ARE,United Arab Emirates,United Arab Emirates,1978,242,-1.2781638,-14.314702
ARE,United Arab Emirates,United Arab Emirates,1979,785,-0.66749716,1.666008
ARE,United Arab Emirates,United Arab Emirates,1980,906,-0.46167898,-25.19961
ARE,United Arab Emirates,United Arab Emirates,1981,757,-0.60815525,-31.037699
ARE,United Arab Emirates,United Arab Emirates,1982,1780,-1.643459,77.817314
ARE,United Arab Emirates,United Arab Emirates,1983,1276,-1.848299,92.49658
ARE,United Arab Emirates,United Arab Emirates,1984,1536,-1.0562938,-28.220465
ARE,United Arab Emirates,United Arab Emirates,1985,1300,-0.74834967,-32.401176
ARE,United Arab Emirates,United Arab Emirates,1986,1175,-0.69168854,-11.404938
ARE,United Arab Emirates,United Arab Emirates,1987,874,-0.72211,1.7176499
ARE,United Arab Emirates,United Arab Emirates,1988,544,-0.6907237,72.470436
ARE,United Arab Emirates,United Arab Emirates,1989,1201,-1.2485273,53.41176
ARE,United Arab Emirates,United Arab Emirates,1990,6428.28,-0.7176933,29.134739
ARE,United Arab Emirates,United Arab Emirates,1991,6013.62,-1.3057367,-13.879431
ARE,United Arab Emirates,United Arab Emirates,1992,6779.49,-1.8197832,61.517418
ARE,United Arab Emirates,United Arab Emirates,1993,4492.44,-0.90526456,38.724155
ARE,United Arab Emirates,United Arab Emirates,1994,4952,-0.6183947,-34.661312
ARE,United Arab Emirates,United Arab Emirates,1995,4972,-1.0032,56.069435
ARE,United Arab Emirates,United Arab Emirates,1996,4701,-0.4494311,43.258095
ARE,United Arab Emirates,United Arab Emirates,1997,4498,-1.0000366,96.54046
ARE,United Arab Emirates,United Arab Emirates,1998,4308.68,0.5177199,5.3053007
ARE,United Arab Emirates,United Arab Emirates,1999,4046.85,0.3187283,-24.32877
ARE,United Arab Emirates,United Arab Emirates,2000,4037.21,-0.16683562,-35.963024
ARE,United Arab Emirates,United Arab Emirates,2001,3642.89,-0.13840978,-36.874565
ARE,United Arab Emirates,United Arab Emirates,2002,3133.91,-0.072845936,-1.9864775
ARE,United Arab Emirates,United Arab Emirates,2003,2372.56,0.18174362,-15.128675
ARE,United Arab Emirates,United Arab Emirates,2004,2210.4,0.10138941,-16.778814
ARE,United Arab Emirates,United Arab Emirates,2005,2156.96,0.10563198,-12.38807
ARE,United Arab Emirates,United Arab Emirates,2006,2216.51,0.22333796,18.075184
ARE,United Arab Emirates,United Arab Emirates,2007,1860,0.26749325,-24.461922
ARE,United Arab Emirates,United Arab Emirates,2008,2378,-0.1593364,-15.098314
ARE,United Arab Emirates,United Arab Emirates,2009,3401,0.2667335,3.0496655
ARE,United Arab Emirates,United Arab Emirates,2010,5336,0.889929,-16.69148
ARE,United Arab Emirates,United Arab Emirates,2011,4590.17,0.3900299,-25.310247
ARE,United Arab Emirates,United Arab Emirates,2012,3779,0.57456416,-31.872639
ARE,United Arab Emirates,United Arab Emirates,2013,772,-0.26003727,20.532747
ARE,United Arab Emirates,United Arab Emirates,2014,2580,-0.035023373,-8.670822
ARE,United Arab Emirates,United Arab Emirates,2015,3695,0.8800605,-26.665245
ARE,United Arab Emirates,United Arab Emirates,2016,5988,0.18569739,11.491966
ARE,United Arab Emirates,United Arab Emirates,2017,17143,0.90779096,-0.2396613
ARE,United Arab Emirates,United Arab Emirates,2018,8169.54,0.9187126,-31.41504
ARE,United Arab Emirates,United Arab Emirates,2019,26072.05,0.65819436,-4.5275917
ARE,United Arab Emirates,United Arab Emirates,2020,26405,0.54658574,22.37767
ARE,United Arab Emirates,United Arab Emirates,2021,23474.84,1.0518517,-35.059505
ARE,United Arab Emirates,United Arab Emirates,2022,21429,0.8365796,-10.917804
ARE,United Arab Emirates,United Arab Emirates,2023,19133,0.9368245,-4.389453
ARE,United Arab Emirates,United Arab Emirates,2024,20216.3,0.9827673,88.05374
ARG,Argentina,Argentina,1961,14512100,-0.22397895,-17.59024
ARG,Argentina,Argentina,1962,13961600,-0.40806904,-159.31036
ARG,Argentina,Argentina,1963,17331100,-0.46607104,76.01808
ARG,Argentina,Argentina,1964,20821300,-0.769574,-107.16897
ARG,Argentina,Argentina,1965,13843800,-0.36615464,-92.22275
ARG,Argentina,Argentina,1966,17317600,-0.5811557,-34.61361
ARG,Argentina,Argentina,1967,19575100,-0.2773334,135.09348
ARG,Argentina,Argentina,1968,16296600,-0.0066517196,49.040142
ARG,Argentina,Argentina,1969,18477000,0.02329882,46.19792
ARG,Argentina,Argentina,1970,19922000,-0.08928442,-20.072971
ARG,Argentina,Argentina,1971,21975800,-0.5707101,-54.976624
ARG,Argentina,Argentina,1972,18834100,-0.48675355,97.501274
ARG,Argentina,Argentina,1973,23861300,-0.6510026,114.04524
ARG,Argentina,Argentina,1974,23608900,-0.6713087,-0.7303485
ARG,Argentina,Argentina,1975,23040800,-0.46998549,40.099674
ARG,Argentina,Argentina,1976,24891700,-1.0365916,17.516872
ARG,Argentina,Argentina,1977,22506800,0.042402625,34.152702
ARG,Argentina,Argentina,1978,27700200,-0.035913426,40.904274
ARG,Argentina,Argentina,1979,25071000,-0.25252342,70.256905
ARG,Argentina,Argentina,1980,18652400,-0.040824454,57.44613
ARG,Argentina,Argentina,1981,30014200,-0.11088777,49.223934
ARG,Argentina,Argentina,1982,34328400,-0.08694458,77.675064
ARG,Argentina,Argentina,1983,31687000,-0.41305694,40.551044
ARG,Argentina,Argentina,1984,31849300,-1.0188441,237.15837
ARG,Argentina,Argentina,1985,28074800,-0.0759904,163.94113
ARG,Argentina,Argentina,1986,26130800,-0.055182617,112.09495
ARG,Argentina,Argentina,1987,22947900,-0.25616264,66.55906
ARG,Argentina,Argentina,1988,22336300,-0.44314137,-96.73003
ARG,Argentina,Argentina,1989,18133270,0.1991928,-62.65141
ARG,Argentina,Argentina,1990,19142700,-0.17349704,109.21432
ARG,Argentina,Argentina,1991,21685460,-0.44830212,165.12955
ARG,Argentina,Argentina,1992,25497920,-0.9168598,163.57779
ARG,Argentina,Argentina,1993,25230481,-0.43905067,49.337803
ARG,Argentina,Argentina,1994,25359301,0.18790706,31.863
ARG,Argentina,Argentina,1995,24320069,-0.15684624,-104.48846
ARG,Argentina,Argentina,1996,30461049,-0.14694755,35.93544
ARG,Argentina,Argentina,1997,35392020,0.16950536,124.41092
ARG,Argentina,Argentina,1998,37775052,-0.074077524,58.51994
ARG,Argentina,Argentina,1999,34638378,-0.3622938,58.010185
ARG,Argentina,Argentina,2000,38464615,-0.842931,163.54208
ARG,Argentina,Argentina,2001,35800425,-0.1406668,144.49313
ARG,Argentina,Argentina,2002,31930891,-0.34201214,154.9278
ARG,Argentina,Argentina,2003,34637080,0.17602026,-41.948914
ARG,Argentina,Argentina,2004,35407991,0.12867709,-57.366653
ARG,Argentina,Argentina,2005,38401634,-0.21533298,-48.76042
ARG,Argentina,Argentina,2006,34088722,0.35693455,-35.43645
ARG,Argentina,Argentina,2007,43758359,-0.5987323,-12.700171
ARG,Argentina,Argentina,2008,36846872,0.30088767,-107.8092
ARG,Argentina,Argentina,2009,26662032,0.3929423,-115.62167
ARG,Argentina,Argentina,2010,46628492,-0.20352285,-89.66649
ARG,Argentina,Argentina,2011,49349166,0.07307998,-112.6376
ARG,Argentina,Argentina,2012,40712638,0.49670744,-24.00395
ARG,Argentina,Argentina,2013,51796533,0.37373292,-169.90103
ARG,Argentina,Argentina,2014,55535815,0.29295516,67.40246
ARG,Argentina,Argentina,2015,53364962,0.43389192,25.927767
ARG,Argentina,Argentina,2016,68228187,-0.06674305,12.882087
ARG,Argentina,Argentina,2017,76520392,0.44100508,31.468561
ARG,Argentina,Argentina,2018,71533692,0.255157,-56.1258
ARG,Argentina,Argentina,2019,83934094,0.31223404,-97.84634
ARG,Argentina,Argentina,2020,83569978,0.5626785,-213.11536
ARG,Argentina,Argentina,2021,92198347,0.5455362,-184.7344
ARG,Argentina,Argentina,2022,81989897,0.07186997,-252.7905
ARG,Argentina,Argentina,2023,65403922,0.96324605,-172.89969
ARG,Argentina,Argentina,2024,85727346,0.61310333,-144.33966
ARM,Armenia,Armenia,1992,299949,-2.416466,-7.055291
ARM,Armenia,Armenia,1993,306410,-1.8755955,8.093494
ARM,Armenia,Armenia,1994,227620,-0.72154474,54.530106
ARM,Armenia,Armenia,1995,248200,-0.36655375,-84.25869
ARM,Armenia,Armenia,1996,312800,-0.08237487,-84.2836
ARM,Armenia,Armenia,1997,254180,-0.76351315,-32.43271
ARM,Armenia,Armenia,1998,322730,0.615123,-100.05988
ARM,Armenia,Armenia,1999,292212,0.53566074,10.588486
ARM,Armenia,Armenia,2000,216970,-0.09786647,-170.2253
ARM,Armenia,Armenia,2001,360144,0.6257909,-72.67277
ARM,Armenia,Armenia,2002,407583,-0.2193833,126.04244
ARM,Armenia,Armenia,2003,305303,-0.6063315,84.455055
ARM,Armenia,Armenia,2004,451641,-0.34540108,-9.950514
ARM,Armenia,Armenia,2005,391829,-0.09672413,70.750534
ARM,Armenia,Armenia,2006,208587,0.28216615,-37.85265
ARM,Armenia,Armenia,2007,447554,-0.44417286,107.21833
ARM,Armenia,Armenia,2008,409182,0.03216058,-60.103016
ARM,Armenia,Armenia,2009,369076.6,-0.17948312,138.57571
ARM,Armenia,Armenia,2010,321954,2.0224278,61.13869
ARM,Armenia,Armenia,2011,435470,-0.726695,80.870186
ARM,Armenia,Armenia,2012,451049,0.35381177,11.11
ARM,Armenia,Armenia,2013,543659,0.08347074,-13.794398
ARM,Armenia,Armenia,2014,574673,0.81334573,-24.649284
ARM,Armenia,Armenia,2015,595756.6,0.776906,58.60423
ARM,Armenia,Armenia,2016,598966,-0.07034352,158.40201
ARM,Armenia,Armenia,2017,298029,0.15112664,-137.15596
ARM,Armenia,Armenia,2018,334342,1.6952863,58.16204
ARM,Armenia,Armenia,2019,195063,0.81977004,-126.86094
ARM,Armenia,Armenia,2020,242010.7,0.6108728,-41.321644
ARM,Armenia,Armenia,2021,149802,1.1833401,-111.19128
ARM,Armenia,Armenia,2022,239505.3,0.91634613,-166.30347
ARM,Armenia,Armenia,2023,287928.5,1.6236995,25.12499
ARM,Armenia,Armenia,2024,215133.3,1.344953,90.74339
ATG,Antigua and Barbuda,Antigua and Barbuda,1966,30,-0.2567234,-134.75726
ATG,Antigua and Barbuda,Antigua and Barbuda,1967,18,-0.42369524,-239.4459
ATG,Antigua and Barbuda,Antigua and Barbuda,1968,30,-0.37651253,-287.0228
ATG,Antigua and Barbuda,Antigua and Barbuda,1969,45,0.16439629,-162.79816
ATG,Antigua and Barbuda,Antigua and Barbuda,1970,60,-0.13252704,-73.49609
ATG,Antigua and Barbuda,Antigua and Barbuda,1971,80,-0.5229766,-325.96515
ATG,Antigua and Barbuda,Antigua and Barbuda,1972,92,-0.43235716,-120.14125
ATG,Antigua and Barbuda,Antigua and Barbuda,1973,28,-0.34132066,-46.80942
ATG,Antigua and Barbuda,Antigua and Barbuda,1974,37,-0.8872598,54.71493
ATG,Antigua and Barbuda,Antigua and Barbuda,1975,60,-0.7423827,-164.20197
ATG,Antigua and Barbuda,Antigua and Barbuda,1976,51,-0.8271656,-161.29707
ATG,Antigua and Barbuda,Antigua and Barbuda,1977,30,-0.44307646,-75.08777
ATG,Antigua and Barbuda,Antigua and Barbuda,1978,35,-0.3007145,-99.39502
ATG,Antigua and Barbuda,Antigua and Barbuda,1979,96,-0.3288466,209.30363
ATG,Antigua and Barbuda,Antigua and Barbuda,1980,29,-0.025128046,-303.58243
ATG,Antigua and Barbuda,Antigua and Barbuda,1981,45,-0.039158504,64.06476
ATG,Antigua and Barbuda,Antigua and Barbuda,1982,59,-0.5345707,-17.263634
ATG,Antigua and Barbuda,Antigua and Barbuda,1983,68,-0.13561694,-128.8769
ATG,Antigua and Barbuda,Antigua and Barbuda,1984,29,-0.6779957,-90.291245
ATG,Antigua and Barbuda,Antigua and Barbuda,1985,38,-0.7314345,-124.01698
ATG,Antigua and Barbuda,Antigua and Barbuda,1986,40,-0.595321,-107.89036
ATG,Antigua and Barbuda,Antigua and Barbuda,1987,48,0.024819056,305.99667
ATG,Antigua and Barbuda,Antigua and Barbuda,1988,57,-0.20305824,-118.64589
ATG,Antigua and Barbuda,Antigua and Barbuda,1989,60,-0.6249688,-150.60257
ATG,Antigua and Barbuda,Antigua and Barbuda,1990,50,-0.2648945,-7.064088
ATG,Antigua and Barbuda,Antigua and Barbuda,1991,55,-0.37531725,-264.51706
ATG,Antigua and Barbuda,Antigua and Barbuda,1992,50.95,-0.26471138,-131.54814
ATG,Antigua and Barbuda,Antigua and Barbuda,1993,50.22,-0.24608295,-133.45454
ATG,Antigua and Barbuda,Antigua and Barbuda,1994,49.43,-0.43245888,-319.58792
ATG,Antigua and Barbuda,Antigua and Barbuda,1995,45,0.06715711,197.60587
ATG,Antigua and Barbuda,Antigua and Barbuda,1996,48.63,-0.31482634,98.46951
ATG,Antigua and Barbuda,Antigua and Barbuda,1997,48.94,0.012431462,-201.3676
ATG,Antigua and Barbuda,Antigua and Barbuda,1998,49.35,0.39019585,260.47208
ATG,Antigua and Barbuda,Antigua and Barbuda,1999,49.73,-0.11267281,195.58694
ATG,Antigua and Barbuda,Antigua and Barbuda,2000,48,-0.30060515,-219.60661
ATG,Antigua and Barbuda,Antigua and Barbuda,2001,50.77,-0.04581642,-265.56705
ATG,Antigua and Barbuda,Antigua and Barbuda,2002,50,0.038030624,-216.10378
ATG,Antigua and Barbuda,Antigua and Barbuda,2003,55,0.10763105,-66.464645
ATG,Antigua and Barbuda,Antigua and Barbuda,2004,60,-0.06980833,485.82056
ATG,Antigua and Barbuda,Antigua and Barbuda,2005,61.12,0.39722252,332.30188
ATG,Antigua and Barbuda,Antigua and Barbuda,2006,65,0.15319888,85.96684
ATG,Antigua and Barbuda,Antigua and Barbuda,2007,64.85,0.14346631,-9.384378
ATG,Antigua and Barbuda,Antigua and Barbuda,2008,68,-0.29748726,2.7587566
ATG,Antigua and Barbuda,Antigua and Barbuda,2009,66.32,-0.08024788,-72.431786
ATG,Antigua and Barbuda,Antigua and Barbuda,2010,63.44,0.5891679,335.31073
ATG,Antigua and Barbuda,Antigua and Barbuda,2011,71.88,0.042849857,400.2712
ATG,Antigua and Barbuda,Antigua and Barbuda,2012,70.12,0.07739576,97.670334
ATG,Antigua and Barbuda,Antigua and Barbuda,2013,71.77,-0.048084896,13.939633
ATG,Antigua and Barbuda,Antigua and Barbuda,2014,72.08,-0.10283852,-50.456272
ATG,Antigua and Barbuda,Antigua and Barbuda,2015,74.57,0.10512861,-267.84253
ATG,Antigua and Barbuda,Antigua and Barbuda,2016,64.71,0.22815005,78.448074
ATG,Antigua and Barbuda,Antigua and Barbuda,2017,51.47,0.10846011,79.08513
ATG,Antigua and Barbuda,Antigua and Barbuda,2018,36.94,-0.17115211,-200.06203
ATG,Antigua and Barbuda,Antigua and Barbuda,2019,51.04,0.12343916,-209.29073
ATG,Antigua and Barbuda,Antigua and Barbuda,2020,55.67,0.27817598,-36.022408
ATG,Antigua and Barbuda,Antigua and Barbuda,2021,47.88,0.09828249,-339.33377
ATG,Antigua and Barbuda,Antigua and Barbuda,2022,51.53,-0.011758804,-107.60997
ATG,Antigua and Barbuda,Antigua and Barbuda,2023,51.69,0.5117982,0.7560421
ATG,Antigua and Barbuda,Antigua and Barbuda,2024,50.37,1.0138149,116.4005
AUS,Australia,Australia,1961,9149882,0.1565694,-136.95549
AUS,Australia,Australia,1962,11143648,-0.12857158,-16.807766
AUS,Australia,Australia,1963,11812267,-0.38076082,43.887814
AUS,Australia,Australia,1964,13001568,-0.34422478,-25.27423
AUS,Australia,Australia,1965,9684056,0.09392444,-69.23662
AUS,Australia,Australia,1966,16585035,-0.61003757,-80.97984
AUS,Australia,Australia,1967,9873734,-0.42872372,-35.60614
AUS,Australia,Australia,1968,18905065,-0.7852722,57.623024
AUS,Australia,Australia,1969,14250318,-0.23369963,-105.89469
AUS,Australia,Australia,1970,12904533,-0.27044868,-145.10902
AUS,Australia,Australia,1971,14840092,-0.6116076,-27.898687
AUS,Australia,Australia,1972,10781927,-0.18502347,-103.20552
AUS,Australia,Australia,1973,16997800,-0.12978093,118.0779
AUS,Australia,Australia,1974,16367969,-1.5830919,259.10165
AUS,Australia,Australia,1975,17767379,-0.93849045,115.6723
AUS,Australia,Australia,1976,17448064,-1.2122774,44.61578
AUS,Australia,Australia,1977,14417267,-0.522157,-1.5199103
AUS,Australia,Australia,1978,25274482,-0.8228976,50.14866
AUS,Australia,Australia,1979,23343860,-0.11699454,-10.65468
AUS,Australia,Australia,1980,16402312,0.3096024,-42.562996
AUS,Australia,Australia,1981,23703676,-0.19139831,70.28907
AUS,Australia,Australia,1982,14186565,-0.35120663,-53.757736
AUS,Australia,Australia,1983,31068963,-0.087845005,50.937214
AUS,Australia,Australia,1984,28602111,-0.78988093,100.32358
AUS,Australia,Australia,1985,24942194,-0.21229458,-41.931713
AUS,Australia,Australia,1986,24001774,-0.17870784,-53.998646
AUS,Australia,Australia,1987,19899619,-0.21723287,14.894695
AUS,Australia,Australia,1988,21891006,0.29921976,2.3160672
AUS,Australia,Australia,1989,22375364,-0.47389707,3.1825175
AUS,Australia,Australia,1990,23045332,0.07401252,-37.006023
AUS,Australia,Australia,1991,18755948,0.1624531,0.4151857
AUS,Australia,Australia,1992,25158741,-0.5004754,-11.448898
AUS,Australia,Australia,1993,26821877,-0.19126089,27.07174
AUS,Australia,Australia,1994,15490973,-0.13755496,-129.71486
AUS,Australia,Australia,1995,27102900,-0.42722073,55.000385
AUS,Australia,Australia,1996,34662825,0.047048014,-16.990913
AUS,Australia,Australia,1997,31279701,-0.2390337,56.164734
AUS,Australia,Australia,1998,32621200,0.28332654,84.23941
AUS,Australia,Australia,1999,35312800,-0.416468,70.29634
AUS,Australia,Australia,2000,34369764,-0.87973803,202.1252
AUS,Australia,Australia,2001,38829450,-0.7090957,46.2404
AUS,Australia,Australia,2002,19531219,0.14271243,-158.0701
AUS,Australia,Australia,2003,41131142,0.057614487,-16.863237
AUS,Australia,Australia,2004,34779738,-0.089241266,-7.0155926
AUS,Australia,Australia,2005,39749826,0.56028813,-99.6359
AUS,Australia,Australia,2006,20011812,-0.12183905,-22.132343
AUS,Australia,Australia,2007,24176799,0.10473641,15.759261
AUS,Australia,Australia,2008,35211074,-0.15824087,-25.309381
AUS,Australia,Australia,2009,34423904,0.32721806,-37.11485
AUS,Australia,Australia,2010,39137186,-0.41536865,170.17836
AUS,Australia,Australia,2011,42828507,-0.8193019,198.51064
AUS,Australia,Australia,2012,35422825,-0.42759028,-20.993391
AUS,Australia,Australia,2013,39873046,0.7300677,-62.597237
AUS,Australia,Australia,2014,36275176,0.42760572,-7.876744
AUS,Australia,Australia,2015,36175495,0.33910608,-42.131615
AUS,Australia,Australia,2016,50253594,0.23438875,29.897802
AUS,Australia,Australia,2017,33882045,0.30765486,-12.391919
AUS,Australia,Australia,2018,29989113,0.4358829,-87.26661
AUS,Australia,Australia,2019,27435472,0.9589096,-211.89566
AUS,Australia,Australia,2020,49332133,0.41342625,13.549808
AUS,Australia,Australia,2021,54958515,-0.20268767,21.456236
AUS,Australia,Australia,2022,59607883,-0.2931966,99.50871
AUS,Australia,Australia,2023,43120957,0.25953183,-19.492493
AUS,Australia,Australia,2024,52350447,0.6231515,95.377174
AUT,Austria,Austria,1961,2274011,-0.48705283,-125.4378
AUT,Austria,Austria,1962,2305937,-2.247554,-82.918915
AUT,Austria,Austria,1963,2229471,-1.8671178,-128.3323
AUT,Austria,Austria,1964,2349312,-1.3614899,13.189539
AUT,Austria,Austria,1965,2019628,-2.0905716,170.9321
AUT,Austria,Austria,1966,2648957,-0.77458316,213.61594
AUT,Austria,Austria,1967,2934871,-0.9317999,-36.95581
AUT,Austria,Austria,1968,3046205,-1.344313,-95.91808
AUT,Austria,Austria,1969,3406075,-1.5446647,-110.75954
AUT,Austria,Austria,1970,3070552,-1.6562915,98.54777
AUT,Austria,Austria,1971,3545643,-1.1143434,-239.95752
AUT,Austria,Austria,1972,3318492,-1.4912175,-3.1507452
AUT,Austria,Austria,1973,3787094,-1.5117645,-52.145172
AUT,Austria,Austria,1974,4014005,-0.8718098,40.99023
AUT,Austria,Austria,1975,3704116,-0.90176696,-37.563683
AUT,Austria,Austria,1976,4277716,-1.3406137,-112.21704
AUT,Austria,Austria,1977,4203640,-0.8969496,-129.74792
AUT,Austria,Austria,1978,4628713,-1.892723,-135.13531
AUT,Austria,Austria,1979,3982485,-1.5135046,95.92341
AUT,Austria,Austria,1980,4826198,-2.1068869,41.700703
AUT,Austria,Austria,1981,4356211,-1.2295637,35.752926
AUT,Austria,Austria,1982,5026041,-0.82800454,-80.02064
AUT,Austria,Austria,1983,5075517,-0.5716306,-136.815
AUT,Austria,Austria,1984,5353319,-1.6825519,-149.58336
AUT,Austria,Austria,1985,5551181,-1.8163227,-17.832611
AUT,Austria,Austria,1986,5108350,-1.4145957,-118.00966
AUT,Austria,Austria,1987,4964599,-1.4980564,66.52258
AUT,Austria,Austria,1988,5359343,-0.73083997,4.8016095
AUT,Austria,Austria,1989,5009116,-0.6106365,-94.33245
AUT,Austria,Austria,1990,5289752,-0.67048377,-81.47414
AUT,Austria,Austria,1991,5044859,-1.7036031,-38.18939
AUT,Austria,Austria,1992,4322590,-0.32650474,-106.21702
AUT,Austria,Austria,1993,4206456,-0.8756623,-90.372475
AUT,Austria,Austria,1994,4435935,0.6443556,-115.15066
AUT,Austria,Austria,1995,4451882,-0.7017882,51.696903
AUT,Austria,Austria,1996,4494851.9,-1.7395567,70.990654
AUT,Austria,Austria,1997,5010607.2,-0.5565782,-6.6639314
AUT,Austria,Austria,1998,4772664.7,-0.48004937,28.547874
AUT,Austria,Austria,1999,4809095.2,-0.49985728,103.21471
AUT,Austria,Austria,2000,4494383.2,0.31254652,32.762154
AUT,Austria,Austria,2001,4837093.6,-0.50530356,-6.6419477
AUT,Austria,Austria,2002,4762611.9,0.47199628,101.29071
AUT,Austria,Austria,2003,4269509.7,-0.012634019,-273.88336
AUT,Austria,Austria,2004,5323714,-0.5139992,-9.680527
AUT,Austria,Austria,2005,4907056.7,-0.8280029,43.722664
AUT,Austria,Austria,2006,4467510.5,-0.15699027,-88.3947
AUT,Austria,Austria,2007,4766039.2,0.57369035,40.956734
AUT,Austria,Austria,2008,5756463.6,0.41521475,6.400685
AUT,Austria,Austria,2009,5164152.4,0.083855905,124.7621
AUT,Austria,Austria,2010,4866648.5,-0.80743456,67.88282
AUT,Austria,Austria,2011,5712206.5,0.4433452,-214.3163
AUT,Austria,Austria,2012,4883379.2,0.22433643,54.264175
AUT,Austria,Austria,2013,4599433.3,0.030154586,84.61166
AUT,Austria,Austria,2014,5720308.6,1.1758114,135.00417
AUT,Austria,Austria,2015,4853895,1.0680054,-161.42918
AUT,Austria,Austria,2016,5701697.1,0.578493,101.11952
AUT,Austria,Austria,2017,4874849.2,0.39179143,6.851961
AUT,Austria,Austria,2018,4787200,1.2686545,-45.207752
AUT,Austria,Austria,2019,5399310,1.172046,43.327732
AUT,Austria,Austria,2020,5649770,0.85367113,58.74001
AUT,Austria,Austria,2021,5316150,0.010001451,8.919171
AUT,Austria,Austria,2022,5205750,1.2346245,-41.5199
AUT,Austria,Austria,2023,5235050,1.416974,204.0061
AUT,Austria,Austria,2024,4880410,1.9012189,120.65208
AZE,Azerbaijan,Azerbaijan,1992,1325023,-1.839087,56.458332
AZE,Azerbaijan,Azerbaijan,1993,1136987,-2.0160968,52.983917
AZE,Azerbaijan,Azerbaijan,1994,1024216,-1.171311,100.91389
AZE,Azerbaijan,Azerbaijan,1995,909592,0.081867576,-60.80955
AZE,Azerbaijan,Azerbaijan,1996,999404,-0.23868418,-92.01906
AZE,Azerbaijan,Azerbaijan,1997,1074720.7,-0.54335797,58.266766
AZE,Azerbaijan,Azerbaijan,1998,915652,0.42469397,-68.8253
AZE,Azerbaijan,Azerbaijan,1999,1065306.4,0.29640856,-47.444862
AZE,Azerbaijan,Azerbaijan,2000,1496224.2,-0.017532548,-11.033747
AZE,Azerbaijan,Azerbaijan,2001,1955915,0.37200913,-32.975136
AZE,Azerbaijan,Azerbaijan,2002,2133184,-0.22939344,58.512695
AZE,Azerbaijan,Azerbaijan,2003,1993208,-0.7802991,73.19906
AZE,Azerbaijan,Azerbaijan,2004,2086640,-0.01932297,31.938528
AZE,Azerbaijan,Azerbaijan,2005,2056186,0.27130696,-31.127045
AZE,Azerbaijan,Azerbaijan,2006,2011622,0.21292426,-49.410236
AZE,Azerbaijan,Azerbaijan,2007,1943652.6,-0.047985137,4.87676
AZE,Azerbaijan,Azerbaijan,2008,2419910.7,-0.09319234,-6.149353
AZE,Azerbaijan,Azerbaijan,2009,2903361,0.12255261,57.5597
AZE,Azerbaijan,Azerbaijan,2010,1928779,1.5510573,23.838757
AZE,Azerbaijan,Azerbaijan,2011,2370823.1,-0.72321063,114.09497
AZE,Azerbaijan,Azerbaijan,2012,2707274.3,0.5916664,12.326257
AZE,Azerbaijan,Azerbaijan,2013,2856572,0.27220276,9.169782
AZE,Azerbaijan,Azerbaijan,2014,2298047.5,0.7219127,-107.10049
AZE,Azerbaijan,Azerbaijan,2015,2898559,0.5785393,9.466647
AZE,Azerbaijan,Azerbaijan,2016,2965670,-0.039183695,120.56463
AZE,Azerbaijan,Azerbaijan,2017,2824527.1,0.268733,-97.47387
AZE,Azerbaijan,Azerbaijan,2018,3181818,1.1273683,-23.795597
AZE,Azerbaijan,Azerbaijan,2019,3416764.3,0.76523477,-91.215294
AZE,Azerbaijan,Azerbaijan,2020,3151182,0.4848108,-71.54547
AZE,Azerbaijan,Azerbaijan,2021,3258169.4,0.9894235,-151.24792
AZE,Azerbaijan,Azerbaijan,2022,3055969.7,0.875092,-139.79568
AZE,Azerbaijan,Azerbaijan,2023,3153905.6,1.5037956,-16.3767
AZE,Azerbaijan,Azerbaijan,2024,3305280.8,0.9155638,51.05946
BDI,Burundi,Burundi,1961,130000,-0.9719694,605.6334
BDI,Burundi,Burundi,1962,129150,-1.352547,638.8208
BDI,Burundi,Burundi,1963,130080,-0.95005816,431.0327
BDI,Burundi,Burundi,1964,148680,-1.1559049,304.94943
BDI,Burundi,Burundi,1965,148278,-0.953918,231.66197
BDI,Burundi,Burundi,1966,152037,-0.8445382,298.2665
BDI,Burundi,Burundi,1967,154700,-0.9459422,391.78375
BDI,Burundi,Burundi,1968,164900,-1.045248,608.1853
BDI,Burundi,Burundi,1969,162233,-0.63227206,142.95581
BDI,Burundi,Burundi,1970,168887,-0.6938575,324.26898
BDI,Burundi,Burundi,1971,171722,-1.2580061,374.2093
BDI,Burundi,Burundi,1972,155486,-1.2652098,714.0337
BDI,Burundi,Burundi,1973,175827,-0.73259306,221.84424
BDI,Burundi,Burundi,1974,143009,-1.2030749,210.55803
BDI,Burundi,Burundi,1975,179475,-1.3036504,358.51566
BDI,Burundi,Burundi,1976,181600,-1.0867659,313.7755
BDI,Burundi,Burundi,1977,185500,-0.6225316,406.2946
BDI,Burundi,Burundi,1978,202042,-0.7499604,409.3053
BDI,Burundi,Burundi,1979,213400,-0.553847,239.43655
BDI,Burundi,Burundi,1980,216600,-0.5515199,129.9913
BDI,Burundi,Burundi,1981,227000,-0.6000288,321.6478
BDI,Burundi,Burundi,1982,221000,-0.4390235,207.99362
BDI,Burundi,Burundi,1983,227000,-0.13566335,89.38778
BDI,Burundi,Burundi,1984,224000,-0.76364785,194.80792
BDI,Burundi,Burundi,1985,256000,-0.8021054,411.0802
BDI,Burundi,Burundi,1986,266000,-0.5890849,517.9662
BDI,Burundi,Burundi,1987,279300,0.10443226,387.0546
BDI,Burundi,Burundi,1988,291700,-0.2935748,171.04523
BDI,Burundi,Burundi,1989,295900,-0.7335637,247.68689
BDI,Burundi,Burundi,1990,293300,-0.29912534,136.76291
BDI,Burundi,Burundi,1991,299800,-0.47860274,246.09438
BDI,Burundi,Burundi,1992,306100,-0.38791767,118.8225
BDI,Burundi,Burundi,1993,299700,-0.17802334,-72.50897
BDI,Burundi,Burundi,1994,224724,-0.44980893,249.82965
BDI,Burundi,Burundi,1995,269037,-0.18740241,-79.73248
BDI,Burundi,Burundi,1996,272649,-0.40328407,-85.83652
BDI,Burundi,Burundi,1997,304757,-0.13546371,252.80547
BDI,Burundi,Burundi,1998,260539,0.2726628,-16.899103
BDI,Burundi,Burundi,1999,264518,-0.4892613,-234.64174
BDI,Burundi,Burundi,2000,254735,-0.07735872,-379.63837
BDI,Burundi,Burundi,2001,283645,-0.6537468,33.129745
BDI,Burundi,Burundi,2002,292395,-0.18298657,-98.9528
BDI,Burundi,Burundi,2003,282588,0.07342132,-361.52615
BDI,Burundi,Burundi,2004,290589,-0.03600232,-192.77438
BDI,Burundi,Burundi,2005,296951,0.31994358,-173.35364
BDI,Burundi,Burundi,2006,296904,-0.12861188,127.03974
BDI,Burundi,Burundi,2007,301452,-0.10386086,-24.80775
BDI,Burundi,Burundi,2008,297923,-0.30588818,-154.06001
BDI,Burundi,Burundi,2009,310262,0.07437372,-3.7427635
BDI,Burundi,Burundi,2010,323180,0.46115255,-16.313477
BDI,Burundi,Burundi,2011,338093,-0.19918299,240.7493
BDI,Burundi,Burundi,2012,257030.65,-0.13266547,92.76473
BDI,Burundi,Burundi,2013,254198.46,0.09268745,-5.1596813
BDI,Burundi,Burundi,2014,236880.85,0.21588182,0.042182982
BDI,Burundi,Burundi,2015,260287.26,0.45261145,24.080675
BDI,Burundi,Burundi,2016,468248.09,0.7220297,-87.97423
BDI,Burundi,Burundi,2017,375525.86,0.48248258,0.61649203
BDI,Burundi,Burundi,2018,459945.08,0.11939064,217.06535
BDI,Burundi,Burundi,2019,546926.7,0.49630833,208.14375
BDI,Burundi,Burundi,2020,602923,0.7471242,176.73811
BDI,Burundi,Burundi,2021,791465.33,0.44920048,40.247314
BDI,Burundi,Burundi,2022,957805.11,0.4191785,34.02672
BDI,Burundi,Burundi,2023,788933.48,0.7128275,280.55573
BDI,Burundi,Burundi,2024,789542.22,1.169405,246.60709
BEL,Belgium,Belgium,2000,2513100,0.31326365,166.15868
BEL,Belgium,Belgium,2001,2358600,-0.12416489,194.71759
BEL,Belgium,Belgium,2002,2639300,0.40323532,133.22546
BEL,Belgium,Belgium,2003,2560990,0.21208483,-170.57607
BEL,Belgium,Belgium,2004,2931988,-0.26801866,-44.791748
BEL,Belgium,Belgium,2005,2786575,0.056236327,-103.99311
BEL,Belgium,Belgium,2006,2684227,0.39641237,18.680082
BEL,Belgium,Belgium,2007,2718733,0.47951952,92.60635
BEL,Belgium,Belgium,2008,3113270,-0.17181434,46.518684
BEL,Belgium,Belgium,2009,3255409,-0.074684046,-26.80375
BEL,Belgium,Belgium,2010,3041408,-1.3251462,19.87081
BEL,Belgium,Belgium,2011,2939102,0.6066318,-104.22353
BEL,Belgium,Belgium,2012,2957908,-0.31652027,91.80652
BEL,Belgium,Belgium,2013,3097497,-0.82620525,-29.82343
BEL,Belgium,Belgium,2014,3162852,0.9427509,37.27737
BEL,Belgium,Belgium,2015,3163733,0.3164453,-62.76802
BEL,Belgium,Belgium,2016,2287774,0.043857533,37.112507
BEL,Belgium,Belgium,2017,2764392,0.41207585,-29.948866
BEL,Belgium,Belgium,2018,2431020,0.8808928,-120.0871
BEL,Belgium,Belgium,2019,2814390,0.6163032,17.742603
BEL,Belgium,Belgium,2020,2565850,1.2416438,-37.17703
BEL,Belgium,Belgium,2021,2452580,-0.2183876,209.66292
BEL,Belgium,Belgium,2022,2779540,1.2067416,-35.03019
BEL,Belgium,Belgium,2023,2754890,1.1760378,205.87115
BEL,Belgium,Belgium,2024,1932850,1.0621222,234.5481
BEN,Benin,Benin,1961,290434,-0.96321136,-289.5586
BEN,Benin,Benin,1962,286798,-1.1113605,55.908257
BEN,Benin,Benin,1963,278549,-0.69172114,-12.892726
BEN,Benin,Benin,1964,294532,-0.6523048,-237.15074
BEN,Benin,Benin,1965,286772,-0.9081974,-32.65894
BEN,Benin,Benin,1966,262408,-0.73301315,-51.756332
BEN,Benin,Benin,1967,313677,-1.269157,128.63696
BEN,Benin,Benin,1968,291772,-1.1343297,295.30743
BEN,Benin,Benin,1969,274553,-0.8980406,148.55898
BEN,Benin,Benin,1970,284987,-0.71397144,27.891832
BEN,Benin,Benin,1971,238061,-0.99015397,84.37964
BEN,Benin,Benin,1972,271788,-0.72200507,50.796623
BEN,Benin,Benin,1973,344166,-0.35126877,1.4143379
BEN,Benin,Benin,1974,335444,-1.1500012,-47.36482
BEN,Benin,Benin,1975,298579,-1.3256534,-11.616782
BEN,Benin,Benin,1976,277970,-1.4005255,129.68495
BEN,Benin,Benin,1977,326072,-0.7991066,-158.17346
BEN,Benin,Benin,1978,417890,-0.99528426,167.25758
BEN,Benin,Benin,1979,389148,-0.8010147,107.07204
BEN,Benin,Benin,1980,345952,-0.22609012,185.09982
BEN,Benin,Benin,1981,361635,-0.3957348,5.602376
BEN,Benin,Benin,1982,352337,-0.6840296,24.291372
BEN,Benin,Benin,1983,351157,-0.15105486,-217.30229
BEN,Benin,Benin,1984,483030,-0.36565065,-32.997757
BEN,Benin,Benin,1985,535415,-0.41682068,49.78545
BEN,Benin,Benin,1986,496618,-0.51475334,41.352562
BEN,Benin,Benin,1987,400650,0.32465902,-37.566242
BEN,Benin,Benin,1988,556977,-0.15072489,204.25244
BEN,Benin,Benin,1989,565013,-0.6335004,68.98429
BEN,Benin,Benin,1990,545898,-0.12437773,-19.50885
BEN,Benin,Benin,1991,584864,-0.5140336,236.6159
BEN,Benin,Benin,1992,609496,-0.7003145,26.826004
BEN,Benin,Benin,1993,625249,-0.2365427,41.086567
BEN,Benin,Benin,1994,645357,-0.5021303,226.35922
BEN,Benin,Benin,1995,734332,-0.24991305,37.745914
BEN,Benin,Benin,1996,714355,-0.09138171,-22.76223
BEN,Benin,Benin,1997,876553,-0.2682004,3.178675
BEN,Benin,Benin,1998,867173,0.235871,7.0926585
BEN,Benin,Benin,1999,974484,-0.3129902,222.58043
BEN,Benin,Benin,2000,993383,-0.24857982,-56.542084
BEN,Benin,Benin,2001,942790,-0.10949214,-125.8867
BEN,Benin,Benin,2002,1086000,-0.21751244,112.95924
BEN,Benin,Benin,2003,1042770,-0.035574436,6.6876893
BEN,Benin,Benin,2004,1108856,-0.11518177,-150.72812
BEN,Benin,Benin,2005,1151853,0.21279638,-135.74191
BEN,Benin,Benin,2006,1095952,0.17193826,-45.08184
BEN,Benin,Benin,2007,1158679,-0.02032105,-148.68474
BEN,Benin,Benin,2008,1267588,-0.2007839,-65.105995
BEN,Benin,Benin,2009,1508142,0.23537874,-53.96625
BEN,Benin,Benin,2010,1333435.7,0.49456468,8.303187
BEN,Benin,Benin,2011,1544233,0.32690653,-238.06076
BEN,Benin,Benin,2012,1576090.5,-0.0656449,195.04523
BEN,Benin,Benin,2013,1791887.9,0.15916793,-133.68294
BEN,Benin,Benin,2014,1714040.4,0.14174747,45.223835
BEN,Benin,Benin,2015,1643227.3,0.2527021,-65.36342
BEN,Benin,Benin,2016,1814288.9,0.49902377,76.17643
BEN,Benin,Benin,2017,1897503.6,0.37934065,-91.118256
BEN,Benin,Benin,2018,2320755.6,0.13416004,61.933582
BEN,Benin,Benin,2019,2177782.8,0.35727072,137.03781
BEN,Benin,Benin,2020,2203105.1,0.28773594,-112.12711
BEN,Benin,Benin,2021,2308912.7,0.75479954,-232.36632
BEN,Benin,Benin,2022,2297372.9,0.054768402,-74.382904
BEN,Benin,Benin,2023,2737481.2,0.7192836,-91.931
BEN,Benin,Benin,2024,2905684.7,0.77169037,-193.17627
BFA,Burkina Faso,Burkina Faso,1961,726079,-1.3800145,-72.08919
BFA,Burkina Faso,Burkina Faso,1962,895048,-1.2685513,96.048676
BFA,Burkina Faso,Burkina Faso,1963,918153,-0.8689683,31.28758
BFA,Burkina Faso,Burkina Faso,1964,1010600,-1.1088632,39.23897
BFA,Burkina Faso,Burkina Faso,1965,953407,-1.3477591,59.424812
BFA,Burkina Faso,Burkina Faso,1966,1000000,-0.8042876,11.195228
BFA,Burkina Faso,Burkina Faso,1967,1035155,-1.1301168,185.1644
BFA,Burkina Faso,Burkina Faso,1968,1084696,-1.0584394,189.81155
BFA,Burkina Faso,Burkina Faso,1969,1037041,-0.52083445,162.01845
BFA,Burkina Faso,Burkina Faso,1970,1065118,-0.4181808,72.78176
BFA,Burkina Faso,Burkina Faso,1971,883608,-0.72512436,126.67662
BFA,Burkina Faso,Burkina Faso,1972,880284,-0.46824613,45.29104
BFA,Burkina Faso,Burkina Faso,1973,831365,-0.09348694,-48.238426
BFA,Burkina Faso,Burkina Faso,1974,1086580,-1.0398978,8.842137
BFA,Burkina Faso,Burkina Faso,1975,1254319,-1.1955866,23.004488
BFA,Burkina Faso,Burkina Faso,1976,995823,-1.415689,106.47737
BFA,Burkina Faso,Burkina Faso,1977,1109843,-0.804805,-12.109634
BFA,Burkina Faso,Burkina Faso,1978,1169854,-0.6208925,176.41891
BFA,Burkina Faso,Burkina Faso,1979,1180823,-0.7371383,111.58051
BFA,Burkina Faso,Burkina Faso,1980,1047988,-0.058714073,101.72586
BFA,Burkina Faso,Burkina Faso,1981,1270034,-0.42655054,105.74351
BFA,Burkina Faso,Burkina Faso,1982,1209967,-0.7110858,12.277293
BFA,Burkina Faso,Burkina Faso,1983,1119418,-0.00502189,-121.33911
BFA,Burkina Faso,Burkina Faso,1984,1089368,-0.1645449,-9.098231
BFA,Burkina Faso,Burkina Faso,1985,1583270,-0.422685,25.110723
BFA,Burkina Faso,Burkina Faso,1986,1889857,-0.5061188,118.39476
BFA,Burkina Faso,Burkina Faso,1987,1637101,0.36518717,-89.67783
BFA,Burkina Faso,Burkina Faso,1988,2100562,-0.29753876,142.00623
BFA,Burkina Faso,Burkina Faso,1989,1951671,-0.70586663,77.03052
BFA,Burkina Faso,Burkina Faso,1990,1517900,-0.11579418,-63.462654
BFA,Burkina Faso,Burkina Faso,1991,2454900,-0.461665,16.821123
BFA,Burkina Faso,Burkina Faso,1992,2478600,-0.729924,62.908638
BFA,Burkina Faso,Burkina Faso,1993,2527355,-0.06900406,-69.07444
BFA,Burkina Faso,Burkina Faso,1994,2232037,-0.6900261,137.69878
BFA,Burkina Faso,Burkina Faso,1995,2307988,-0.5351124,22.893293
BFA,Burkina Faso,Burkina Faso,1996,2481805,-0.1660881,-47.42209
BFA,Burkina Faso,Burkina Faso,1997,2013552,-0.4056387,3.7318025
BFA,Burkina Faso,Burkina Faso,1998,2656756,-0.040889103,54.59417
BFA,Burkina Faso,Burkina Faso,1999,2699886,-0.5523462,109.03625
BFA,Burkina Faso,Burkina Faso,2000,2279246.5,-0.36269316,12.230289
BFA,Burkina Faso,Burkina Faso,2001,3109092,-0.08343967,-29.22367
BFA,Burkina Faso,Burkina Faso,2002,3119050,0.07652029,-65.02875
BFA,Burkina Faso,Burkina Faso,2003,3564281,-0.049667995,122.30557
BFA,Burkina Faso,Burkina Faso,2004,2901973,0.13898993,-165.91827
BFA,Burkina Faso,Burkina Faso,2005,3649533,0.31435266,-66.255875
BFA,Burkina Faso,Burkina Faso,2006,3680674,0.07397715,-60.587547
BFA,Burkina Faso,Burkina Faso,2007,3108811,0.04759566,-83.32653
BFA,Burkina Faso,Burkina Faso,2008,4358518,-0.3262682,-44.3672
BFA,Burkina Faso,Burkina Faso,2009,3626638,0.37297264,-35.45186
BFA,Burkina Faso,Burkina Faso,2010,4560546,0.52376145,116.41058
BFA,Burkina Faso,Burkina Faso,2011,3666404,0.43563366,-135.60283
BFA,Burkina Faso,Burkina Faso,2012,4898544,-0.03077046,103.69833
BFA,Burkina Faso,Burkina Faso,2013,4869722,0.23414023,-66.34021
BFA,Burkina Faso,Burkina Faso,2014,4469300,0.30804858,-89.66801
BFA,Burkina Faso,Burkina Faso,2015,4189665,0.19464429,39.22785
BFA,Burkina Faso,Burkina Faso,2016,4567066,0.4609672,-26.763945
BFA,Burkina Faso,Burkina Faso,2017,4063197,0.27398095,-9.214829
BFA,Burkina Faso,Burkina Faso,2018,5180701.8,0.3176826,65.49722
BFA,Burkina Faso,Burkina Faso,2019,4939629.9,0.38889837,36.185432
BFA,Burkina Faso,Burkina Faso,2020,5179104,0.34137377,91.006714
BFA,Burkina Faso,Burkina Faso,2021,4661140,0.7367549,-134.79306
BFA,Burkina Faso,Burkina Faso,2022,5179059,-0.05476761,28.362892
BFA,Burkina Faso,Burkina Faso,2023,5147923.9,0.7157815,-69.19357
BFA,Burkina Faso,Burkina Faso,2024,5209425.4,0.6425732,96.31906
BGD,Bangladesh,Bangladesh,1961,14523696,-0.46486473,-246.17447
BGD,Bangladesh,Bangladesh,1962,13408128,-0.45287594,-223.72214
BGD,Bangladesh,Bangladesh,1963,16042664,-0.33163658,349.9967
BGD,Bangladesh,Bangladesh,1964,15842004,-0.10486587,198.3556
BGD,Bangladesh,Bangladesh,1965,15852140,-0.60084456,441.65533
BGD,Bangladesh,Bangladesh,1966,14464297,-0.3743008,70.16607
BGD,Bangladesh,Bangladesh,1967,16876448,-0.6642224,111.7715
BGD,Bangladesh,Bangladesh,1968,17160028,-0.62168914,242.00227
BGD,Bangladesh,Bangladesh,1969,18187398,-0.32553896,-166.55049
BGD,Bangladesh,Bangladesh,1970,16905215,-0.36816755,118.37569
BGD,Bangladesh,Bangladesh,1971,15088878,-0.9843256,476.64154
BGD,Bangladesh,Bangladesh,1972,15323537,-0.10693741,-397.68146
BGD,Bangladesh,Bangladesh,1973,18021512,-0.2553811,412.99414
BGD,Bangladesh,Bangladesh,1974,17105414,-0.7197668,357.15378
BGD,Bangladesh,Bangladesh,1975,19322564,-0.5035739,-121.0889
BGD,Bangladesh,Bangladesh,1976,17908126,-0.281984,-23.637222
BGD,Bangladesh,Bangladesh,1977,19772481,-0.5766923,-134.0359
BGD,Bangladesh,Bangladesh,1978,19984399,-0.61290044,-338.40543
BGD,Bangladesh,Bangladesh,1979,19658591,0.31235552,-354.0927
BGD,Bangladesh,Bangladesh,1980,21698327,-0.24430704,-260.30267
BGD,Bangladesh,Bangladesh,1981,21591389,-0.63223964,-340.43832
BGD,Bangladesh,Bangladesh,1982,22339648,-0.3640987,-606.2355
BGD,Bangladesh,Bangladesh,1983,22990185,-0.5423263,397.41272
BGD,Bangladesh,Bangladesh,1984,23256274,-0.5414262,0.008454323
BGD,Bangladesh,Bangladesh,1985,24134965,-0.19697571,-384.64017
BGD,Bangladesh,Bangladesh,1986,24266331,-0.26157966,7.264832
BGD,Bangladesh,Bangladesh,1987,24304321,0.054364365,-312.31543
BGD,Bangladesh,Bangladesh,1988,24449929,-0.018842379,205.1127
BGD,Bangladesh,Bangladesh,1989,27886213,-0.39844862,-154.84755
BGD,Bangladesh,Bangladesh,1990,27746673,-0.42327866,299.82208
BGD,Bangladesh,Bangladesh,1991,27794901,-0.3706285,365.41577
BGD,Bangladesh,Bangladesh,1992,28985211,-0.3277831,-400.58667
BGD,Bangladesh,Bangladesh,1993,28036089,-0.53576547,694.2633
BGD,Bangladesh,Bangladesh,1994,26816542,-0.17294295,-241.95334
BGD,Bangladesh,Bangladesh,1995,26813666,-0.012628555,106.03188
BGD,Bangladesh,Bangladesh,1996,29405372,-0.059161823,89.43503
BGD,Bangladesh,Bangladesh,1997,28801743,-0.6193215,53.463005
BGD,Bangladesh,Bangladesh,1998,28105119,-0.04564317,256.98535
BGD,Bangladesh,Bangladesh,1999,35864389,0.15695143,-101.39405
BGD,Bangladesh,Bangladesh,2000,38167129,-0.3854375,133.8408
BGD,Bangladesh,Bangladesh,2001,38446504,-0.17403586,40.827957
BGD,Bangladesh,Bangladesh,2002,38848665,-0.16948588,282.16635
BGD,Bangladesh,Bangladesh,2003,40020197,-0.18451087,-106.98772
BGD,Bangladesh,Bangladesh,2004,37762194,-0.072372116,351.1011
BGD,Bangladesh,Bangladesh,2005,40956601,0.25622192,-116.0852
BGD,Bangladesh,Bangladesh,2006,40767635,0.42808166,-378.38266
BGD,Bangladesh,Bangladesh,2007,40865220,-0.10028967,480.9432
BGD,Bangladesh,Bangladesh,2008,49114491,0.059261322,-54.963966
BGD,Bangladesh,Bangladesh,2009,49184112,0.5880731,-209.4268
BGD,Bangladesh,Bangladesh,2010,51282598,0.63584805,-50.120186
BGD,Bangladesh,Bangladesh,2011,52627377,-0.12165276,-15.812505
BGD,Bangladesh,Bangladesh,2012,53030387,-0.03911543,-319.64435
BGD,Bangladesh,Bangladesh,2013,54019097,-0.06524547,-275.4709
BGD,Bangladesh,Bangladesh,2014,55227209,0.086316265,-542.4771
BGD,Bangladesh,Bangladesh,2015,56084460,0.08865976,216.98256
BGD,Bangladesh,Bangladesh,2016,55905547,0.54818916,7.2907715
BGD,Bangladesh,Bangladesh,2017,56427231,0.20525138,388.88492
BGD,Bangladesh,Bangladesh,2018,59015234,-0.025576433,-360.48325
BGD,Bangladesh,Bangladesh,2019,59383344,0.3998165,-251.42519
BGD,Bangladesh,Bangladesh,2020,61113280,0.028929234,-42.418095
BGD,Bangladesh,Bangladesh,2021,61986999,0.47712708,-261.15454
BGD,Bangladesh,Bangladesh,2022,63136360,0.4329114,-521.8498
BGD,Bangladesh,Bangladesh,2023,66313385,0.7418833,-304.07126
BGD,Bangladesh,Bangladesh,2024,66347851,0.6415617,-4.14979
BGR,Bulgaria,Bulgaria,1961,4403935,-0.37569156,-39.872772
BGR,Bulgaria,Bulgaria,1962,4466325,-0.41770568,-43.453487
BGR,Bulgaria,Bulgaria,1963,4507537,-0.8715386,67.167854
BGR,Bulgaria,Bulgaria,1964,5232842,-1.1518039,63.880444
BGR,Bulgaria,Bulgaria,1965,5307655,-1.1910437,-60.38273
BGR,Bulgaria,Bulgaria,1966,6823527,0.08825722,227.06389
BGR,Bulgaria,Bulgaria,1967,6531374,-0.7049232,-15.728583
BGR,Bulgaria,Bulgaria,1968,5285685,-0.43731976,-8.539032
BGR,Bulgaria,Bulgaria,1969,6080288,-1.151731,92.72775
BGR,Bulgaria,Bulgaria,1970,6788615,-0.45264375,24.954485
BGR,Bulgaria,Bulgaria,1971,7076215,-0.9055111,141.80261
BGR,Bulgaria,Bulgaria,1972,8152773,-0.817291,230.38089
BGR,Bulgaria,Bulgaria,1973,7329016,-1.2792906,121.94263
BGR,Bulgaria,Bulgaria,1974,6608375,-0.8943868,-38.038467
BGR,Bulgaria,Bulgaria,1975,7706452,-0.61993784,92.74295
BGR,Bulgaria,Bulgaria,1976,8492409,-1.5852224,22.24873
BGR,Bulgaria,Bulgaria,1977,7577645,-0.5220614,-36.216255
BGR,Bulgaria,Bulgaria,1978,7491580,-1.3102018,32.713554
BGR,Bulgaria,Bulgaria,1979,8290010,-0.7418227,140.99908
BGR,Bulgaria,Bulgaria,1980,7647576,-1.4945731,36.834736
BGR,Bulgaria,Bulgaria,1981,8449300,-0.80175287,-1.7645242
BGR,Bulgaria,Bulgaria,1982,9967359,-1.0101529,13.299227
BGR,Bulgaria,Bulgaria,1983,7931689,-0.76990813,-34.711132
BGR,Bulgaria,Bulgaria,1984,9249148,-0.92601585,-20.831467
BGR,Bulgaria,Bulgaria,1985,5382902,-1.1983753,-119.26705
BGR,Bulgaria,Bulgaria,1986,8492188,-0.9498144,-47.28285
BGR,Bulgaria,Bulgaria,1987,7275590,-1.1716632,14.327403
BGR,Bulgaria,Bulgaria,1988,7816939,-0.83038163,-2.9877179
BGR,Bulgaria,Bulgaria,1989,9527371,-0.4512001,-57.616932
BGR,Bulgaria,Bulgaria,1990,8125944,-0.10609138,-150.38165
BGR,Bulgaria,Bulgaria,1991,8983805.6,-1.4651891,78.01574
BGR,Bulgaria,Bulgaria,1992,6593632.8,-0.6623846,-121.8591
BGR,Bulgaria,Bulgaria,1993,5697849.2,-0.8438218,-139.9531
BGR,Bulgaria,Bulgaria,1994,6441668.2,0.6078831,-74.67206
BGR,Bulgaria,Bulgaria,1995,6543382,-0.7703503,104.98851
BGR,Bulgaria,Bulgaria,1996,3403520,-1.1881539,23.625738
BGR,Bulgaria,Bulgaria,1997,6187844,-1.2698439,79.53955
BGR,Bulgaria,Bulgaria,1998,5378183,-0.40481827,65.95136
BGR,Bulgaria,Bulgaria,1999,5221441,0.24784307,52.34445
BGR,Bulgaria,Bulgaria,2000,4388340.5,0.4115605,-287.56036
BGR,Bulgaria,Bulgaria,2001,6076856,0.1223553,-54.58035
BGR,Bulgaria,Bulgaria,2002,6770394,0.1067343,113.31583
BGR,Bulgaria,Bulgaria,2003,3814085,-0.599444,-53.40618
BGR,Bulgaria,Bulgaria,2004,7462821,-0.27057046,-49.289192
BGR,Bulgaria,Bulgaria,2005,5839080,-0.761857,265.09525
BGR,Bulgaria,Bulgaria,2006,5531830,-0.4038036,-24.240383
BGR,Bulgaria,Bulgaria,2007,3870212.7,0.8192931,17.257128
BGR,Bulgaria,Bulgaria,2008,7015582,0.4532349,-147.04248
BGR,Bulgaria,Bulgaria,2009,6243088,0.34971985,10.493798
BGR,Bulgaria,Bulgaria,2010,7136449,0.2931592,104.51514
BGR,Bulgaria,Bulgaria,2011,7521107.7,-0.5139856,-140.8528
BGR,Bulgaria,Bulgaria,2012,6988023,0.5383081,-50.380333
BGR,Bulgaria,Bulgaria,2013,9153930,0.66630435,-67.8714
BGR,Bulgaria,Bulgaria,2014,9530421,0.43528995,347.53757
BGR,Bulgaria,Bulgaria,2015,8570299,0.6087267,11.452578
BGR,Bulgaria,Bulgaria,2016,8752219,0.5978746,-8.693904
BGR,Bulgaria,Bulgaria,2017,9475846,0.20345676,38.599483
BGR,Bulgaria,Bulgaria,2018,10109850,0.6065604,56.750618
BGR,Bulgaria,Bulgaria,2019,11130990,1.1946012,-90.67993
BGR,Bulgaria,Bulgaria,2020,8598290,0.89131516,-58.401196
BGR,Bulgaria,Bulgaria,2021,11639300,0.22360836,122.74383
BGR,Bulgaria,Bulgaria,2022,9790690,0.77625686,-183.14107
BGR,Bulgaria,Bulgaria,2023,10345650,1.5108228,-40.148197
BGR,Bulgaria,Bulgaria,2024,10044680,1.8621482,-91.237915
BHS,Bahamas,Bahamas,1961,100,-0.2696673,15.023419
BHS,Bahamas,Bahamas,1962,150,-0.45639992,-169.46469
BHS,Bahamas,Bahamas,1963,200,-0.45478502,121.83659
BHS,Bahamas,Bahamas,1964,250,-0.16887109,73.52427
BHS,Bahamas,Bahamas,1965,300,-0.4959084,-64.677155
BHS,Bahamas,Bahamas,1966,430,-0.7104481,385.0401
BHS,Bahamas,Bahamas,1967,450,-0.59722567,-199.9923
BHS,Bahamas,Bahamas,1968,470,-0.882199,205.85397
BHS,Bahamas,Bahamas,1969,490,-0.64508504,255.04669
BHS,Bahamas,Bahamas,1970,510,-0.698077,-163.82661
BHS,Bahamas,Bahamas,1971,530,-0.50355035,-143.22478
BHS,Bahamas,Bahamas,1972,550,-0.15037505,125.48285
BHS,Bahamas,Bahamas,1973,580,-0.4328448,141.44598
BHS,Bahamas,Bahamas,1974,595,-0.5223815,-169.96454
BHS,Bahamas,Bahamas,1975,610,-0.14315446,-170.42119
BHS,Bahamas,Bahamas,1976,625,-0.6561141,108.41909
BHS,Bahamas,Bahamas,1977,640,-0.47234297,95.07122
BHS,Bahamas,Bahamas,1978,730,-0.35722098,103.11816
BHS,Bahamas,Bahamas,1979,720,-0.3815322,115.87215
BHS,Bahamas,Bahamas,1980,719,-0.3328681,67.97469
BHS,Bahamas,Bahamas,1981,720,-0.6918955,-122.72437
BHS,Bahamas,Bahamas,1982,740,-0.09365543,-153.62498
BHS,Bahamas,Bahamas,1983,750,-0.31920257,294.50665
BHS,Bahamas,Bahamas,1984,800,-0.63197327,-29.589003
BHS,Bahamas,Bahamas,1985,820,-0.5384291,-17.46221
BHS,Bahamas,Bahamas,1986,820,-0.2857248,-154.23344
BHS,Bahamas,Bahamas,1987,750,-0.3454081,170.8491
BHS,Bahamas,Bahamas,1988,700,-0.39841986,132.4718
BHS,Bahamas,Bahamas,1989,700,-0.19735734,-198.49847
BHS,Bahamas,Bahamas,1990,750,0.08145285,-86.81181
BHS,Bahamas,Bahamas,1991,750,0.013638656,4.7417064
BHS,Bahamas,Bahamas,1992,500,-0.39053488,-52.92242
BHS,Bahamas,Bahamas,1993,400,-0.16493337,3.1122694
BHS,Bahamas,Bahamas,1994,312,0.152335,189.28363
BHS,Bahamas,Bahamas,1995,312,-0.11816311,56.534103
BHS,Bahamas,Bahamas,1996,312,-0.61750364,62.5355
BHS,Bahamas,Bahamas,1997,348,0.0923028,52.44842
BHS,Bahamas,Bahamas,1998,377,0.24391603,-153.44513
BHS,Bahamas,Bahamas,1999,379,-0.29835573,37.663513
BHS,Bahamas,Bahamas,2000,312,-0.43470225,-236.51491
BHS,Bahamas,Bahamas,2001,300,-0.21864145,-6.717839
BHS,Bahamas,Bahamas,2002,305,0.14975421,-140.8706
BHS,Bahamas,Bahamas,2003,340,0.16117732,-69.80499
BHS,Bahamas,Bahamas,2004,355,-0.32269335,-308.13406
BHS,Bahamas,Bahamas,2005,360,-0.21232128,64.63863
BHS,Bahamas,Bahamas,2006,380,-0.20441405,72.75928
BHS,Bahamas,Bahamas,2007,400,0.07442459,308.23898
BHS,Bahamas,Bahamas,2008,500,-0.028326193,-119.70286
BHS,Bahamas,Bahamas,2009,600,-0.1813957,-126.7339
BHS,Bahamas,Bahamas,2010,678,-0.5116019,53.064804
BHS,Bahamas,Bahamas,2011,687,-0.0036792755,-32.56305
BHS,Bahamas,Bahamas,2012,690,-0.20580705,214.8688
BHS,Bahamas,Bahamas,2013,690.83,0.058612186,-40.61066
BHS,Bahamas,Bahamas,2014,687.62,0.29444933,-74.42677
BHS,Bahamas,Bahamas,2015,597.18,0.5699789,-69.70418
BHS,Bahamas,Bahamas,2016,658.54,0.36739573,-36.61388
BHS,Bahamas,Bahamas,2017,647.78,0.2564257,71.44943
BHS,Bahamas,Bahamas,2018,626.45,0.21501954,18.314331
BHS,Bahamas,Bahamas,2019,612.84,0.64609146,79.481804
BHS,Bahamas,Bahamas,2020,600.51,0.61755115,179.63004
BHS,Bahamas,Bahamas,2021,610.14,0.41030297,-293.86893
BHS,Bahamas,Bahamas,2022,600.78,0.5198234,-51.727337
BHS,Bahamas,Bahamas,2023,603.81,0.8748412,138.04337
BHS,Bahamas,Bahamas,2024,604.91,0.6574356,5.611965
BIH,Bosnia and Herzegovina,Bosnia and Herzegovina,1992,1080400,-0.52602834,-203.00789
BIH,Bosnia and Herzegovina,Bosnia and Herzegovina,1993,962300,-1.0058143,-139.2886
BIH,Bosnia and Herzegovina,Bosnia and Herzegovina,1994,847400,0.20313673,-224.3073
BIH,Bosnia and Herzegovina,Bosnia and Herzegovina,1995,671360,-0.9632287,172.0619
BIH,Bosnia and Herzegovina,Bosnia and Herzegovina,1996,841400,-1.5508798,117.21662
BIH,Bosnia and Herzegovina,Bosnia and Herzegovina,1997,1242059,-0.85867786,-104.45795
BIH,Bosnia and Herzegovina,Bosnia and Herzegovina,1998,1326660,-0.56209546,-97.988556
BIH,Bosnia and Herzegovina,Bosnia and Herzegovina,1999,1368792,-0.2434843,162.75252
BIH,Bosnia and Herzegovina,Bosnia and Herzegovina,2000,930230,0.69941044,-252.44408
BIH,Bosnia and Herzegovina,Bosnia and Herzegovina,2001,1137981,-0.23326404,188.2214
BIH,Bosnia and Herzegovina,Bosnia and Herzegovina,2002,1307700,0.47430375,118.29785
BIH,Bosnia and Herzegovina,Bosnia and Herzegovina,2003,793364,-0.009944032,-217.88414
BIH,Bosnia and Herzegovina,Bosnia and Herzegovina,2004,1438704,-0.3264948,187.51892
BIH,Bosnia and Herzegovina,Bosnia and Herzegovina,2005,1349772,-1.1486013,153.01387
BIH,Bosnia and Herzegovina,Bosnia and Herzegovina,2006,1340995,-0.29111525,-87.488914
BIH,Bosnia and Herzegovina,Bosnia and Herzegovina,2007,1000576,0.6345648,-8.874024
BIH,Bosnia and Herzegovina,Bosnia and Herzegovina,2008,1374701,0.68217754,-15.6093
BIH,Bosnia and Herzegovina,Bosnia and Herzegovina,2009,1390724,0.39344358,127.77739
BIH,Bosnia and Herzegovina,Bosnia and Herzegovina,2010,1104907,-0.16743024,363.05832
BIH,Bosnia and Herzegovina,Bosnia and Herzegovina,2011,1118257,0.28249288,-426.6805
BIH,Bosnia and Herzegovina,Bosnia and Herzegovina,2012,905975,0.52687365,-136.12196
BIH,Bosnia and Herzegovina,Bosnia and Herzegovina,2013,1222498,0.51929444,50.49999
BIH,Bosnia and Herzegovina,Bosnia and Herzegovina,2014,1082655,1.0695442,330.8245
BIH,Bosnia and Herzegovina,Bosnia and Herzegovina,2015,1137236,0.6442458,-126.54533
BIH,Bosnia and Herzegovina,Bosnia and Herzegovina,2016,1657556,0.42395625,57.96751
BIH,Bosnia and Herzegovina,Bosnia and Herzegovina,2017,1167004.7,0.28610238,-33.64399
BIH,Bosnia and Herzegovina,Bosnia and Herzegovina,2018,1743762,0.8602093,89.38282
BIH,Bosnia and Herzegovina,Bosnia and Herzegovina,2019,1666131,1.0445801,45.173424
BIH,Bosnia and Herzegovina,Bosnia and Herzegovina,2020,1944178,0.79092836,-134.14305
BIH,Bosnia and Herzegovina,Bosnia and Herzegovina,2021,1400676,0.4364001,33.41758
BIH,Bosnia and Herzegovina,Bosnia and Herzegovina,2022,1431889,1.3135979,-184.08298
BIH,Bosnia and Herzegovina,Bosnia and Herzegovina,2023,1096610,1.5993332,109.75057
BIH,Bosnia and Herzegovina,Bosnia and Herzegovina,2024,1202745,2.3962412,-100.31915
BLR,Belarus,Belarus,1992,7135000,-0.28645235,-26.456032
BLR,Belarus,Belarus,1993,7329074.2,-1.3419595,58.060966
BLR,Belarus,Belarus,1994,5951814.5,-0.59599143,30.575525
BLR,Belarus,Belarus,1995,5329554.8,-0.28416863,-20.130798
BLR,Belarus,Belarus,1996,5496095.2,-1.6820685,-59.63038
BLR,Belarus,Belarus,1997,5937335.5,-0.97583026,53.62163
BLR,Belarus,Belarus,1998,4510975.8,-0.81770414,205.68811
BLR,Belarus,Belarus,1999,3427316.1,0.44482645,-76.01912
BLR,Belarus,Belarus,2000,4579256.4,0.5929778,3.3048332
BLR,Belarus,Belarus,2001,4885396.8,-0.19977725,-3.6453986
BLR,Belarus,Belarus,2002,5723737.1,0.39624596,-102.36169
BLR,Belarus,Belarus,2003,5132062.2,-0.67631716,-39.56249
BLR,Belarus,Belarus,2004,6604944.5,-0.5424805,35.873077
BLR,Belarus,Belarus,2005,6104298.7,-0.4934857,-22.77834
BLR,Belarus,Belarus,2006,5700181,-0.4416901,-20.980473
BLR,Belarus,Belarus,2007,7029909.2,0.5337643,-16.229006
BLR,Belarus,Belarus,2008,8728461.5,0.75366384,44.969273
BLR,Belarus,Belarus,2009,8169503.7,-0.16474898,112.87508
BLR,Belarus,Belarus,2010,6741684,-0.29393616,71.28967
BLR,Belarus,Belarus,2011,7996331.2,0.2315735,-87.263885
BLR,Belarus,Belarus,2012,8843847.9,-0.46294975,122.43297
BLR,Belarus,Belarus,2013,7233152,0.27129793,-2.158678
BLR,Belarus,Belarus,2014,9033775,0.49053034,-97.947296
BLR,Belarus,Belarus,2015,8186980,1.3248514,-131.50908
BLR,Belarus,Belarus,2016,7075658,0.45134306,68.10274
BLR,Belarus,Belarus,2017,7529412,0.35193548,125.83228
BLR,Belarus,Belarus,2018,5813781,0.61243623,-82.369125
BLR,Belarus,Belarus,2019,6991979,1.5548512,-78.73619
BLR,Belarus,Belarus,2020,8403688,1.7906617,-1.8004115
BLR,Belarus,Belarus,2021,6914867.4,-0.008253078,70.60841
BLR,Belarus,Belarus,2022,7772407.6,0.524131,101.20673
BLR,Belarus,Belarus,2023,6736789.8,1.4724401,67.627
BLR,Belarus,Belarus,2024,7731917.7,2.207797,-21.0821
BLZ,Belize,Belize,1961,4848,-1.1804162,350.53104
BLZ,Belize,Belize,1962,3245,-1.2035652,123.18678
BLZ,Belize,Belize,1963,3856,-0.84098464,-169.2968
BLZ,Belize,Belize,1964,5084,-0.45080838,-120.16423
BLZ,Belize,Belize,1965,5819,-0.978676,6.7519565
BLZ,Belize,Belize,1966,4478,-1.2381278,161.57782
BLZ,Belize,Belize,1967,8328,-0.85910827,-142.40086
BLZ,Belize,Belize,1968,9893,-1.2586833,199.10805
BLZ,Belize,Belize,1969,11181,-0.7138675,336.8845
BLZ,Belize,Belize,1970,19369,-1.0548587,6.2508287
BLZ,Belize,Belize,1971,20424,-0.8152978,3.5858638
BLZ,Belize,Belize,1972,20409,-0.67258644,185.84
BLZ,Belize,Belize,1973,24267,-0.7159362,54.03241
BLZ,Belize,Belize,1974,20321,-1.1439582,104.0163
BLZ,Belize,Belize,1975,16646,-0.8287737,9.215937
BLZ,Belize,Belize,1976,24449,-1.4334272,264.13013
BLZ,Belize,Belize,1977,25644,-1.007342,-55.93079
BLZ,Belize,Belize,1978,25854,-0.86757946,207.93205
BLZ,Belize,Belize,1979,22090,-0.7568647,433.86508
BLZ,Belize,Belize,1980,27443,-0.73489016,230.4148
BLZ,Belize,Belize,1981,31967,-0.94464684,300.4815
BLZ,Belize,Belize,1982,29121,-0.61775875,269.23804
BLZ,Belize,Belize,1983,23722,-0.36635065,244.87526
BLZ,Belize,Belize,1984,21830,-0.9598594,187.08075
BLZ,Belize,Belize,1985,25209,-0.73825264,-101.49214
BLZ,Belize,Belize,1986,22887,-0.97500104,-2.683185
BLZ,Belize,Belize,1987,27818,-0.5669673,-167.19724
BLZ,Belize,Belize,1988,28672,-0.5035016,137.56134
BLZ,Belize,Belize,1989,28572,-0.6074508,-105.9864
BLZ,Belize,Belize,1990,29835,-0.5228923,245.56082
BLZ,Belize,Belize,1991,42005,-0.28059196,-140.70267
BLZ,Belize,Belize,1992,38130,-0.5566419,-15.251323
BLZ,Belize,Belize,1993,43640,-0.46936098,131.47308
BLZ,Belize,Belize,1994,34364,-0.22328837,-362.16272
BLZ,Belize,Belize,1995,43264,0.009318511,0.30790043
BLZ,Belize,Belize,1996,55948,-0.6451737,89.05778
BLZ,Belize,Belize,1997,59873,0.027506351,-16.353207
BLZ,Belize,Belize,1998,52236,0.22390938,134.60356
BLZ,Belize,Belize,1999,62300,-0.72266895,131.44568
BLZ,Belize,Belize,2000,47875,-0.8421952,46.310177
BLZ,Belize,Belize,2001,57267,-0.5206151,-123.0816
BLZ,Belize,Belize,2002,56428,-0.11726157,-178.85849
BLZ,Belize,Belize,2003,60036,0.03196923,-219.03612
BLZ,Belize,Belize,2004,53937,-0.018701712,-173.54706
BLZ,Belize,Belize,2005,71758,0.33993277,-39.24573
BLZ,Belize,Belize,2006,53390,-0.1732955,265.92645
BLZ,Belize,Belize,2007,70153,-0.0032723744,51.086006
BLZ,Belize,Belize,2008,59522,-0.26740822,86.61856
BLZ,Belize,Belize,2009,87276,0.3057259,-225.77928
BLZ,Belize,Belize,2010,98489,0.088414825,33.497437
BLZ,Belize,Belize,2011,91768,0.22030513,27.42423
BLZ,Belize,Belize,2012,91627,0.06565062,47.21547
BLZ,Belize,Belize,2013,111934,0.27281442,391.88776
BLZ,Belize,Belize,2014,94519,0.099961914,166.05939
BLZ,Belize,Belize,2015,80959,0.6165945,82.74777
BLZ,Belize,Belize,2016,91556.38,0.43168703,8.352557
BLZ,Belize,Belize,2017,118376,0.31029525,126.87558
BLZ,Belize,Belize,2018,99341,0.07531532,-12.992834
BLZ,Belize,Belize,2019,85114,0.8599976,-425.52237
BLZ,Belize,Belize,2020,112007,0.86107284,111.64398
BLZ,Belize,Belize,2021,136612,0.6870003,-246.10852
BLZ,Belize,Belize,2022,146715,0.38579813,173.99974
BLZ,Belize,Belize,2023,160169,1.0238681,-112.38382
BLZ,Belize,Belize,2024,145751,1.065097,117.87133
BOL,Bolivia,Bolivia (Plurinational State of),1961,411470,0.18253581,-329.30118
BOL,Bolivia,Bolivia (Plurinational State of),1962,418321,-1.3076235,-131.84068
BOL,Bolivia,Bolivia (Plurinational State of),1963,449507,-0.31391573,-221.83751
BOL,Bolivia,Bolivia (Plurinational State of),1964,381392,-1.2802662,-101.13026
BOL,Bolivia,Bolivia (Plurinational State of),1965,455106,-1.0849811,9.621606
BOL,Bolivia,Bolivia (Plurinational State of),1966,434564,-0.8244603,-231.03001
BOL,Bolivia,Bolivia (Plurinational State of),1967,429601,-0.6458955,50.62448
BOL,Bolivia,Bolivia (Plurinational State of),1968,480710,-1.0042287,-2.7072494
BOL,Bolivia,Bolivia (Plurinational State of),1969,503075,-0.1876313,-125.61873
BOL,Bolivia,Bolivia (Plurinational State of),1970,478920,-0.7140344,6.4084225
BOL,Bolivia,Bolivia (Plurinational State of),1971,510860,-1.4713405,-60.907143
BOL,Bolivia,Bolivia (Plurinational State of),1972,491455,-0.50698596,-141.31049
BOL,Bolivia,Bolivia (Plurinational State of),1973,498445,-0.596299,12.539463
BOL,Bolivia,Bolivia (Plurinational State of),1974,516196,-1.31099,159.61943
BOL,Bolivia,Bolivia (Plurinational State of),1975,592260,-1.0354947,-77.19052
BOL,Bolivia,Bolivia (Plurinational State of),1976,631970,-1.2457522,-21.806808
BOL,Bolivia,Bolivia (Plurinational State of),1977,557490,-0.5864747,178.35353
BOL,Bolivia,Bolivia (Plurinational State of),1978,557915,-0.50617456,127.0574
BOL,Bolivia,Bolivia (Plurinational State of),1979,595580,-0.67071843,-12.673148
BOL,Bolivia,Bolivia (Plurinational State of),1980,625905,-0.55783814,156.80731
BOL,Bolivia,Bolivia (Plurinational State of),1981,766100,-0.77663916,288.5602
BOL,Bolivia,Bolivia (Plurinational State of),1982,700371,-0.5885485,211.85147
BOL,Bolivia,Bolivia (Plurinational State of),1983,496789,-0.503974,23.895117
BOL,Bolivia,Bolivia (Plurinational State of),1984,865748,-0.7806485,139.12813
BOL,Bolivia,Bolivia (Plurinational State of),1985,972965,-0.7360012,119.2324
BOL,Bolivia,Bolivia (Plurinational State of),1986,839006,-0.6189243,28.049362
BOL,Bolivia,Bolivia (Plurinational State of),1987,865495,-0.3425673,38.816723
BOL,Bolivia,Bolivia (Plurinational State of),1988,834282,-0.49734172,86.93105
BOL,Bolivia,Bolivia (Plurinational State of),1989,845276,-0.6592935,140.10307
BOL,Bolivia,Bolivia (Plurinational State of),1990,792648,-0.6474238,106.88191
BOL,Bolivia,Bolivia (Plurinational State of),1991,902497,-0.3778502,126.21595
BOL,Bolivia,Bolivia (Plurinational State of),1992,952128,-0.89019436,196.49052
BOL,Bolivia,Bolivia (Plurinational State of),1993,1113756,-0.5303876,2.95207
BOL,Bolivia,Bolivia (Plurinational State of),1994,956890,0.009861469,42.88812
BOL,Bolivia,Bolivia (Plurinational State of),1995,1089553.1,-0.12336954,8.302545
BOL,Bolivia,Bolivia (Plurinational State of),1996,1138597.6,-0.5936045,-28.312027
BOL,Bolivia,Bolivia (Plurinational State of),1997,944951.86,-0.06405783,26.936935
BOL,Bolivia,Bolivia (Plurinational State of),1998,1157807.1,-0.07998625,16.005596
BOL,Bolivia,Bolivia (Plurinational State of),1999,1137351,-0.5394518,-115.01654
BOL,Bolivia,Bolivia (Plurinational State of),2000,1244321.8,-0.5523546,-76.168465
BOL,Bolivia,Bolivia (Plurinational State of),2001,1324781,-0.26603985,-13.100183
BOL,Bolivia,Bolivia (Plurinational State of),2002,1315565.2,0.25069347,-177.50826
BOL,Bolivia,Bolivia (Plurinational State of),2003,1462502,-0.06719939,-129.37354
BOL,Bolivia,Bolivia (Plurinational State of),2004,1255985,-0.1478858,-29.981585
BOL,Bolivia,Bolivia (Plurinational State of),2005,1659795,-0.07032013,-30.464487
BOL,Bolivia,Bolivia (Plurinational State of),2006,1865967,0.1259284,52.45195
BOL,Bolivia,Bolivia (Plurinational State of),2007,1733466,-0.0052466393,37.883408
BOL,Bolivia,Bolivia (Plurinational State of),2008,2052972,-0.18309243,51.810863
BOL,Bolivia,Bolivia (Plurinational State of),2009,2378919,0.14454333,62.800808
BOL,Bolivia,Bolivia (Plurinational State of),2010,2133671,0.4599309,-208.36684
BOL,Bolivia,Bolivia (Plurinational State of),2011,1988006.8,0.25134993,3.3088806
BOL,Bolivia,Bolivia (Plurinational State of),2012,2125542.9,0.22728188,114.03729
BOL,Bolivia,Bolivia (Plurinational State of),2013,2503244.7,-0.027666569,18.571335
BOL,Bolivia,Bolivia (Plurinational State of),2014,2449241,0.24151452,153.15372
BOL,Bolivia,Bolivia (Plurinational State of),2015,2934919,0.66096735,36.238033
BOL,Bolivia,Bolivia (Plurinational State of),2016,2660808,0.37531677,-73.81982
BOL,Bolivia,Bolivia (Plurinational State of),2017,2278993.7,0.4166808,64.713135
BOL,Bolivia,Bolivia (Plurinational State of),2018,3267425.3,-0.023518562,139.83936
BOL,Bolivia,Bolivia (Plurinational State of),2019,2912082,0.56738997,-25.697681
BOL,Bolivia,Bolivia (Plurinational State of),2020,2914459,0.81077605,-246.7911
BOL,Bolivia,Bolivia (Plurinational State of),2021,3741163.3,0.20119381,-11.966829
BOL,Bolivia,Bolivia (Plurinational State of),2022,2615641.2,0.14319563,-303.00327
BOL,Bolivia,Bolivia (Plurinational State of),2023,3086273.5,1.2120886,-260.90015
BOL,Bolivia,Bolivia (Plurinational State of),2024,3737131.7,1.2902837,-256.19897
BRA,Brazil,Brazil,1961,15036353,-0.03741582,-334.44055
BRA,Brazil,Brazil,1962,15918336,-0.7621195,-48.917366
BRA,Brazil,Brazil,1963,16616892,-0.11104599,-283.5578
BRA,Brazil,Brazil,1964,16469226,-0.99552727,6.8253503
BRA,Brazil,Brazil,1965,20350793,-0.81439084,82.470634
BRA,Brazil,Brazil,1966,17867924,-0.80847424,61.353592
BRA,Brazil,Brazil,1967,20322328,-0.75358886,-116.87901
BRA,Brazil,Brazil,1968,20418801,-1.102881,-138.6498
BRA,Brazil,Brazil,1969,20549860,-0.22681427,-346.97488
BRA,Brazil,Brazil,1970,23698316,-0.5347889,-60.00962
BRA,Brazil,Brazil,1971,22814265,-1.0455847,106.81129
BRA,Brazil,Brazil,1972,22703928,-0.5462859,30.238276
BRA,Brazil,Brazil,1973,23721606,-0.47913742,140.4284
BRA,Brazil,Brazil,1974,26240014,-1.1625429,176.41942
BRA,Brazil,Brazil,1975,26238419,-1.0067921,18.906713
BRA,Brazil,Brazil,1976,31143200,-0.96757156,85.11829
BRA,Brazil,Brazil,1977,30913834,-0.64642733,146.49574
BRA,Brazil,Brazil,1978,24033646,-0.8104377,112.29256
BRA,Brazil,Brazil,1979,27147322,-0.7646572,76.98889
BRA,Brazil,Brazil,1980,33217492,-0.5025627,26.827957
BRA,Brazil,Brazil,1981,32050567,-0.6261185,-68.12658
BRA,Brazil,Brazil,1982,33838263,-0.50468254,13.785411
BRA,Brazil,Brazil,1983,29197566,-0.21859694,37.520386
BRA,Brazil,Brazil,1984,32711289,-0.6137166,111.13077
BRA,Brazil,Brazil,1985,36011139,-0.84425116,242.82195
BRA,Brazil,Brazil,1986,37298400,-0.6616424,116.36806
BRA,Brazil,Brazil,1987,44148398,-0.053441525,-44.607445
BRA,Brazil,Brazil,1988,42905037,-0.43796524,120.26017
BRA,Brazil,Brazil,1989,43934410,-0.76339245,264.5313
BRA,Brazil,Brazil,1990,32490390,-0.35070658,-74.65441
BRA,Brazil,Brazil,1991,36682063,-0.44547096,7.650336
BRA,Brazil,Brazil,1992,44057994,-0.49471378,36.813705
BRA,Brazil,Brazil,1993,43073467,-0.32156435,-9.395531
BRA,Brazil,Brazil,1994,45845332,-0.30239883,90.75078
BRA,Brazil,Brazil,1995,49641823,-0.21778409,65.48251
BRA,Brazil,Brazil,1996,42436960,-0.4480176,116.31143
BRA,Brazil,Brazil,1997,44874820,-0.13212554,8.328902
BRA,Brazil,Brazil,1998,40742023,0.35807672,-59.444706
BRA,Brazil,Brazil,1999,47631962,-0.4174614,84.92441
BRA,Brazil,Brazil,2000,46527202,-0.5304143,134.43338
BRA,Brazil,Brazil,2001,57125393,-0.20988162,-20.391527
BRA,Brazil,Brazil,2002,50875594,0.19222672,-69.84888
BRA,Brazil,Brazil,2003,67454329,-0.023602009,-75.53119
BRA,Brazil,Brazil,2004,63953364,-0.14990854,21.796194
BRA,Brazil,Brazil,2005,55670925,0.17279847,-9.086382
BRA,Brazil,Brazil,2006,59148978,-0.058517296,26.187714
BRA,Brazil,Brazil,2007,69441634,0.13671398,-109.2215
BRA,Brazil,Brazil,2008,79745466,-0.21152814,112.7557
BRA,Brazil,Brazil,2009,70914791,0.012613614,179.54688
BRA,Brazil,Brazil,2010,75160152,0.33499083,-98.96671
BRA,Brazil,Brazil,2011,77586276,-0.10581461,121.85113
BRA,Brazil,Brazil,2012,89908244,0.17242353,-144.73996
BRA,Brazil,Brazil,2013,1.0090173e+08,0.0619119,89.25959
BRA,Brazil,Brazil,2014,1.0140218e+08,0.17337434,-26.16217
BRA,Brazil,Brazil,2015,1.0602668e+08,0.6851983,-174.89424
BRA,Brazil,Brazil,2016,84166682,0.56573486,-43.236584
BRA,Brazil,Brazil,2017,1.1797704e+08,0.38290548,-36.259663
BRA,Brazil,Brazil,2018,1.032597e+08,0.09411144,14.582978
BRA,Brazil,Brazil,2019,1.2120203e+08,0.53118914,-115.5313
BRA,Brazil,Brazil,2020,1.2558515e+08,0.19494851,-117.96526
BRA,Brazil,Brazil,2021,1.1198532e+08,-0.02361679,-14.309876
BRA,Brazil,Brazil,2022,1.3574384e+08,-0.20472479,-85.91882
BRA,Brazil,Brazil,2023,1.5587708e+08,0.5437419,-356.7505
BRA,Brazil,Brazil,2024,1.389809e+08,0.7912448,-302.31635
BRN,Brunei,Brunei Darussalam,1961,4908,-0.9998533,-111.86558
BRN,Brunei,Brunei Darussalam,1962,5245,-1.0350395,628.0394
BRN,Brunei,Brunei Darussalam,1963,3868,-1.0817156,517.20874
BRN,Brunei,Brunei Darussalam,1964,3441,-0.9528327,170.66437
BRN,Brunei,Brunei Darussalam,1965,2946,-1.2136439,-150.93082
BRN,Brunei,Brunei Darussalam,1966,3408,-1.3411988,1029.9282
BRN,Brunei,Brunei Darussalam,1967,5523,-1.1909986,162.32314
BRN,Brunei,Brunei Darussalam,1968,5522,-1.1782866,210.6097
BRN,Brunei,Brunei Darussalam,1969,6782,-0.88967323,638.0831
BRN,Brunei,Brunei Darussalam,1970,6781,-0.9450345,827.1303
BRN,Brunei,Brunei Darussalam,1971,4381,-1.2502993,375.3358
BRN,Brunei,Brunei Darussalam,1972,4000,-0.8768131,57.607433
BRN,Brunei,Brunei Darussalam,1973,6116,-0.58917904,752.0517
BRN,Brunei,Brunei Darussalam,1974,9766,-1.1767734,604.9785
BRN,Brunei,Brunei Darussalam,1975,9882,-0.97684306,427.6009
BRN,Brunei,Brunei Darussalam,1976,7230,-1.0274428,301.56424
BRN,Brunei,Brunei Darussalam,1977,4259,-0.7309427,432.17227
BRN,Brunei,Brunei Darussalam,1978,3836,-0.5118475,144.5111
BRN,Brunei,Brunei Darussalam,1979,4615,-0.38555828,208.13097
BRN,Brunei,Brunei Darussalam,1980,2747,-0.46759352,276.53357
BRN,Brunei,Brunei Darussalam,1981,2494,-0.48097357,366.74277
BRN,Brunei,Brunei Darussalam,1982,2366,-0.49514422,-443.82974
BRN,Brunei,Brunei Darussalam,1983,2676,-0.19416602,66.4678
BRN,Brunei,Brunei Darussalam,1984,3270,-0.81940717,514.08673
BRN,Brunei,Brunei Darussalam,1985,1082,-0.65445024,0.81165123
BRN,Brunei,Brunei Darussalam,1986,1540,-0.6138194,103.85672
BRN,Brunei,Brunei Darussalam,1987,1080,-0.21314304,-280.95255
BRN,Brunei,Brunei Darussalam,1988,1930,-0.3195521,607.8132
BRN,Brunei,Brunei Darussalam,1989,1560,-0.5555339,-225.15375
BRN,Brunei,Brunei Darussalam,1990,930,-0.19656467,-418.7433
BRN,Brunei,Brunei Darussalam,1991,1300,-0.3166256,51.97348
BRN,Brunei,Brunei Darussalam,1992,1100,-0.3931106,-357.43243
BRN,Brunei,Brunei Darussalam,1993,1200,-0.4325973,-195.08098
BRN,Brunei,Brunei Darussalam,1994,1200,-0.21049881,-405.02087
BRN,Brunei,Brunei Darussalam,1995,800,-0.18959077,165.1288
BRN,Brunei,Brunei Darussalam,1996,700,-0.36108622,376.25098
BRN,Brunei,Brunei Darussalam,1997,700,-0.12785514,-415.63016
BRN,Brunei,Brunei Darussalam,1998,700,0.37470865,-46.972267
BRN,Brunei,Brunei Darussalam,1999,300,-0.27095127,233.66078
BRN,Brunei,Brunei Darussalam,2000,463,-0.13490756,-87.18163
BRN,Brunei,Brunei Darussalam,2001,481,-0.08430687,-54.663742
BRN,Brunei,Brunei Darussalam,2002,508,0.06134637,-829.10205
BRN,Brunei,Brunei Darussalam,2003,689,-0.06916618,-446.09116
BRN,Brunei,Brunei Darussalam,2004,757,-0.17633183,-615.70294
BRN,Brunei,Brunei Darussalam,2005,975,-0.077425,-572.8106
BRN,Brunei,Brunei Darussalam,2006,1095,-0.15127881,-282.30984
BRN,Brunei,Brunei Darussalam,2007,1360,-0.15499003,618.50183
BRN,Brunei,Brunei Darussalam,2008,1150,-0.30742374,875.26855
BRN,Brunei,Brunei Darussalam,2009,1060,0.16558488,-94.32564
BRN,Brunei,Brunei Darussalam,2010,1600,0.16247797,679.88916
BRN,Brunei,Brunei Darussalam,2011,2200,-0.05750243,380.21783
BRN,Brunei,Brunei Darussalam,2012,2200,0.056427162,210.06863
BRN,Brunei,Brunei Darussalam,2013,1900,0.1442693,114.07188
BRN,Brunei,Brunei Darussalam,2014,2100,-0.075511776,208.63136
BRN,Brunei,Brunei Darussalam,2015,3100,0.22189696,-3.2466822
BRN,Brunei,Brunei Darussalam,2016,2400,0.63134146,-173.78998
BRN,Brunei,Brunei Darussalam,2017,2300,0.29985824,471.11005
BRN,Brunei,Brunei Darussalam,2018,2400,0.37315273,165.51524
BRN,Brunei,Brunei Darussalam,2019,2300,0.6120329,-225.00256
BRN,Brunei,Brunei Darussalam,2020,3900,0.48807272,254.07498
BRN,Brunei,Brunei Darussalam,2021,4100,0.23204024,463.872
BRN,Brunei,Brunei Darussalam,2022,3562.6,0.09632286,806.31274
BRN,Brunei,Brunei Darussalam,2023,3726,0.6296735,168.54971
BRN,Brunei,Brunei Darussalam,2024,3612.05,0.9654891,477.19925
BTN,Bhutan,Bhutan,1961,98408,-0.88871956,-370.89594
BTN,Bhutan,Bhutan,1962,101378,-0.9566745,226.35526
BTN,Bhutan,Bhutan,1963,104458,-1.0489469,258.13593
BTN,Bhutan,Bhutan,1964,107233,-0.42573985,33.68067
BTN,Bhutan,Bhutan,1965,110113,-1.5745329,-18.172253
BTN,Bhutan,Bhutan,1966,113000,-0.837127,561.2765
BTN,Bhutan,Bhutan,1967,116100,-1.3599364,-66.14687
BTN,Bhutan,Bhutan,1968,120200,-1.4081577,79.95798
BTN,Bhutan,Bhutan,1969,123000,-0.61807734,-654.44684
BTN,Bhutan,Bhutan,1970,126000,-0.81392044,-120.53929
BTN,Bhutan,Bhutan,1971,128900,-1.1232299,-48.742786
BTN,Bhutan,Bhutan,1972,132000,-0.68241054,291.23068
BTN,Bhutan,Bhutan,1973,134900,-0.45055425,190.21614
BTN,Bhutan,Bhutan,1974,138200,-0.658804,337.74292
BTN,Bhutan,Bhutan,1975,141100,-0.57209295,-271.98355
BTN,Bhutan,Bhutan,1976,143600,-0.52786183,-270.06827
BTN,Bhutan,Bhutan,1977,146900,-0.6235866,61.85846
BTN,Bhutan,Bhutan,1978,150100,-0.8084704,-600.47455
BTN,Bhutan,Bhutan,1979,154100,-0.4571588,-158.04749
BTN,Bhutan,Bhutan,1980,158100,-0.43403423,-568.985
BTN,Bhutan,Bhutan,1981,163700,-0.7007435,-754.8252
BTN,Bhutan,Bhutan,1982,166230,-0.8454483,-262.32974
BTN,Bhutan,Bhutan,1983,171700,-1.0747433,-40.111137
BTN,Bhutan,Bhutan,1984,178891,-0.48223194,60.823486
BTN,Bhutan,Bhutan,1985,167300,-0.41009533,-100.26368
BTN,Bhutan,Bhutan,1986,164350,-0.67994404,-547.68774
BTN,Bhutan,Bhutan,1987,139700,-0.26271796,-50.355766
BTN,Bhutan,Bhutan,1988,94871,0.06873348,459.3614
BTN,Bhutan,Bhutan,1989,94800,-0.7556569,299.08856
BTN,Bhutan,Bhutan,1990,121320,-0.16945016,205.06308
BTN,Bhutan,Bhutan,1991,100025.47,-0.49668446,182.82678
BTN,Bhutan,Bhutan,1992,101312.04,-0.86834925,-688.8337
BTN,Bhutan,Bhutan,1993,116779.57,-0.31913856,288.12866
BTN,Bhutan,Bhutan,1994,131911.14,-0.35807058,-536.0412
BTN,Bhutan,Bhutan,1995,149534.32,-0.27043793,170.32767
BTN,Bhutan,Bhutan,1996,162306.75,-0.21501273,179.12325
BTN,Bhutan,Bhutan,1997,169824.81,-1.2517589,-24.394535
BTN,Bhutan,Bhutan,1998,168080.92,0.22419375,561.8284
BTN,Bhutan,Bhutan,1999,151252.3,0.3529376,-199.0817
BTN,Bhutan,Bhutan,2000,106650,-0.4526902,85.843025
BTN,Bhutan,Bhutan,2001,115000,0.077452675,-623.1406
BTN,Bhutan,Bhutan,2002,91437,-0.22821386,27.585678
BTN,Bhutan,Bhutan,2003,106447,-0.22355221,55.31432
BTN,Bhutan,Bhutan,2004,153969,-0.29626694,490.38498
BTN,Bhutan,Bhutan,2005,192631,-0.074096926,-476.79196
BTN,Bhutan,Bhutan,2006,184653,0.3096773,-715.9882
BTN,Bhutan,Bhutan,2007,190853,0.26190436,58.889725
BTN,Bhutan,Bhutan,2008,166007,0.053872753,133.29066
BTN,Bhutan,Bhutan,2009,143552,0.55529183,18.691116
BTN,Bhutan,Bhutan,2010,144634,0.687172,657.30347
BTN,Bhutan,Bhutan,2011,184333,-0.011413966,-139.86967
BTN,Bhutan,Bhutan,2012,167800,-0.1384654,169.65413
BTN,Bhutan,Bhutan,2013,171148.72,0.1857924,-419.58676
BTN,Bhutan,Bhutan,2014,170212.58,0.223998,-103.17713
BTN,Bhutan,Bhutan,2015,175635.48,0.03738169,-48.898617
BTN,Bhutan,Bhutan,2016,176187.02,0.844166,109.99235
BTN,Bhutan,Bhutan,2017,192713,0.72425073,42.473022
BTN,Bhutan,Bhutan,2018,125754.52,0.19156735,-84.31782
BTN,Bhutan,Bhutan,2019,103294.68,0.19900598,97.52306
BTN,Bhutan,Bhutan,2020,103398.32,0.27548882,730.9415
BTN,Bhutan,Bhutan,2021,77688.31,0.71716833,28.957813
BTN,Bhutan,Bhutan,2022,71354.25,0.58081293,126.19947
BTN,Bhutan,Bhutan,2023,69975.77,0.74490166,-41.726215
BTN,Bhutan,Bhutan,2024,73368.46,0.8978184,-247.19893
BWA,Botswana,Botswana,1961,62161,-0.74100065,60.00004
BWA,Botswana,Botswana,1962,16900,-0.5043094,125.57198
BWA,Botswana,Botswana,1963,18550,-1.3275388,33.628605
BWA,Botswana,Botswana,1964,11506,-0.6833325,-128.96681
BWA,Botswana,Botswana,1965,11599,-0.30173478,-236.08513
BWA,Botswana,Botswana,1966,35466,-0.58636504,106.7075
BWA,Botswana,Botswana,1967,65529,-1.4438423,90.47669
BWA,Botswana,Botswana,1968,25943,-0.7626248,-45.62593
BWA,Botswana,Botswana,1969,50075,-0.60257864,14.82328
BWA,Botswana,Botswana,1970,11530,0.22041734,-62.253708
BWA,Botswana,Botswana,1971,96400,-0.530612,-40.24255
BWA,Botswana,Botswana,1972,79500,-0.8547587,38.336525
BWA,Botswana,Botswana,1973,34517,-0.5041838,-10.099917
BWA,Botswana,Botswana,1974,110750,-1.9982256,133.62497
BWA,Botswana,Botswana,1975,67050,-1.273482,7.7615776
BWA,Botswana,Botswana,1976,123147,-1.6705898,46.68723
BWA,Botswana,Botswana,1977,73600,-0.7746858,143.69786
BWA,Botswana,Botswana,1978,34200,-1.3451155,78.82046
BWA,Botswana,Botswana,1979,9750,-0.4652617,-88.073235
BWA,Botswana,Botswana,1980,45900,-0.8301893,-73.80084
BWA,Botswana,Botswana,1981,54195,-1.3266314,54.80006
BWA,Botswana,Botswana,1982,19320,-0.12321695,-14.823916
BWA,Botswana,Botswana,1983,16765,0.29884234,-37.628174
BWA,Botswana,Botswana,1984,9525,0.16033037,-131.84787
BWA,Botswana,Botswana,1985,20670,-0.0047647953,-59.20409
BWA,Botswana,Botswana,1986,23500,-0.18222673,-3.8920734
BWA,Botswana,Botswana,1987,24275,0.65950745,-89.56935
BWA,Botswana,Botswana,1988,108280,-0.70132756,125.02352
BWA,Botswana,Botswana,1989,77275,-0.75944084,32.746983
BWA,Botswana,Botswana,1990,54430,0.1223503,-58.12336
BWA,Botswana,Botswana,1991,52300,-0.73725986,99.48945
BWA,Botswana,Botswana,1992,22500,0.60994935,-189.07764
BWA,Botswana,Botswana,1993,46375.59,0.12855165,14.525756
BWA,Botswana,Botswana,1994,55405.27,-0.41197777,-87.80723
BWA,Botswana,Botswana,1995,62769.17,0.67588854,-28.188532
BWA,Botswana,Botswana,1996,89530.31,-0.60068136,47.34853
BWA,Botswana,Botswana,1997,43946.35,-0.4289361,35.584145
BWA,Botswana,Botswana,1998,14934,0.35156307,-28.764338
BWA,Botswana,Botswana,1999,20827.3,0.13064408,-40.471878
BWA,Botswana,Botswana,2000,24576.15,-1.1451802,241.36086
BWA,Botswana,Botswana,2001,23080,-0.4172164,118.03561
BWA,Botswana,Botswana,2002,34479.21,0.39007387,-155.02402
BWA,Botswana,Botswana,2003,35885.13,0.8284924,-143.34286
BWA,Botswana,Botswana,2004,26672.45,-0.32462382,21.213583
BWA,Botswana,Botswana,2005,36512.9,0.7925856,-48.79668
BWA,Botswana,Botswana,2006,43809.86,-1.089417,178.87021
BWA,Botswana,Botswana,2007,31312,-0.14246996,-151.22218
BWA,Botswana,Botswana,2008,36741.01,-0.36143994,-5.6698017
BWA,Botswana,Botswana,2009,55377.58,-0.61887187,66.51274
BWA,Botswana,Botswana,2010,50345,-0.03703316,79.33187
BWA,Botswana,Botswana,2011,74024,-0.72912556,85.43476
BWA,Botswana,Botswana,2012,37457,0.034590006,-69.04165
BWA,Botswana,Botswana,2013,19366,0.27802315,-50.806313
BWA,Botswana,Botswana,2014,50253.48,-0.5814641,163.66817
BWA,Botswana,Botswana,2015,43967.04,1.0603851,-182.19727
BWA,Botswana,Botswana,2016,48572.85,0.9768776,-24.783575
BWA,Botswana,Botswana,2017,23207.96,-0.3416606,185.04837
BWA,Botswana,Botswana,2018,80922.63,0.50669163,-50.46786
BWA,Botswana,Botswana,2019,48664.67,1.2843016,-134.31102
BWA,Botswana,Botswana,2020,162122.1,-0.08125162,53.548786
BWA,Botswana,Botswana,2021,122238.94,-0.65532905,166.55656
BWA,Botswana,Botswana,2022,115579.91,-0.3354346,21.952574
BWA,Botswana,Botswana,2023,74579.23,0.7121978,-116.78883
BWA,Botswana,Botswana,2024,54553.76,1.3184326,-182.50592
CAF,Central African Republic,Central African Republic,1961,68000,-0.42734465,91.74111
CAF,Central African Republic,Central African Republic,1962,83300,-0.67149526,202.8458
CAF,Central African Republic,Central African Republic,1963,84300,-0.1343236,-153.35773
CAF,Central African Republic,Central African Republic,1964,87000,0.5567338,-271.86194
CAF,Central African Republic,Central African Republic,1965,88500,0.12888718,-308.22043
CAF,Central African Republic,Central African Republic,1966,85500,0.58041304,-209.7184
CAF,Central African Republic,Central African Republic,1967,89600,-0.81452847,141.83452
CAF,Central African Republic,Central African Republic,1968,92800,-0.73574656,261.31113
CAF,Central African Republic,Central African Republic,1969,99476,-0.6638069,487.4093
CAF,Central African Republic,Central African Republic,1970,92188,-0.52863425,272.21832
CAF,Central African Republic,Central African Republic,1971,95477,-0.91988724,199.7238
CAF,Central African Republic,Central African Republic,1972,99900,-0.40169716,166.86339
CAF,Central African Republic,Central African Republic,1973,103650,-0.1840682,224.52097
CAF,Central African Republic,Central African Republic,1974,101362,-1.0888337,333.60864
CAF,Central African Republic,Central African Republic,1975,94672,-1.02844,259.16415
CAF,Central African Republic,Central African Republic,1976,96000,-0.94587535,308.29648
CAF,Central African Republic,Central African Republic,1977,93000,-0.63640434,114.43649
CAF,Central African Republic,Central African Republic,1978,92918,-0.7634923,250.75687
CAF,Central African Republic,Central African Republic,1979,93145,-0.7376688,424.58823
CAF,Central African Republic,Central African Republic,1980,99862,-0.5278123,589.4433
CAF,Central African Republic,Central African Republic,1981,116073,-0.650523,370.28552
CAF,Central African Republic,Central African Republic,1982,120200,-0.80057305,345.15042
CAF,Central African Republic,Central African Republic,1983,102676,-0.2167929,199.4626
CAF,Central African Republic,Central African Republic,1984,102100,-0.844001,231.17476
CAF,Central African Republic,Central African Republic,1985,110772,-0.90469474,444.5915
CAF,Central African Republic,Central African Republic,1986,177889,-0.5559613,280.5361
CAF,Central African Republic,Central African Republic,1987,126314,0.11466169,243.7708
CAF,Central African Republic,Central African Republic,1988,143158,-0.06061093,308.68207
CAF,Central African Republic,Central African Republic,1989,123580,-0.5414999,121.21454
CAF,Central African Republic,Central African Republic,1990,89142,0.16897695,254.7799
CAF,Central African Republic,Central African Republic,1991,91504,-0.2666998,256.39545
CAF,Central African Republic,Central African Republic,1992,93947,-0.8022997,279.55316
CAF,Central African Republic,Central African Republic,1993,93637,-0.53835267,196.86876
CAF,Central African Republic,Central African Republic,1994,100706,-0.39597067,286.9771
CAF,Central African Republic,Central African Republic,1995,112818,-0.30879593,294.00455
CAF,Central African Republic,Central African Republic,1996,126400,-0.37531948,262.55435
CAF,Central African Republic,Central African Republic,1997,138400,-0.38844284,167.6589
CAF,Central African Republic,Central African Republic,1998,147500,0.23700237,93.14695
CAF,Central African Republic,Central African Republic,1999,161000,-0.52799016,183.35905
CAF,Central African Republic,Central African Republic,2000,165600,-0.5178811,23.725906
CAF,Central African Republic,Central African Republic,2001,182600,-0.430041,-85.31347
CAF,Central African Republic,Central African Republic,2002,193300,-0.16777945,-47.27998
CAF,Central African Republic,Central African Republic,2003,201800,0.08257675,-7.577482
CAF,Central African Republic,Central African Republic,2004,209900,0.10774803,-71.11352
CAF,Central African Republic,Central African Republic,2005,230994.25,0.3317949,-32.300514
CAF,Central African Republic,Central African Republic,2006,227000,0.047302086,-24.102646
CAF,Central African Republic,Central African Republic,2007,236570,-0.09143146,-23.449217
CAF,Central African Republic,Central African Republic,2008,235527,-0.24422853,-138.71892
CAF,Central African Republic,Central African Republic,2009,250667,0.22473018,-89.16252
CAF,Central African Republic,Central African Republic,2010,157410,0.2756785,51.22498
CAF,Central African Republic,Central African Republic,2011,156544,-0.23468478,-185.6073
CAF,Central African Republic,Central African Republic,2012,154214,-0.19355345,-94.48435
CAF,Central African Republic,Central African Republic,2013,127064.6,0.24632454,-156.94942
CAF,Central African Republic,Central African Republic,2014,133138.87,0.24008305,-121.83063
CAF,Central African Republic,Central African Republic,2015,131506,0.45573267,-210.46577
CAF,Central African Republic,Central African Republic,2016,146819.75,0.6669348,-86.50812
CAF,Central African Republic,Central African Republic,2017,147325,0.62169904,-132.73488
CAF,Central African Republic,Central African Republic,2018,151619,0.41996685,-233.9039
CAF,Central African Republic,Central African Republic,2019,157397,0.7336094,-118.78638
CAF,Central African Republic,Central African Republic,2020,277762.88,0.79228765,-235.18016
CAF,Central African Republic,Central African Republic,2021,285796.42,0.9628191,-343.4289
CAF,Central African Republic,Central African Republic,2022,294070.17,0.6095001,-260.64542
CAF,Central African Republic,Central African Republic,2023,302591.56,0.91112024,-279.66052
CAF,Central African Republic,Central African Republic,2024,282867.55,1.3918,-311.6995
CAN,Canada,Canada,1961,16730306,-1.2465899,-33.198345
CAN,Canada,Canada,1962,29261250,-1.1266185,-18.690393
CAN,Canada,Canada,1963,34122307,-0.8798813,-25.737486
CAN,Canada,Canada,1964,28504578,-1.6160208,-13.708393
CAN,Canada,Canada,1965,32228771,-1.7572403,-29.65619
CAN,Canada,Canada,1966,38663261,-1.3711678,-13.915462
CAN,Canada,Canada,1967,30080426,-1.6668688,-44.93723
CAN,Canada,Canada,1968,34413439,-0.91712046,-1.1870842
CAN,Canada,Canada,1969,35922333,-0.625707,-46.03308
CAN,Canada,Canada,1970,28560715,-1.2715849,-51.99534
CAN,Canada,Canada,1971,38859750,-1.0783247,-33.29845
CAN,Canada,Canada,1972,35466355,-3.0669925,-57.442917
CAN,Canada,Canada,1973,36600202,-0.31060594,2.5119264
CAN,Canada,Canada,1974,30864826,-1.885511,-3.8948932
CAN,Canada,Canada,1975,37107574,-1.2061788,-23.104885
CAN,Canada,Canada,1976,44710278,-1.0753748,-5.3670444
CAN,Canada,Canada,1977,42239008,-0.14427567,-3.0065174
CAN,Canada,Canada,1978,41895782,-1.6188647,-41.3193
CAN,Canada,Canada,1979,35955000,-1.241944,-21.613949
CAN,Canada,Canada,1980,41364700,-0.6425113,-7.269308
CAN,Canada,Canada,1981,50862200,0.95782334,-26.696953
CAN,Canada,Canada,1982,53333208,-2.0382135,-30.102512
CAN,Canada,Canada,1983,47447208,-0.91912276,-17.212217
CAN,Canada,Canada,1984,42793504,-0.76375055,-5.5691676
CAN,Canada,Canada,1985,48239300,-1.0836323,-24.566406
CAN,Canada,Canada,1986,56964700,-1.0794123,-16.056946
CAN,Canada,Canada,1987,51635200,0.46924052,-35.912735
CAN,Canada,Canada,1988,35494200,-0.37582007,-1.09024
CAN,Canada,Canada,1989,48089308,-1.239939,-56.68461
CAN,Canada,Canada,1990,56806235,-1.2687925,-0.7996018
CAN,Canada,Canada,1991,53852300,-0.61169606,-10.350153
CAN,Canada,Canada,1992,49642650,-1.211659,-36.639774
CAN,Canada,Canada,1993,51483100,-0.66951156,-21.863665
CAN,Canada,Canada,1994,46618500,-0.58403206,-17.223957
CAN,Canada,Canada,1995,49344200,-0.4881201,-19.73917
CAN,Canada,Canada,1996,58494100,-1.1263247,12.168423
CAN,Canada,Canada,1997,49606900,-0.4706738,3.3439217
CAN,Canada,Canada,1998,50984500,1.1859754,-40.197025
CAN,Canada,Canada,1999,54112600,0.47182083,33.63152
CAN,Canada,Canada,2000,51090400,-0.34686947,-17.426853
CAN,Canada,Canada,2001,43391400,0.6702458,-12.067712
CAN,Canada,Canada,2002,36046900,-0.5711768,-20.121092
CAN,Canada,Canada,2003,49197200,-0.017879486,-9.358833
CAN,Canada,Canada,2004,50778200,-1.0646507,5.54389
CAN,Canada,Canada,2005,50962400,0.5351941,31.69816
CAN,Canada,Canada,2006,48577300,1.4278146,-3.2454789
CAN,Canada,Canada,2007,48005300,-0.24715512,24.312729
CAN,Canada,Canada,2008,56030400,-0.4477346,18.628555
CAN,Canada,Canada,2009,49691900,-0.27171347,-36.509098
CAN,Canada,Canada,2010,46122200,2.0105917,3.1134264
CAN,Canada,Canada,2011,48337200,0.30612025,8.020389
CAN,Canada,Canada,2012,51846500,0.76278037,11.533874
CAN,Canada,Canada,2013,66535401,-0.27704954,-9.535447
CAN,Canada,Canada,2014,51683501,-0.41019437,3.928992
CAN,Canada,Canada,2015,53563000,0.18931626,-1.7361722
CAN,Canada,Canada,2016,58905768,1.0524259,24.142311
CAN,Canada,Canada,2017,56770935,0.4862113,18.38689
CAN,Canada,Canada,2018,58726900,-0.5078126,-14.716842
CAN,Canada,Canada,2019,61473900,0.0808839,13.920877
CAN,Canada,Canada,2020,65314300,0.14486949,58.35732
CAN,Canada,Canada,2021,47546138,0.9466178,16.03068
CAN,Canada,Canada,2022,65578427,0.12674737,22.123966
CAN,Canada,Canada,2023,61062325,1.8944861,-45.530437
CAN,Canada,Canada,2024,63660405,1.9548453,14.728765
CHE,Switzerland,Switzerland,1961,517800,-0.3209674,-234.80055
CHE,Switzerland,Switzerland,1962,697400,-2.084381,-219.4159
CHE,Switzerland,Switzerland,1963,514700,-2.0395296,-66.531395
CHE,Switzerland,Switzerland,1964,632200,-0.99443483,-257.96906
CHE,Switzerland,Switzerland,1965,557900,-2.0421088,252.5433
CHE,Switzerland,Switzerland,1966,566600,-1.108373,130.05092
CHE,Switzerland,Switzerland,1967,672800,-1.2688375,-73.26297
CHE,Switzerland,Switzerland,1968,652600,-1.392868,181.52016
CHE,Switzerland,Switzerland,1969,640400,-1.6407866,-156.30872
CHE,Switzerland,Switzerland,1970,633700,-1.7608715,146.97826
CHE,Switzerland,Switzerland,1971,743000,-1.2222937,-317.0086
CHE,Switzerland,Switzerland,1972,738400,-1.5035396,-146.85806
CHE,Switzerland,Switzerland,1973,749600,-1.5724579,-7.2533555
CHE,Switzerland,Switzerland,1974,856800,-1.0784692,109.56987
CHE,Switzerland,Switzerland,1975,756900,-1.2251993,-136.0046
CHE,Switzerland,Switzerland,1976,795500,-1.3393275,-181.2885
CHE,Switzerland,Switzerland,1977,690000,-0.9370894,206.45744
CHE,Switzerland,Switzerland,1978,835100,-1.4744496,81.05061
CHE,Switzerland,Switzerland,1979,875000,-1.4194409,147.23215
CHE,Switzerland,Switzerland,1980,789100,-1.8592868,39.912643
CHE,Switzerland,Switzerland,1981,863500,-1.2400714,409.8999
CHE,Switzerland,Switzerland,1982,928900,-0.7334648,96.53455
CHE,Switzerland,Switzerland,1983,899600,-0.62586814,71.05917
CHE,Switzerland,Switzerland,1984,1118200,-1.7787027,-8.465131
CHE,Switzerland,Switzerland,1985,1054400,-1.5651046,-89.59445
CHE,Switzerland,Switzerland,1986,959900,-1.1940943,57.269753
CHE,Switzerland,Switzerland,1987,939000,-1.162067,161.88156
CHE,Switzerland,Switzerland,1988,1243700,-0.3239405,210.96132
CHE,Switzerland,Switzerland,1989,1410700,-0.4729168,-317.02094
CHE,Switzerland,Switzerland,1990,1268000,-0.35688552,-69.28922
CHE,Switzerland,Switzerland,1991,1273639,-1.1670412,-153.75969
CHE,Switzerland,Switzerland,1992,1182772,-0.40539238,17.707031
CHE,Switzerland,Switzerland,1993,1252968,-0.7890122,79.57742
CHE,Switzerland,Switzerland,1994,1213740,0.65767616,58.507706
CHE,Switzerland,Switzerland,1995,1245612,-0.616369,141.02867
CHE,Switzerland,Switzerland,1996,1317471,-1.247458,-23.94701
CHE,Switzerland,Switzerland,1997,1194083,-0.081312545,-164.56842
CHE,Switzerland,Switzerland,1998,1240975,-0.5324574,-81.31754
CHE,Switzerland,Switzerland,1999,1028481,-0.48593387,415.83228
CHE,Switzerland,Switzerland,2000,1169500,0.11737716,140.20673
CHE,Switzerland,Switzerland,2001,1079600,-0.31685007,212.7407
CHE,Switzerland,Switzerland,2002,1087700,0.22945333,245.0514
CHE,Switzerland,Switzerland,2003,847200,0.16801633,-397.7051
CHE,Switzerland,Switzerland,2004,1089000,-0.47498587,-143.9666
CHE,Switzerland,Switzerland,2005,1056500,-0.69514686,-240.53285
CHE,Switzerland,Switzerland,2006,1013200,0.17887877,-77.17796
CHE,Switzerland,Switzerland,2007,1012697,0.33552536,37.972374
CHE,Switzerland,Switzerland,2008,1002471,0.038671967,84.04932
CHE,Switzerland,Switzerland,2009,1006184,0.13641506,-75.419556
CHE,Switzerland,Switzerland,2010,924003,-0.9503148,30.452976
CHE,Switzerland,Switzerland,2011,999472.67,0.8118851,-179.11136
CHE,Switzerland,Switzerland,2012,950518.46,0.003003915,163.90913
CHE,Switzerland,Switzerland,2013,867293.65,-0.47530675,49.091965
CHE,Switzerland,Switzerland,2014,994310.67,0.7358301,49.95364
CHE,Switzerland,Switzerland,2015,909943.14,0.89312893,-180.13516
CHE,Switzerland,Switzerland,2016,743880,0.40491983,98.54974
CHE,Switzerland,Switzerland,2017,976614,0.386058,-13.544842
CHE,Switzerland,Switzerland,2018,895098,1.2789747,-109.90358
CHE,Switzerland,Switzerland,2019,932966,0.75990725,104.28873
CHE,Switzerland,Switzerland,2020,1010995,1.101859,-87.830124
CHE,Switzerland,Switzerland,2021,783794,-0.13008703,103.17244
CHE,Switzerland,Switzerland,2022,865060,1.5316387,-288.14713
CHE,Switzerland,Switzerland,2023,809466,1.5188742,152.8854
CHE,Switzerland,Switzerland,2024,628069.5,1.4665651,163.73341
CHL,Chile,Chile,1961,1476591,-0.28817478,46.196377
CHL,Chile,Chile,1962,1389968,-0.09571227,-324.66718
CHL,Chile,Chile,1963,1561408,-0.4730177,-60.463234
CHL,Chile,Chile,1964,1656255,-0.57219577,-219.56981
CHL,Chile,Chile,1965,1620504,-0.6055353,62.801804
CHL,Chile,Chile,1966,1914918,-0.68211555,-218.61438
CHL,Chile,Chile,1967,1890890,-0.76014954,-123.85502
CHL,Chile,Chile,1968,1961730,-0.33469415,-166.09052
CHL,Chile,Chile,1969,1590124,-0.41312632,-52.09621
CHL,Chile,Chile,1970,1840835,-0.5803565,-80.31984
CHL,Chile,Chile,1971,1931264,-1.0286628,-11.477238
CHL,Chile,Chile,1972,1827016,-0.5744949,-30.61971
CHL,Chile,Chile,1973,1320638,-0.61137897,-161.1903
CHL,Chile,Chile,1974,1653790,-0.8258944,-59.091167
CHL,Chile,Chile,1975,1671151,-0.8622051,176.83873
CHL,Chile,Chile,1976,1406210,-0.9800281,-144.03004
CHL,Chile,Chile,1977,1977820,-0.08480624,24.760487
CHL,Chile,Chile,1978,1483220,-0.00088814896,-157.37994
CHL,Chile,Chile,1979,1936840,0.017248949,21.192034
CHL,Chile,Chile,1980,1754570,-0.26652837,232.31624
CHL,Chile,Chile,1981,1535090,-0.20776017,60.954586
CHL,Chile,Chile,1982,1447650,-0.10744949,78.7058
CHL,Chile,Chile,1983,1437080,-0.07842302,-20.109863
CHL,Chile,Chile,1984,2115610,-0.786606,46.356953
CHL,Chile,Chile,1985,2359916,-0.22559755,38.126087
CHL,Chile,Chile,1986,2674806,-0.491938,179.8635
CHL,Chile,Chile,1987,2819062,-0.095626555,61.397076
CHL,Chile,Chile,1988,2799539,-0.34853235,-155.83499
CHL,Chile,Chile,1989,3147704,-0.2627912,-0.8545892
CHL,Chile,Chile,1990,2980600,-0.29471457,50.104534
CHL,Chile,Chile,1991,2863844,-0.4717926,17.45648
CHL,Chile,Chile,1992,2900504,-0.6397907,-27.757545
CHL,Chile,Chile,1993,2643035,-0.17732246,61.237785
CHL,Chile,Chile,1994,2618939,0.08985492,17.874441
CHL,Chile,Chile,1995,2765799,-0.12557869,-88.92495
CHL,Chile,Chile,1996,2577562,-0.23795839,-46.14769
CHL,Chile,Chile,1997,3077333,0.06703138,118.81557
CHL,Chile,Chile,1998,3098078,0.5117602,-169.0943
CHL,Chile,Chile,1999,2167950,-0.06658939,-175.01472
CHL,Chile,Chile,2000,2589760,-0.5600953,-28.706848
CHL,Chile,Chile,2001,3115635,-0.22755794,71.85418
CHL,Chile,Chile,2002,3380192,-0.4228449,114.92665
CHL,Chile,Chile,2003,3692845,0.22616291,44.579575
CHL,Chile,Chile,2004,3999404,0.2869146,-7.977996
CHL,Chile,Chile,2005,3989070,-0.16128457,1.3292542
CHL,Chile,Chile,2006,3565734,0.24717514,164.49828
CHL,Chile,Chile,2007,2855245,-0.50213146,-127.74279
CHL,Chile,Chile,2008,3302330,0.058743954,-32.080475
CHL,Chile,Chile,2009,3125486,-0.07173395,137.8231
CHL,Chile,Chile,2010,3588461.6,-0.34261537,-0.2567482
CHL,Chile,Chile,2011,3950348,-0.12305963,-23.331917
CHL,Chile,Chile,2012,3464791,0.11585271,85.28773
CHL,Chile,Chile,2013,4004023,0.18505172,-40.763435
CHL,Chile,Chile,2014,3478752,0.0023326476,65.67396
CHL,Chile,Chile,2015,3788921.4,0.3905022,40.947403
CHL,Chile,Chile,2016,3872402.5,0.6947465,-328.58905
CHL,Chile,Chile,2017,3471759.7,0.20489033,209.62048
CHL,Chile,Chile,2018,3661684.5,0.12169246,39.361206
CHL,Chile,Chile,2019,3296214.6,0.4728645,-63.102047
CHL,Chile,Chile,2020,2761553.5,0.45478153,-31.795626
CHL,Chile,Chile,2021,3035972.5,0.4092312,-218.84648
CHL,Chile,Chile,2022,2588504.8,-0.23876859,-99.73764
CHL,Chile,Chile,2023,2497164.6,0.52817744,41.05044
CHL,Chile,Chile,2024,2555898.6,0.31966233,-97.840775
CHN,China,"China, mainland",1961,1.07e+08,-0.7079025,110.43694
CHN,China,"China, mainland",1962,1.1764001e+08,-1.0299715,35.34053
CHN,China,"China, mainland",1963,1.3472002e+08,-0.74985725,40.61318
CHN,China,"China, mainland",1964,1.4943e+08,-0.87131065,125.29031
CHN,China,"China, mainland",1965,1.5909e+08,-1.0098993,44.023415
CHN,China,"China, mainland",1966,1.745e+08,-0.99039,27.560469
CHN,China,"China, mainland",1967,1.7802002e+08,-1.4213682,49.591576
CHN,China,"China, mainland",1968,1.7385501e+08,-1.1050317,33.35097
CHN,China,"China, mainland",1969,1.7347002e+08,-1.2076387,22.884274
CHN,China,"China, mainland",1970,1.9763501e+08,-1.2460601,18.807686
CHN,China,"China, mainland",1971,2.0913002e+08,-0.99718255,27.9345
CHN,China,"China, mainland",1972,2.0334002e+08,-1.0577315,39.95599
CHN,China,"China, mainland",1973,2.1889002e+08,-0.68700856,91.789665
CHN,China,"China, mainland",1974,2.3139002e+08,-1.0928293,22.076435
CHN,China,"China, mainland",1975,2.411912e+08,-0.6251766,61.56234
CHN,China,"China, mainland",1976,2.4665532e+08,-1.2699074,21.805332
CHN,China,"China, mainland",1977,2.3982514e+08,-1.0550675,24.00171
CHN,China,"China, mainland",1978,2.6982059e+08,-0.7403095,-22.636808
CHN,China,"China, mainland",1979,2.8952056e+08,-0.75690395,-1.7224572
CHN,China,"China, mainland",1980,2.771902e+08,-0.85558754,22.452715
CHN,China,"China, mainland",1981,2.8333031e+08,-0.82797027,51.223347
CHN,China,"China, mainland",1982,3.1208531e+08,-0.62328476,38.51781
CHN,China,"China, mainland",1983,3.4227006e+08,-0.91554517,96.10271
CHN,China,"China, mainland",1984,3.6282002e+08,-1.1351922,31.570023
CHN,China,"China, mainland",1985,3.3676104e+08,-1.0769286,61.424915
CHN,China,"China, mainland",1986,3.4916386e+08,-0.91544867,-9.255568
CHN,China,"China, mainland",1987,3.5636588e+08,-0.4299505,64.02501
CHN,China,"China, mainland",1988,3.4899693e+08,-0.47408906,17.079021
CHN,China,"China, mainland",1989,3.6481968e+08,-0.59258777,25.681793
CHN,China,"China, mainland",1990,4.0300141e+08,-0.20667507,88.94018
CHN,China,"China, mainland",1991,3.9609501e+08,-0.51359624,37.680542
CHN,China,"China, mainland",1992,4.0170262e+08,-0.7825324,25.974152
CHN,China,"China, mainland",1993,4.0517395e+08,-0.6461491,77.712296
CHN,China,"China, mainland",1994,3.9389106e+08,-0.036646504,70.41426
CHN,China,"China, mainland",1995,4.161137e+08,-0.37722662,38.454967
CHN,China,"China, mainland",1996,4.5104505e+08,-0.69740766,54.37716
CHN,China,"China, mainland",1997,4.4349342e+08,-0.35803643,21.990404
CHN,China,"China, mainland",1998,4.5624688e+08,0.4067932,132.75606
CHN,China,"China, mainland",1999,4.5304032e+08,0.24381173,32.040962
CHN,China,"China, mainland",2000,4.0522384e+08,-0.39957717,36.951538
CHN,China,"China, mainland",2001,3.9648318e+08,-0.005411625,-13.009845
CHN,China,"China, mainland",2002,3.9667626e+08,0.12928915,36.840355
CHN,China,"China, mainland",2003,3.748193e+08,-0.079742454,2.6627133
CHN,China,"China, mainland",2004,4.115704e+08,0.09648859,-48.719814
CHN,China,"China, mainland",2005,4.277605e+08,-0.24123786,-12.652362
CHN,China,"China, mainland",2006,4.5110815e+08,0.3330973,-72.761055
CHN,China,"China, mainland",2007,4.566634e+08,0.5361271,-65.1901
CHN,China,"China, mainland",2008,4.790479e+08,-0.000698636,-29.301785
CHN,China,"China, mainland",2009,4.82549e+08,0.20965542,-93.59745
CHN,China,"China, mainland",2010,4.977874e+08,-0.008594722,20.79674
CHN,China,"China, mainland",2011,5.215221e+08,-0.2718251,-122.4266
CHN,China,"China, mainland",2012,5.41702e+08,-0.5516753,11.119929
CHN,China,"China, mainland",2013,5.552014e+08,0.20288777,-40.202454
CHN,China,"China, mainland",2014,5.601684e+08,0.12646471,-47.9515
CHN,China,"China, mainland",2015,6.1770871e+08,0.4747642,-11.827291
CHN,China,"China, mainland",2016,6.1456527e+08,0.5781517,47.0708
CHN,China,"China, mainland",2017,6.1407017e+08,0.58729434,-37.535088
CHN,China,"China, mainland",2018,6.0888219e+08,0.23954183,-17.502466
CHN,China,"China, mainland",2019,6.1271147e+08,0.3851913,-46.978176
CHN,China,"China, mainland",2020,6.1532396e+08,0.42080352,12.813122
CHN,China,"China, mainland",2021,6.3154853e+08,0.63759935,5.258405
CHN,China,"China, mainland",2022,6.320975e+08,0.5990717,-50.16276
CHN,China,"China, mainland",2023,6.4058274e+08,0.7865262,-57.425323
CHN,China,"China, mainland",2024,6.5135574e+08,1.1581717,43.671333
CIV,Cote d'Ivoire,CÃ´te d'Ivoire,1961,294000,-0.84433204,-239.87491
CIV,Cote d'Ivoire,CÃ´te d'Ivoire,1962,451000,-1.0404903,48.08052
CIV,Cote d'Ivoire,CÃ´te d'Ivoire,1963,440600,-0.66893166,177.44481
CIV,Cote d'Ivoire,CÃ´te d'Ivoire,1964,478900,-0.85942715,-201.69463
CIV,Cote d'Ivoire,CÃ´te d'Ivoire,1965,481500,-1.0301689,-34.928566
CIV,Cote d'Ivoire,CÃ´te d'Ivoire,1966,524600,-0.64912814,-69.19422
CIV,Cote d'Ivoire,CÃ´te d'Ivoire,1967,620600,-1.036715,110.0182
CIV,Cote d'Ivoire,CÃ´te d'Ivoire,1968,625600,-0.90703946,561.3692
CIV,Cote d'Ivoire,CÃ´te d'Ivoire,1969,617800,-0.6904858,197.57927
CIV,Cote d'Ivoire,CÃ´te d'Ivoire,1970,591900,-0.565026,52.608242
CIV,Cote d'Ivoire,CÃ´te d'Ivoire,1971,711400,-1.0917441,295.63898
CIV,Cote d'Ivoire,CÃ´te d'Ivoire,1972,585900,-0.72336704,139.4398
CIV,Cote d'Ivoire,CÃ´te d'Ivoire,1973,613400,-0.27048793,127.47525
CIV,Cote d'Ivoire,CÃ´te d'Ivoire,1974,693900,-0.93887043,53.310123
CIV,Cote d'Ivoire,CÃ´te d'Ivoire,1975,837525,-1.0039268,-22.40987
CIV,Cote d'Ivoire,CÃ´te d'Ivoire,1976,780125,-1.2403392,37.331554
CIV,Cote d'Ivoire,CÃ´te d'Ivoire,1977,809385,-0.51479053,-29.843182
CIV,Cote d'Ivoire,CÃ´te d'Ivoire,1978,846450,-0.6837799,104.99067
CIV,Cote d'Ivoire,CÃ´te d'Ivoire,1979,889850,-0.52878886,342.12006
CIV,Cote d'Ivoire,CÃ´te d'Ivoire,1980,859900,-0.510781,258.7772
CIV,Cote d'Ivoire,CÃ´te d'Ivoire,1981,846680,-0.3412892,7.585219
CIV,Cote d'Ivoire,CÃ´te d'Ivoire,1982,934475,-0.60730696,-16.189682
CIV,Cote d'Ivoire,CÃ´te d'Ivoire,1983,818885,-0.068133354,-201.10289
CIV,Cote d'Ivoire,CÃ´te d'Ivoire,1984,1096250,-0.34833607,242.07565
CIV,Cote d'Ivoire,CÃ´te d'Ivoire,1985,1082424,-0.60293245,199.6986
CIV,Cote d'Ivoire,CÃ´te d'Ivoire,1986,1043119,-0.48798767,23.985388
CIV,Cote d'Ivoire,CÃ´te d'Ivoire,1987,1079837,0.28261948,154.82169
CIV,Cote d'Ivoire,CÃ´te d'Ivoire,1988,1150577,-0.15327168,227.79327
CIV,Cote d'Ivoire,CÃ´te d'Ivoire,1989,1194341,-0.32669878,148.31235
CIV,Cote d'Ivoire,CÃ´te d'Ivoire,1990,1241131,-0.2082448,47.032246
CIV,Cote d'Ivoire,CÃ´te d'Ivoire,1991,1224938,-0.3362085,101.9006
CIV,Cote d'Ivoire,CÃ´te d'Ivoire,1992,1245791,-0.46452713,-6.364514
CIV,Cote d'Ivoire,CÃ´te d'Ivoire,1993,1267664,-0.30642033,96.39372
CIV,Cote d'Ivoire,CÃ´te d'Ivoire,1994,1290241,-0.33422247,-11.930618
CIV,Cote d'Ivoire,CÃ´te d'Ivoire,1995,1321407,-0.38803974,216.16153
CIV,Cote d'Ivoire,CÃ´te d'Ivoire,1996,1354230,-0.49191347,66.327126
CIV,Cote d'Ivoire,CÃ´te d'Ivoire,1997,1221428,-0.31861338,-45.537235
CIV,Cote d'Ivoire,CÃ´te d'Ivoire,1998,1243200,0.23668592,28.110846
CIV,Cote d'Ivoire,CÃ´te d'Ivoire,1999,1264364,-0.58327323,138.46303
CIV,Cote d'Ivoire,CÃ´te d'Ivoire,2000,1285904,-0.4286777,-130.67499
CIV,Cote d'Ivoire,CÃ´te d'Ivoire,2001,1307824,-0.28839812,-176.74136
CIV,Cote d'Ivoire,CÃ´te d'Ivoire,2002,1330096,-0.11158609,-28.775766
CIV,Cote d'Ivoire,CÃ´te d'Ivoire,2003,1334280,0.11167892,59.70639
CIV,Cote d'Ivoire,CÃ´te d'Ivoire,2004,1378128,0.07077917,-66.97124
CIV,Cote d'Ivoire,CÃ´te d'Ivoire,2005,1424903,0.14549255,-34.373814
CIV,Cote d'Ivoire,CÃ´te d'Ivoire,2006,1441779,0.16136217,-124.79469
CIV,Cote d'Ivoire,CÃ´te d'Ivoire,2007,1224570,0.22576268,45.352783
CIV,Cote d'Ivoire,CÃ´te d'Ivoire,2008,1408447,0.07448403,99.791176
CIV,Cote d'Ivoire,CÃ´te d'Ivoire,2009,1428840,0.13578463,-51.579163
CIV,Cote d'Ivoire,CÃ´te d'Ivoire,2010,1961771,0.461243,86.92927
CIV,Cote d'Ivoire,CÃ´te d'Ivoire,2011,1607414,0.0522631,-86.347176
CIV,Cote d'Ivoire,CÃ´te d'Ivoire,2012,2332512,-0.017723719,-21.612747
CIV,Cote d'Ivoire,CÃ´te d'Ivoire,2013,2712481,0.13155635,-141.72372
CIV,Cote d'Ivoire,CÃ´te d'Ivoire,2014,2855919,0.143905,33.50242
CIV,Cote d'Ivoire,CÃ´te d'Ivoire,2015,3308600,0.185709,-134.32701
CIV,Cote d'Ivoire,CÃ´te d'Ivoire,2016,3159200,0.55063677,-82.05704
CIV,Cote d'Ivoire,CÃ´te d'Ivoire,2017,3290400,0.40363136,-17.547663
CIV,Cote d'Ivoire,CÃ´te d'Ivoire,2018,3214062,0.13678646,160.60927
CIV,Cote d'Ivoire,CÃ´te d'Ivoire,2019,3139196,0.37437996,162.37785
CIV,Cote d'Ivoire,CÃ´te d'Ivoire,2020,2817182,0.4674681,-134.26727
CIV,Cote d'Ivoire,CÃ´te d'Ivoire,2021,2956948,0.495409,-20.749792
CIV,Cote d'Ivoire,CÃ´te d'Ivoire,2022,3065235,0.10943285,-35.057095
CIV,Cote d'Ivoire,CÃ´te d'Ivoire,2023,3575695,0.6794923,-126.70735
CIV,Cote d'Ivoire,CÃ´te d'Ivoire,2024,4168058,0.7734785,-245.16046
CMR,Cameroon,Cameroon,1961,703583,-0.7606376,-129.25784
CMR,Cameroon,Cameroon,1962,689048,-0.77283096,-58.16215
CMR,Cameroon,Cameroon,1963,700750,-0.33957162,-286.63068
CMR,Cameroon,Cameroon,1964,694099,-0.19872236,-513.279
CMR,Cameroon,Cameroon,1965,673250,-0.38199472,-418.33517
CMR,Cameroon,Cameroon,1966,725794,-0.057572365,-318.3063
CMR,Cameroon,Cameroon,1967,631191,-1.0298334,223.38803
CMR,Cameroon,Cameroon,1968,643847,-0.9058731,120.88932
CMR,Cameroon,Cameroon,1969,788129,-0.7127943,347.33133
CMR,Cameroon,Cameroon,1970,737727,-0.7548482,152.85052
CMR,Cameroon,Cameroon,1971,798840,-0.9953888,126.44913
CMR,Cameroon,Cameroon,1972,777845,-0.6785963,-47.35983
CMR,Cameroon,Cameroon,1973,769867,-0.36551747,233.10266
CMR,Cameroon,Cameroon,1974,860079,-1.1864051,254.32616
CMR,Cameroon,Cameroon,1975,1102526,-1.1679367,132.51376
CMR,Cameroon,Cameroon,1976,834899,-1.0962263,185.33847
CMR,Cameroon,Cameroon,1977,846930,-0.6036474,-55.812286
CMR,Cameroon,Cameroon,1978,887449,-0.77852756,125.62592
CMR,Cameroon,Cameroon,1979,872186,-0.70888454,161.2011
CMR,Cameroon,Cameroon,1980,891774,-0.60523987,345.8648
CMR,Cameroon,Cameroon,1981,834621,-0.77642995,186.62479
CMR,Cameroon,Cameroon,1982,961200,-0.8035329,249.3759
CMR,Cameroon,Cameroon,1983,889155,-0.3594041,-106.29138
CMR,Cameroon,Cameroon,1984,657375,-0.65065575,105.48307
CMR,Cameroon,Cameroon,1985,815330,-0.8456979,327.127
CMR,Cameroon,Cameroon,1986,1094453,-0.5882756,172.43015
CMR,Cameroon,Cameroon,1987,714801,0.069174446,68.24652
CMR,Cameroon,Cameroon,1988,899635,-0.37951532,281.8313
CMR,Cameroon,Cameroon,1989,857532,-0.765691,-36.437477
CMR,Cameroon,Cameroon,1990,816296,-0.19374561,150.98026
CMR,Cameroon,Cameroon,1991,994961.9,-0.34137282,64.14296
CMR,Cameroon,Cameroon,1992,1019074.5,-0.6868448,118.07564
CMR,Cameroon,Cameroon,1993,986587.16,-0.3459476,202.09566
CMR,Cameroon,Cameroon,1994,960797.51,-0.35991907,331.53326
CMR,Cameroon,Cameroon,1995,1179857.5,-0.2634201,233.04639
CMR,Cameroon,Cameroon,1996,1296414,-0.34996414,110.01241
CMR,Cameroon,Cameroon,1997,1267561.6,-0.27281094,21.013836
CMR,Cameroon,Cameroon,1998,1411778.5,0.4050654,-20.214046
CMR,Cameroon,Cameroon,1999,1185283.7,-0.49076667,242.17955
CMR,Cameroon,Cameroon,2000,1275031.2,-0.54942876,37.732666
CMR,Cameroon,Cameroon,2001,1356269.1,-0.4179276,-81.70151
CMR,Cameroon,Cameroon,2002,1498928.5,-0.20449845,-31.489832
CMR,Cameroon,Cameroon,2003,1587074.4,0.022562822,-56.965122
CMR,Cameroon,Cameroon,2004,1684566.1,-0.019851526,-21.674915
CMR,Cameroon,Cameroon,2005,1873820.6,0.25004578,-170.85995
CMR,Cameroon,Cameroon,2006,2096108.1,0.13746531,-218.44609
CMR,Cameroon,Cameroon,2007,2368429.6,-0.024380365,-0.9472872
CMR,Cameroon,Cameroon,2008,2474095.4,-0.12965615,-124.75131
CMR,Cameroon,Cameroon,2009,2820273.6,0.27938128,-52.090992
CMR,Cameroon,Cameroon,2010,3011835,0.56700104,-128.95842
CMR,Cameroon,Cameroon,2011,2988076,0.018776735,-151.97536
CMR,Cameroon,Cameroon,2012,3229408,-0.025469938,-71.609695
CMR,Cameroon,Cameroon,2013,3197150,0.13323243,-29.934359
CMR,Cameroon,Cameroon,2014,3357882.4,0.097147785,31.553783
CMR,Cameroon,Cameroon,2015,3645512.7,0.245279,-127.41785
CMR,Cameroon,Cameroon,2016,3716222.4,0.47514376,41.19626
CMR,Cameroon,Cameroon,2017,3692887,0.4239974,-53.118763
CMR,Cameroon,Cameroon,2018,4063863.6,0.3166933,-98.75648
CMR,Cameroon,Cameroon,2019,3889193,0.49649096,146.74997
CMR,Cameroon,Cameroon,2020,3539714.9,0.61397964,-138.42038
CMR,Cameroon,Cameroon,2021,3715922.2,0.57773143,-155.18854
CMR,Cameroon,Cameroon,2022,3843696.3,0.22283427,-195.66963
CMR,Cameroon,Cameroon,2023,3841420.3,0.6593167,-37.772373
CMR,Cameroon,Cameroon,2024,3846198.5,1.0066243,-320.3479
COD,Democratic Republic of Congo,Democratic Republic of the Congo,1961,503194,-1.145421,568.4141
COD,Democratic Republic of Congo,Democratic Republic of the Congo,1962,491776,-1.3036026,550.77704
COD,Democratic Republic of Congo,Democratic Republic of the Congo,1963,456941,-1.032781,328.36417
COD,Democratic Republic of Congo,Democratic Republic of the Congo,1964,458636,-0.78260154,218.9388
COD,Democratic Republic of Congo,Democratic Republic of the Congo,1965,448234,-0.8976734,228.90059
COD,Democratic Republic of Congo,Democratic Republic of the Congo,1966,532604,-0.6074443,244.51692
COD,Democratic Republic of Congo,Democratic Republic of the Congo,1967,558240,-1.1779529,595.3948
COD,Democratic Republic of Congo,Democratic Republic of the Congo,1968,654274,-1.0630293,355.44275
COD,Democratic Republic of Congo,Democratic Republic of the Congo,1969,645935,-0.711826,472.84708
COD,Democratic Republic of Congo,Democratic Republic of the Congo,1970,666231,-0.7466853,370.6183
COD,Democratic Republic of Congo,Democratic Republic of the Congo,1971,672000,-1.1126796,261.91748
COD,Democratic Republic of Congo,Democratic Republic of the Congo,1972,701555,-0.93924284,436.09128
COD,Democratic Republic of Congo,Democratic Republic of the Congo,1973,712224,-0.52000904,226.43709
COD,Democratic Republic of Congo,Democratic Republic of the Congo,1974,735654,-1.1758528,293.46777
COD,Democratic Republic of Congo,Democratic Republic of the Congo,1975,759021,-1.1813711,355.37115
COD,Democratic Republic of Congo,Democratic Republic of the Congo,1976,773400,-1.182745,472.23337
COD,Democratic Republic of Congo,Democratic Republic of the Congo,1977,779900,-0.79659766,400.57236
COD,Democratic Republic of Congo,Democratic Republic of the Congo,1978,770800,-0.70613813,326.19974
COD,Democratic Republic of Congo,Democratic Republic of the Congo,1979,868800,-0.62408894,416.15753
COD,Democratic Republic of Congo,Democratic Republic of the Congo,1980,889000,-0.5496216,284.2775
COD,Democratic Republic of Congo,Democratic Republic of the Congo,1981,940900,-0.62216836,250.77809
COD,Democratic Republic of Congo,Democratic Republic of the Congo,1982,981290,-0.6651368,307.71582
COD,Democratic Republic of Congo,Democratic Republic of the Congo,1983,1010485,-0.1145393,118.9337
COD,Democratic Republic of Congo,Democratic Republic of the Congo,1984,1057866,-0.7143728,177.66885
COD,Democratic Republic of Congo,Democratic Republic of the Congo,1985,1141300,-0.85154104,287.94794
COD,Democratic Republic of Congo,Democratic Republic of the Congo,1986,1192860,-0.68055534,398.68256
COD,Democratic Republic of Congo,Democratic Republic of the Congo,1987,1256060,-0.07163779,336.40408
COD,Democratic Republic of Congo,Democratic Republic of the Congo,1988,1332440,-0.36641136,372.56763
COD,Democratic Republic of Congo,Democratic Republic of the Congo,1989,1414920,-0.5410886,134.03003
COD,Democratic Republic of Congo,Democratic Republic of the Congo,1990,1490658,-0.2748402,221.74155
COD,Democratic Republic of Congo,Democratic Republic of the Congo,1991,1458967.2,-0.47801957,244.29231
COD,Democratic Republic of Congo,Democratic Republic of the Congo,1992,1502518.8,-0.5445277,183.95377
COD,Democratic Republic of Congo,Democratic Republic of the Congo,1993,1607622,-0.46917105,211.11607
COD,Democratic Republic of Congo,Democratic Republic of the Congo,1994,1659940,-0.49458107,316.09198
COD,Democratic Republic of Congo,Democratic Republic of the Congo,1995,1479045.1,-0.2865111,184.4059
COD,Democratic Republic of Congo,Democratic Republic of the Congo,1996,1556773.2,-0.43678823,177.22107
COD,Democratic Republic of Congo,Democratic Republic of the Congo,1997,1531845.5,-0.2203296,242.1322
COD,Democratic Republic of Congo,Democratic Republic of the Congo,1998,1621402.8,0.3308021,125.64408
COD,Democratic Republic of Congo,Democratic Republic of the Congo,1999,1592753,-0.5769391,189.89731
COD,Democratic Republic of Congo,Democratic Republic of the Congo,2000,1572045,-0.4598945,14.85289
COD,Democratic Republic of Congo,Democratic Republic of the Congo,2001,1546061,-0.40313515,-62.26024
COD,Democratic Republic of Congo,Democratic Republic of the Congo,2002,1520470,-0.17827177,-25.060892
COD,Democratic Republic of Congo,Democratic Republic of the Congo,2003,1521340,-0.081700325,-124.92439
COD,Democratic Republic of Congo,Democratic Republic of the Congo,2004,1522295,-0.060458023,-93.66954
COD,Democratic Republic of Congo,Democratic Republic of the Congo,2005,1523240,0.17367871,-65.7452
COD,Democratic Republic of Congo,Democratic Republic of the Congo,2006,1524145,-0.16947095,38.148163
COD,Democratic Republic of Congo,Democratic Republic of the Congo,2007,1525030,-0.071455,-57.28012
COD,Democratic Republic of Congo,Democratic Republic of the Congo,2008,1525860,-0.15448332,-97.92119
COD,Democratic Republic of Congo,Democratic Republic of the Congo,2009,1526862,0.07845179,8.886251
COD,Democratic Republic of Congo,Democratic Republic of the Congo,2010,2591311,0.36060873,-32.754673
COD,Democratic Republic of Congo,Democratic Republic of the Congo,2011,2656556.5,0.04455884,-90.62163
COD,Democratic Republic of Congo,Democratic Republic of the Congo,2012,2644174.8,0.017323494,-121.71812
COD,Democratic Republic of Congo,Democratic Republic of the Congo,2013,2858786.6,0.28577504,-204.0389
COD,Democratic Republic of Congo,Democratic Republic of the Congo,2014,3097523.8,0.32267252,-201.64038
COD,Democratic Republic of Congo,Democratic Republic of the Congo,2015,3120941,0.4450717,-148.44267
COD,Democratic Republic of Congo,Democratic Republic of the Congo,2016,3293367.7,0.7969146,-177.69556
COD,Democratic Republic of Congo,Democratic Republic of the Congo,2017,3459463.8,0.51498127,-104.65421
COD,Democratic Republic of Congo,Democratic Republic of the Congo,2018,3533729.7,0.36586776,-125.21888
COD,Democratic Republic of Congo,Democratic Republic of the Congo,2019,3576504.5,0.6222863,-84.75508
COD,Democratic Republic of Congo,Democratic Republic of the Congo,2020,3720558.6,0.7267391,-118.24033
COD,Democratic Republic of Congo,Democratic Republic of the Congo,2021,3882129.4,0.74430007,-272.7329
COD,Democratic Republic of Congo,Democratic Republic of the Congo,2022,4035103.9,0.5090788,-189.35286
COD,Democratic Republic of Congo,Democratic Republic of the Congo,2023,4207509,0.8154194,-75.07991
COD,Democratic Republic of Congo,Democratic Republic of the Congo,2024,4388403.1,1.4729729,-367.48715
COG,Congo,Congo,1961,5000,-0.9457591,279.60654
COG,Congo,Congo,1962,5050,-0.8935879,111.21968
COG,Congo,Congo,1963,8800,-0.556303,-42.590763
COG,Congo,Congo,1964,9000,-0.4967456,-226.40477
COG,Congo,Congo,1965,10000,-0.68211395,-10.581914
COG,Congo,Congo,1966,11000,-0.33061013,60.382618
COG,Congo,Congo,1967,12000,-1.1356536,740.85834
COG,Congo,Congo,1968,15500,-0.9352312,191.80455
COG,Congo,Congo,1969,10000,-0.7534601,312.46234
COG,Congo,Congo,1970,8000,-0.6781562,235.31908
COG,Congo,Congo,1971,10000,-0.96242887,168.41833
COG,Congo,Congo,1972,11701,-0.7854664,100.43052
COG,Congo,Congo,1973,12229,-0.49152026,295.56882
COG,Congo,Congo,1974,18431,-1.1235303,221.74124
COG,Congo,Congo,1975,20650,-1.03866,153.35385
COG,Congo,Congo,1976,20860,-1.1746086,202.52762
COG,Congo,Congo,1977,21011,-0.7788879,248.48177
COG,Congo,Congo,1978,13500,-0.7408617,33.547585
COG,Congo,Congo,1979,20000,-0.661627,217.99971
COG,Congo,Congo,1980,11713,-0.6965227,259.9198
COG,Congo,Congo,1981,13400,-0.6798439,124.79362
COG,Congo,Congo,1982,8472,-0.78261536,193.04024
COG,Congo,Congo,1983,12387,-0.30071497,-59.32273
COG,Congo,Congo,1984,14371,-0.604667,209.7182
COG,Congo,Congo,1985,16048,-0.8124738,266.81403
COG,Congo,Congo,1986,22121,-0.58320874,295.45117
COG,Congo,Congo,1987,19942,-0.05246369,244.1057
COG,Congo,Congo,1988,20805,-0.39072862,432.16928
COG,Congo,Congo,1989,21691,-0.5459921,87.20275
COG,Congo,Congo,1990,6014,-0.34857416,175.34631
COG,Congo,Congo,1991,6225,-0.32277218,84.35458
COG,Congo,Congo,1992,6442,-0.6185951,85.540634
COG,Congo,Congo,1993,8663,-0.4570535,171.85797
COG,Congo,Congo,1994,8909.85,-0.42906108,282.1135
COG,Congo,Congo,1995,11143.25,-0.3014606,265.78268
COG,Congo,Congo,1996,11680.64,-0.56355476,108.55119
COG,Congo,Congo,1997,11934.03,-0.24721272,107.03902
COG,Congo,Congo,1998,12838.4,0.402963,43.338573
COG,Congo,Congo,1999,9537.76,-0.49219465,269.95056
COG,Congo,Congo,2000,9767.33,-0.56716806,72.76716
COG,Congo,Congo,2001,18024.71,-0.4626206,-165.27711
COG,Congo,Congo,2002,19205.62,-0.11768118,5.634711
COG,Congo,Congo,2003,22188.46,0.029465834,-15.044633
COG,Congo,Congo,2004,22002.71,-0.004265785,-136.28561
COG,Congo,Congo,2005,22090.42,0.22634809,-147.34015
COG,Congo,Congo,2006,21700,-0.037591618,-63.95299
COG,Congo,Congo,2007,21323.02,0.033228397,-24.298225
COG,Congo,Congo,2008,22950,-0.09836515,-93.498276
COG,Congo,Congo,2009,23900,0.09332657,-4.4578314
COG,Congo,Congo,2010,24795.16,0.41050133,-129.65831
COG,Congo,Congo,2011,25268.64,0.07298025,-83.341805
COG,Congo,Congo,2012,26547.44,0.042659443,-60.99115
COG,Congo,Congo,2013,28119.85,0.19735432,-200.59645
COG,Congo,Congo,2014,26730.11,0.17567618,-61.948177
COG,Congo,Congo,2015,27620.12,0.36623654,-194.08885
COG,Congo,Congo,2016,28896.54,0.69547254,-97.58335
COG,Congo,Congo,2017,29874.2,0.3377255,-9.01704
COG,Congo,Congo,2018,29912.76,0.3574656,-101.28579
COG,Congo,Congo,2019,30925.48,0.6233406,59.040222
COG,Congo,Congo,2020,29929.52,0.65486735,32.694977
COG,Congo,Congo,2021,29893.57,0.5659445,-106.6721
COG,Congo,Congo,2022,30613.72,0.37879467,-152.83972
COG,Congo,Congo,2023,30126.51,0.57981426,18.041603
COG,Congo,Congo,2024,30221.17,1.1018134,-251.40297
COL,Colombia,Colombia,1961,1476921,-0.51258296,-352.68005
COL,Colombia,Colombia,1962,1616500,-0.5290292,-385.37402
COL,Colombia,Colombia,1963,1551280,-0.23789422,-413.2701
COL,Colombia,Colombia,1964,1826649,-0.3641666,-186.81198
COL,Colombia,Colombia,1965,1812755,-0.2988793,-391.90402
COL,Colombia,Colombia,1966,1810000,-0.22655408,-181.8969
COL,Colombia,Colombia,1967,1776700,-0.5035386,-109.66498
COL,Colombia,Colombia,1968,1952100,-0.50990933,104.06126
COL,Colombia,Colombia,1969,1839285,-0.060455322,102.49419
COL,Colombia,Colombia,1970,1888195,-0.3877147,270.15024
COL,Colombia,Colombia,1971,2123548,-0.94693834,453.7844
COL,Colombia,Colombia,1972,2227384,-0.3828443,52.349052
COL,Colombia,Colombia,1973,2349871,-0.2592422,427.5685
COL,Colombia,Colombia,1974,2854540,-0.7117912,161.11876
COL,Colombia,Colombia,1975,2841330,-0.84297276,383.16385
COL,Colombia,Colombia,1976,2909420,-0.6432707,-77.0547
COL,Colombia,Colombia,1977,2672126,-0.27872673,-10.189844
COL,Colombia,Colombia,1978,3415824,-0.34818825,214.29326
COL,Colombia,Colombia,1979,3381881,-0.24245739,103.50028
COL,Colombia,Colombia,1980,3224948,-0.008574486,-246.75047
COL,Colombia,Colombia,1981,3409936,-0.34645638,112.17181
COL,Colombia,Colombia,1982,3617861,-0.42908192,-89.272606
COL,Colombia,Colombia,1983,3379234,-0.08714803,-168.48003
COL,Colombia,Colombia,1984,3257772,-0.8643705,101.69796
COL,Colombia,Colombia,1985,3144300,-0.64249563,-165.89859
COL,Colombia,Colombia,1986,3067149,-0.71462375,197.87195
COL,Colombia,Colombia,1987,3598000,-0.073759556,119.4785
COL,Colombia,Colombia,1988,3553800,-0.318549,246.13548
COL,Colombia,Colombia,1989,4007400,-0.73362666,97.50898
COL,Colombia,Colombia,1990,4314100,-0.44140306,69.84184
COL,Colombia,Colombia,1991,3947900,-0.24815194,131.0698
COL,Colombia,Colombia,1992,3673663,-0.24057531,-43.96619
COL,Colombia,Colombia,1993,3521972,-0.47291026,231.80789
COL,Colombia,Colombia,1994,3630507,-0.46311283,260.74817
COL,Colombia,Colombia,1995,3435137,-0.19471025,47.024998
COL,Colombia,Colombia,1996,3177322,-0.6582945,131.33939
COL,Colombia,Colombia,1997,3207093,-0.11308543,-288.96103
COL,Colombia,Colombia,1998,2892815,0.1079189,333.7128
COL,Colombia,Colombia,1999,3407331,-0.770438,204.68512
COL,Colombia,Colombia,2000,3619055,-0.5721858,223.97014
COL,Colombia,Colombia,2001,3548898,-0.3697141,-86.57891
COL,Colombia,Colombia,2002,3621268,-0.12124189,-90.99728
COL,Colombia,Colombia,2003,4284960,-0.11666711,45.72061
COL,Colombia,Colombia,2004,4438852,-0.06702709,-125.04962
COL,Colombia,Colombia,2005,4098565,0.14918916,-127.18747
COL,Colombia,Colombia,2006,3685423,-0.04569292,-20.357687
COL,Colombia,Colombia,2007,4013252,0.06693777,46.79167
COL,Colombia,Colombia,2008,4323748,-0.11684259,44.747498
COL,Colombia,Colombia,2009,4178754,0.16523536,-62.600742
COL,Colombia,Colombia,2010,3535917,0.419274,258.11005
COL,Colombia,Colombia,2011,3798448.7,0.017483234,204.26695
COL,Colombia,Colombia,2012,3898180,0.020257473,-44.766487
COL,Colombia,Colombia,2013,3864355.7,0.18337536,-23.101154
COL,Colombia,Colombia,2014,3698781.1,0.3255402,-34.937035
COL,Colombia,Colombia,2015,3603471.6,0.5573179,-153.69261
COL,Colombia,Colombia,2016,3982827.1,0.6878498,7.8084316
COL,Colombia,Colombia,2017,4057766.6,0.43303093,-267.3894
COL,Colombia,Colombia,2018,3995557.7,0.24539979,-203.03618
COL,Colombia,Colombia,2019,4061519.2,0.5298551,-267.73837
COL,Colombia,Colombia,2020,4458460.3,0.6619999,-331.44333
COL,Colombia,Colombia,2021,4556233.2,0.239875,-22.294563
COL,Colombia,Colombia,2022,4558570.5,0.08406194,-97.039505
COL,Colombia,Colombia,2023,4765426,0.81734437,-448.74985
COL,Colombia,Colombia,2024,4342473.3,1.1851338,-481.7934
COM,Comoros,Comoros,1961,11300,-0.36653265,500.0424
COM,Comoros,Comoros,1962,11300,-0.6076233,440.38443
COM,Comoros,Comoros,1963,12300,-0.54544,167.6222
COM,Comoros,Comoros,1964,13600,-0.6158056,-77.37469
COM,Comoros,Comoros,1965,15000,-0.76669914,201.95193
COM,Comoros,Comoros,1966,16300,-0.18366702,-354.60477
COM,Comoros,Comoros,1967,15500,-0.26990128,-12.658684
COM,Comoros,Comoros,1968,14500,-0.6057089,94.092255
COM,Comoros,Comoros,1969,13500,-0.19011195,97.5511
COM,Comoros,Comoros,1970,13500,-0.28856993,139.7889
COM,Comoros,Comoros,1971,11500,-0.7815607,565.3269
COM,Comoros,Comoros,1972,12600,-0.34772125,454.07144
COM,Comoros,Comoros,1973,13700,-0.291293,335.85165
COM,Comoros,Comoros,1974,14800,-0.8295665,266.75397
COM,Comoros,Comoros,1975,16000,-0.661952,169.33237
COM,Comoros,Comoros,1976,16200,-0.6907504,337.6244
COM,Comoros,Comoros,1977,17600,-0.11667951,12.301405
COM,Comoros,Comoros,1978,18000,-0.35005045,276.74014
COM,Comoros,Comoros,1979,18000,-0.10886622,100.14348
COM,Comoros,Comoros,1980,18200,-0.28919777,469.9744
COM,Comoros,Comoros,1981,18300,-0.2720704,18.911125
COM,Comoros,Comoros,1982,18200,0.023839315,69.43456
COM,Comoros,Comoros,1983,18000,0.023097673,290.11972
COM,Comoros,Comoros,1984,16650,-0.62254924,52.595493
COM,Comoros,Comoros,1985,16550,-0.61441326,123.55928
COM,Comoros,Comoros,1986,16990,-0.35984325,281.22153
COM,Comoros,Comoros,1987,16450,0.06233406,-199.95193
COM,Comoros,Comoros,1988,16500,0.085655056,9.047612
COM,Comoros,Comoros,1989,18550,-0.5611283,558.42065
COM,Comoros,Comoros,1990,18655,-0.15790479,-139.24994
COM,Comoros,Comoros,1991,5080,-0.2427427,459.69675
COM,Comoros,Comoros,1992,5019.2,-0.29465356,-400.38123
COM,Comoros,Comoros,1993,4996.58,-0.35938105,-18.453066
COM,Comoros,Comoros,1994,4994.55,-0.24919033,239.9469
COM,Comoros,Comoros,1995,5011.96,-0.19443448,-202.14507
COM,Comoros,Comoros,1996,4961.68,-0.46416712,111.72617
COM,Comoros,Comoros,1997,4920.52,-0.012387116,-338.60425
COM,Comoros,Comoros,1998,4921.25,0.23098087,-142.31056
COM,Comoros,Comoros,1999,4903.43,-0.25472197,-222.6111
COM,Comoros,Comoros,2000,4883.37,-0.17152357,-376.64117
COM,Comoros,Comoros,2001,4862.26,-0.08539835,-191.39795
COM,Comoros,Comoros,2002,4834.15,0.003806591,192.14644
COM,Comoros,Comoros,2003,4940.21,0.10197973,-161.01344
COM,Comoros,Comoros,2004,5415.3,-0.17324893,152.33589
COM,Comoros,Comoros,2005,5426.83,-0.012305577,-142.3473
COM,Comoros,Comoros,2006,5812.35,-0.12489271,487.18073
COM,Comoros,Comoros,2007,6281.92,0.15655994,-194.7014
COM,Comoros,Comoros,2008,9029.91,-0.33973727,263.75784
COM,Comoros,Comoros,2009,9996.41,0.05687205,-48.159485
COM,Comoros,Comoros,2010,11725.8,0.36797634,-249.92094
COM,Comoros,Comoros,2011,12596.15,0.0347902,2.0949814
COM,Comoros,Comoros,2012,13414.4,-0.018588385,39.39938
COM,Comoros,Comoros,2013,14162.39,0.06448889,78.84363
COM,Comoros,Comoros,2014,14818,0.19138448,-95.40205
COM,Comoros,Comoros,2015,15372,0.33141312,57.8334
COM,Comoros,Comoros,2016,15926,0.16784763,285.47443
COM,Comoros,Comoros,2017,16480,0.27635098,168.3989
COM,Comoros,Comoros,2018,17035,0.13478756,-4.173387
COM,Comoros,Comoros,2019,17588,0.533354,191.07088
COM,Comoros,Comoros,2020,18143,0.3447865,58.35612
COM,Comoros,Comoros,2021,18697,0.14267413,-154.37051
COM,Comoros,Comoros,2022,19232.78,-0.082183205,-142.83134
COM,Comoros,Comoros,2023,19755.9,0.64289695,-161.16457
COM,Comoros,Comoros,2024,20109.88,0.7102515,527.45154
CPV,Cape Verde,Cabo Verde,1961,13000,-0.21653335,19.593857
CPV,Cape Verde,Cabo Verde,1962,13000,-0.1613574,25.76461
CPV,Cape Verde,Cabo Verde,1963,13000,-0.12039677,-26.419952
CPV,Cape Verde,Cabo Verde,1964,13000,-0.3821082,-6.410906
CPV,Cape Verde,Cabo Verde,1965,17000,-0.5613139,46.86831
CPV,Cape Verde,Cabo Verde,1966,19000,-0.04906972,48.19602
CPV,Cape Verde,Cabo Verde,1967,22000,-0.4883755,177.72267
CPV,Cape Verde,Cabo Verde,1968,11000,-0.66659737,-30.740223
CPV,Cape Verde,Cabo Verde,1969,7000,0.36923647,45.574444
CPV,Cape Verde,Cabo Verde,1970,924,0.022192478,-4.8772216
CPV,Cape Verde,Cabo Verde,1971,910,-0.6501951,-5.230669
CPV,Cape Verde,Cabo Verde,1972,575,-0.94931,-80.67781
CPV,Cape Verde,Cabo Verde,1973,714,-0.6176141,21.779823
CPV,Cape Verde,Cabo Verde,1974,2200,-1.0168792,-22.544184
CPV,Cape Verde,Cabo Verde,1975,4000,-0.85326165,22.968794
CPV,Cape Verde,Cabo Verde,1976,5000,-0.97001,30.251482
CPV,Cape Verde,Cabo Verde,1977,1500,-0.54477626,-129.90688
CPV,Cape Verde,Cabo Verde,1978,1000,-0.3541352,-35.162094
CPV,Cape Verde,Cabo Verde,1979,6000,0.10653067,-39.371838
CPV,Cape Verde,Cabo Verde,1980,8500,-0.029836336,62.925797
CPV,Cape Verde,Cabo Verde,1981,3000,-0.17332315,-74.74485
CPV,Cape Verde,Cabo Verde,1982,4400,-0.42294708,-18.947622
CPV,Cape Verde,Cabo Verde,1983,2700,-0.014750163,-93.07176
CPV,Cape Verde,Cabo Verde,1984,2525,-0.5553222,-61.40049
CPV,Cape Verde,Cabo Verde,1985,1323,-0.433081,-12.49964
CPV,Cape Verde,Cabo Verde,1986,12138,-0.7967054,-12.262735
CPV,Cape Verde,Cabo Verde,1987,21182,0.34064803,-6.1015396
CPV,Cape Verde,Cabo Verde,1988,16507,-0.14544058,43.777084
CPV,Cape Verde,Cabo Verde,1989,9714,-0.331206,3.1295543
CPV,Cape Verde,Cabo Verde,1990,11418,0.13921022,29.652792
CPV,Cape Verde,Cabo Verde,1991,8258,-0.4932065,-71.901855
CPV,Cape Verde,Cabo Verde,1992,10265,-0.283964,-90.899086
CPV,Cape Verde,Cabo Verde,1993,11888,-0.53625727,-62.75432
CPV,Cape Verde,Cabo Verde,1994,8163,-0.71275425,-80.941574
CPV,Cape Verde,Cabo Verde,1995,8166,0.21188498,-18.444633
CPV,Cape Verde,Cabo Verde,1996,10190,0.12334951,-18.783949
CPV,Cape Verde,Cabo Verde,1997,4900,0.34265184,-80.14298
CPV,Cape Verde,Cabo Verde,1998,4883,0.49096236,-66.907166
CPV,Cape Verde,Cabo Verde,1999,36439,-0.46886906,108.11298
CPV,Cape Verde,Cabo Verde,2000,24341,-0.1653711,54.408558
CPV,Cape Verde,Cabo Verde,2001,19549,0.18077564,-44.394737
CPV,Cape Verde,Cabo Verde,2002,5067,0.007337252,-67.30394
CPV,Cape Verde,Cabo Verde,2003,12154,0.12231509,0.1158753
CPV,Cape Verde,Cabo Verde,2004,10000,0.19457865,-11.334546
CPV,Cape Verde,Cabo Verde,2005,3648,0.5380328,7.949202
CPV,Cape Verde,Cabo Verde,2006,6378,0.35252938,10.004264
CPV,Cape Verde,Cabo Verde,2007,4425,-0.13464849,-49.160503
CPV,Cape Verde,Cabo Verde,2008,8039,0.076708,63.725746
CPV,Cape Verde,Cabo Verde,2009,7383,-0.18669288,86.50158
CPV,Cape Verde,Cabo Verde,2010,7047,0.9068462,154.3886
CPV,Cape Verde,Cabo Verde,2011,5569,0.2874179,9.195439
CPV,Cape Verde,Cabo Verde,2012,6001,-0.06679837,42.954334
CPV,Cape Verde,Cabo Verde,2013,5785,0.008212566,115.30778
CPV,Cape Verde,Cabo Verde,2014,1065,-0.40838417,-45.626083
CPV,Cape Verde,Cabo Verde,2015,8677,-0.2993668,95.57382
CPV,Cape Verde,Cabo Verde,2016,5642,0.13111782,132.41356
CPV,Cape Verde,Cabo Verde,2017,4,0.30912748,-100.48721
CPV,Cape Verde,Cabo Verde,2018,719.4,-0.723351,-51.876617
CPV,Cape Verde,Cabo Verde,2019,640,-0.2189482,-61.760975
CPV,Cape Verde,Cabo Verde,2020,432,0.4147606,42.06843
CPV,Cape Verde,Cabo Verde,2021,449,0.054828327,-32.75389
CPV,Cape Verde,Cabo Verde,2022,221.6,0.2074383,-3.8238382
CPV,Cape Verde,Cabo Verde,2023,464,1.0070552,17.06911
CPV,Cape Verde,Cabo Verde,2024,5,0.8282096,17.426903
CRI,Costa Rica,Costa Rica,1961,118813,-0.40623108,-801.29706
CRI,Costa Rica,Costa Rica,1962,131894,-0.75541085,-8.088353
CRI,Costa Rica,Costa Rica,1963,134717,-0.59782505,-195.163
CRI,Costa Rica,Costa Rica,1964,150324,-0.5436754,-483.3761
CRI,Costa Rica,Costa Rica,1965,169085,-0.50920516,-258.16336
CRI,Costa Rica,Costa Rica,1966,176991,-0.38518158,94.94608
CRI,Costa Rica,Costa Rica,1967,188871,-0.62773895,-136.05348
CRI,Costa Rica,Costa Rica,1968,198847,-0.69233686,27.063988
CRI,Costa Rica,Costa Rica,1969,179050,0.0021061897,610.7351
CRI,Costa Rica,Costa Rica,1970,162294,-0.5295822,1113.4276
CRI,Costa Rica,Costa Rica,1971,173673,-0.8676837,393.2054
CRI,Costa Rica,Costa Rica,1972,177355,-0.30163875,28.163002
CRI,Costa Rica,Costa Rica,1973,186046,-0.38466248,770.8826
CRI,Costa Rica,Costa Rica,1974,201358,-0.8547301,185.19069
CRI,Costa Rica,Costa Rica,1975,283183,-0.725807,730.43005
CRI,Costa Rica,Costa Rica,1976,272238,-0.6481654,-230.47826
CRI,Costa Rica,Costa Rica,1977,294310,-0.18143766,-434.08835
CRI,Costa Rica,Costa Rica,1978,312673,-0.2951466,144.82622
CRI,Costa Rica,Costa Rica,1979,326109,-0.34500694,279.72433
CRI,Costa Rica,Costa Rica,1980,347564,-0.12699366,-77.06069
CRI,Costa Rica,Costa Rica,1981,336112,-0.34968233,403.08978
CRI,Costa Rica,Costa Rica,1982,255755,-0.05517769,-447.92914
CRI,Costa Rica,Costa Rica,1983,372438,0.3233056,-641.35913
CRI,Costa Rica,Costa Rica,1984,362820,-0.5114649,-401.338
CRI,Costa Rica,Costa Rica,1985,380804,-0.6202195,-463.3604
CRI,Costa Rica,Costa Rica,1986,342176,-0.45371136,-328.8709
CRI,Costa Rica,Costa Rica,1987,299427,0.4657003,-273.43036
CRI,Costa Rica,Costa Rica,1988,314997,-0.12264442,122.52652
CRI,Costa Rica,Costa Rica,1989,245664,-0.3974088,-483.49774
CRI,Costa Rica,Costa Rica,1990,286772,0.017798265,-236.33153
CRI,Costa Rica,Costa Rica,1991,265288,-0.08235836,-630.4654
CRI,Costa Rica,Costa Rica,1992,241909,-0.030932108,-688.6295
CRI,Costa Rica,Costa Rica,1993,208883,-0.25336933,-87.63029
CRI,Costa Rica,Costa Rica,1994,239960,-0.08784326,-702.9877
CRI,Costa Rica,Costa Rica,1995,209994,-0.20732386,575.33527
CRI,Costa Rica,Costa Rica,1996,266319,-0.55421925,381.23505
CRI,Costa Rica,Costa Rica,1997,281857,-0.14226039,-723.6088
CRI,Costa Rica,Costa Rica,1998,263065,0.19225042,-3.2495184
CRI,Costa Rica,Costa Rica,1999,292453,-0.91166705,537.09814
CRI,Costa Rica,Costa Rica,2000,284922,-0.6384616,-6.0787926
CRI,Costa Rica,Costa Rica,2001,229454,-0.37862778,-33.475746
CRI,Costa Rica,Costa Rica,2002,201368,0.08657726,-216.85854
CRI,Costa Rica,Costa Rica,2003,198281,0.06741619,118.52471
CRI,Costa Rica,Costa Rica,2004,209860,0.050325233,280.75925
CRI,Costa Rica,Costa Rica,2005,196477,0.1311086,65.90036
CRI,Costa Rica,Costa Rica,2006,207263,0.048542816,-281.03452
CRI,Costa Rica,Costa Rica,2007,199213.88,0.036104042,421.99167
CRI,Costa Rica,Costa Rica,2008,234240.31,-0.19945462,634.0751
CRI,Costa Rica,Costa Rica,2009,283516.4,0.15777223,-23.547981
CRI,Costa Rica,Costa Rica,2010,286537,0.2509308,1518.6935
CRI,Costa Rica,Costa Rica,2011,297476,-0.086950935,308.95154
CRI,Costa Rica,Costa Rica,2012,231741,-0.0011065801,-310.58737
CRI,Costa Rica,Costa Rica,2013,238539,0.15095933,-220.0666
CRI,Costa Rica,Costa Rica,2014,234587,0.26728296,-131.44383
CRI,Costa Rica,Costa Rica,2015,203816,0.50455683,-465.39017
CRI,Costa Rica,Costa Rica,2016,213880,0.5062764,38.864925
CRI,Costa Rica,Costa Rica,2017,159571,0.23206918,159.81476
CRI,Costa Rica,Costa Rica,2018,197700.9,0.05829096,-297.66357
CRI,Costa Rica,Costa Rica,2019,170321.2,0.43118444,-478.66025
CRI,Costa Rica,Costa Rica,2020,151685,0.40291786,260.1344
CRI,Costa Rica,Costa Rica,2021,157044,-0.054183643,-143.13191
CRI,Costa Rica,Costa Rica,2022,121049,-0.14934747,331.4141
CRI,Costa Rica,Costa Rica,2023,83440,0.67861205,-479.0668
CRI,Costa Rica,Costa Rica,2024,72255.75,0.7746606,446.4553
CUB,Cuba,Cuba,1961,331308,-0.20430963,-45.715572
CUB,Cuba,Cuba,1962,356020,-0.4143683,-156.11134
CUB,Cuba,Cuba,1963,356900,-0.55674,329.34476
CUB,Cuba,Cuba,1964,227958,-0.32111183,134.52129
CUB,Cuba,Cuba,1965,156970,-0.38022885,-202.01146
CUB,Cuba,Cuba,1966,164999,-0.78500444,144.85527
CUB,Cuba,Cuba,1967,168593,-0.4727745,-189.87386
CUB,Cuba,Cuba,1968,210249,-0.88490885,160.32693
CUB,Cuba,Cuba,1969,311115,-0.5216551,269.63116
CUB,Cuba,Cuba,1970,462723,-0.65407133,-72.875565
CUB,Cuba,Cuba,1971,443328,-0.5719306,-23.868711
CUB,Cuba,Cuba,1972,408966,-0.40721765,191.91423
CUB,Cuba,Cuba,1973,423632,-0.53931886,127.46838
CUB,Cuba,Cuba,1974,532548,-0.44730377,-116.45203
CUB,Cuba,Cuba,1975,541346,-0.19775183,-130.01138
CUB,Cuba,Cuba,1976,546178,-0.64561576,29.742434
CUB,Cuba,Cuba,1977,551874,-0.5001116,117.3542
CUB,Cuba,Cuba,1978,553558,-0.74033004,286.1306
CUB,Cuba,Cuba,1979,521200,-0.7127156,193.19699
CUB,Cuba,Cuba,1980,573934,-0.3983326,75.97431
CUB,Cuba,Cuba,1981,556987,-0.857712,-79.80101
CUB,Cuba,Cuba,1982,615852,-0.1428709,-25.126678
CUB,Cuba,Cuba,1983,613744,-0.40052876,214.81148
CUB,Cuba,Cuba,1984,650860,-0.58481884,-33.406155
CUB,Cuba,Cuba,1985,620420,-0.5685029,70.30195
CUB,Cuba,Cuba,1986,666617,-0.34046617,-143.9466
CUB,Cuba,Cuba,1987,562139,-0.30314112,161.83101
CUB,Cuba,Cuba,1988,584957,-0.31440035,207.47922
CUB,Cuba,Cuba,1989,617481,-0.22486527,-51.75022
CUB,Cuba,Cuba,1990,539689,0.04258871,-29.07375
CUB,Cuba,Cuba,1991,483643.5,-0.0064323745,39.639484
CUB,Cuba,Cuba,1992,442005.5,-0.4431491,-43.038948
CUB,Cuba,Cuba,1993,254233.71,-0.4182321,105.3548
CUB,Cuba,Cuba,1994,487047.85,-0.023450216,18.874489
CUB,Cuba,Cuba,1995,500900,-0.062990665,71.7235
CUB,Cuba,Cuba,1996,717530.9,-0.49932194,48.94116
CUB,Cuba,Cuba,1997,817272.34,0.4624219,-145.07483
CUB,Cuba,Cuba,1998,618526.25,0.64163715,-32.90718
CUB,Cuba,Cuba,1999,796890,-0.36789846,61.20309
CUB,Cuba,Cuba,2000,826200,-0.33096346,-244.01917
CUB,Cuba,Cuba,2001,900115,-0.31616434,-99.317055
CUB,Cuba,Cuba,2002,1001179,0.05176115,-7.372127
CUB,Cuba,Cuba,2003,1075955,0.25205436,-90.90099
CUB,Cuba,Cuba,2004,889369,-0.062284153,-333.6694
CUB,Cuba,Cuba,2005,732197,-0.26679215,177.67247
CUB,Cuba,Cuba,2006,744119,-0.097168766,23.034325
CUB,Cuba,Cuba,2007,809469,0.007850965,301.95306
CUB,Cuba,Cuba,2008,762180,-0.062841736,-6.5691667
CUB,Cuba,Cuba,2009,868697,-0.11258364,-140.00209
CUB,Cuba,Cuba,2010,779086,-0.51775503,51.882874
CUB,Cuba,Cuba,2011,920658,-0.0818882,-2.5230093
CUB,Cuba,Cuba,2012,1003983,-0.23342848,78.55763
CUB,Cuba,Cuba,2013,1104303,0.095210075,-26.78095
CUB,Cuba,Cuba,2014,1017580,0.07445685,-53.869118
CUB,Cuba,Cuba,2015,791665.9,0.4861625,-98.43793
CUB,Cuba,Cuba,2016,930967.8,0.24146874,-63.35086
CUB,Cuba,Cuba,2017,786203,0.17763598,226.04846
CUB,Cuba,Cuba,2018,812373.93,0.13610823,78.139114
CUB,Cuba,Cuba,2019,703134.34,0.59679526,-18.814766
CUB,Cuba,Cuba,2020,525731.5,0.67977905,123.62312
CUB,Cuba,Cuba,2021,465924.06,0.4012208,-194.79126
CUB,Cuba,Cuba,2022,314516.86,0.35715136,-94.073586
CUB,Cuba,Cuba,2023,212284.07,0.8087966,-27.125443
CUB,Cuba,Cuba,2024,307959.3,0.69865435,51.414433
CYP,Cyprus,Cyprus,1961,92761,-0.8261301,16.003176
CYP,Cyprus,Cyprus,1962,159512,0.014560223,-18.234152
CYP,Cyprus,Cyprus,1963,155562,-0.38126945,-26.727106
CYP,Cyprus,Cyprus,1964,112776,-1.2173712,31.12475
CYP,Cyprus,Cyprus,1965,230195,-0.9995496,47.36862
CYP,Cyprus,Cyprus,1966,107696,-0.31667948,90.945786
CYP,Cyprus,Cyprus,1967,184201,-1.6417671,152.17967
CYP,Cyprus,Cyprus,1968,118059,-0.91045755,155.94685
CYP,Cyprus,Cyprus,1969,184302,-0.9741528,93.72719
CYP,Cyprus,Cyprus,1970,99974,-0.7832872,-33.835682
CYP,Cyprus,Cyprus,1971,209601,-1.2749141,89.829796
CYP,Cyprus,Cyprus,1972,163576,-1.7081171,119.71652
CYP,Cyprus,Cyprus,1973,17216,-1.1260558,-148.72865
CYP,Cyprus,Cyprus,1974,209296,-1.1553313,89.409195
CYP,Cyprus,Cyprus,1975,84176,-1.3332262,78.25598
CYP,Cyprus,Cyprus,1976,91338,-1.3595101,28.354528
CYP,Cyprus,Cyprus,1977,81229,-0.9130612,0.60614586
CYP,Cyprus,Cyprus,1978,89022,-0.8714874,51.61876
CYP,Cyprus,Cyprus,1979,77826,-0.67182404,38.861893
CYP,Cyprus,Cyprus,1980,95220,-1.1851485,-57.000935
CYP,Cyprus,Cyprus,1981,87158,-0.85366815,96.510445
CYP,Cyprus,Cyprus,1982,91684,-1.5378441,-54.551365
CYP,Cyprus,Cyprus,1983,71310,-1.6432027,-13.333825
CYP,Cyprus,Cyprus,1984,92650,-1.148823,28.375206
CYP,Cyprus,Cyprus,1985,112200,-0.96517724,9.26333
CYP,Cyprus,Cyprus,1986,67800,-0.8569948,-23.596012
CYP,Cyprus,Cyprus,1987,126000,-1.1250803,2.6489892
CYP,Cyprus,Cyprus,1988,158110,-0.9389245,76.30038
CYP,Cyprus,Cyprus,1989,148080,-0.96823126,-87.43832
CYP,Cyprus,Cyprus,1990,108500,-0.63609815,-164.47012
CYP,Cyprus,Cyprus,1991,65180,-0.91898805,153.53131
CYP,Cyprus,Cyprus,1992,181645,-1.934487,3.197715
CYP,Cyprus,Cyprus,1993,204840,-0.94802266,-95.46248
CYP,Cyprus,Cyprus,1994,162150,-0.06232238,103.64998
CYP,Cyprus,Cyprus,1995,145170,-0.6498981,-148.18117
CYP,Cyprus,Cyprus,1996,141190,-0.4531285,32.904823
CYP,Cyprus,Cyprus,1997,47780,-0.87659246,-23.636581
CYP,Cyprus,Cyprus,1998,65820,0.3296658,-44.485504
CYP,Cyprus,Cyprus,1999,127100,0.550606,-124.79945
CYP,Cyprus,Cyprus,2000,47950,-0.07124368,12.650679
CYP,Cyprus,Cyprus,2001,127380,0.5152466,39.305916
CYP,Cyprus,Cyprus,2002,141750,0.19453113,-14.584003
CYP,Cyprus,Cyprus,2003,164690,0.09769908,47.998466
CYP,Cyprus,Cyprus,2004,111410,-0.18662293,47.30887
CYP,Cyprus,Cyprus,2005,70185,-0.42551222,-95.05626
CYP,Cyprus,Cyprus,2006,66833,-0.49194264,-43.145096
CYP,Cyprus,Cyprus,2007,63533,0.048714798,-41.190258
CYP,Cyprus,Cyprus,2008,6341,0.30406627,-157.32599
CYP,Cyprus,Cyprus,2009,56820,0.23420556,74.64686
CYP,Cyprus,Cyprus,2010,65732,1.0153407,-82.27882
CYP,Cyprus,Cyprus,2011,70195,-0.3520186,37.759624
CYP,Cyprus,Cyprus,2012,90747,0.13834159,197.51665
CYP,Cyprus,Cyprus,2013,51923,0.18574476,-78.52568
CYP,Cyprus,Cyprus,2014,7362,0.17703931,-28.708855
CYP,Cyprus,Cyprus,2015,88127,0.086823225,17.16211
CYP,Cyprus,Cyprus,2016,10161,0.70514697,-92.9604
CYP,Cyprus,Cyprus,2017,35836,0.37435737,-79.33327
CYP,Cyprus,Cyprus,2018,25290,1.3012985,66.92155
CYP,Cyprus,Cyprus,2019,61280,0.6138871,246.85292
CYP,Cyprus,Cyprus,2020,63130,0.49806944,68.266335
CYP,Cyprus,Cyprus,2021,53960,0.73693043,-68.31018
CYP,Cyprus,Cyprus,2022,57480,0.14541356,-24.909986
CYP,Cyprus,Cyprus,2023,49910,0.61902505,-12.755735
CYP,Cyprus,Cyprus,2024,28890,0.885186,13.988904
CZE,Czechia,Czechia,1993,6485852,-0.8644006,-45.675156
CZE,Czechia,Czechia,1994,6798603.5,0.48009253,-39.713844
CZE,Czechia,Czechia,1995,6619711,-0.557098,147.2643
CZE,Czechia,Czechia,1996,6661644,-2.1925113,-1.6754212
CZE,Czechia,Czechia,1997,6999308.8,-0.82998663,26.67005
CZE,Czechia,Czechia,1998,6681420,-0.19398974,38.686695
CZE,Czechia,Czechia,1999,6940576.2,-0.06375267,-34.797424
CZE,Czechia,Czechia,2000,6467637,0.68084025,11.386225
CZE,Czechia,Czechia,2001,7353491,-0.63991964,109.83644
CZE,Czechia,Czechia,2002,6784829,0.26449916,166.23688
CZE,Czechia,Czechia,2003,5780887,0.004047061,-206.36087
CZE,Czechia,Czechia,2004,8803796.4,-0.42112532,-21.871222
CZE,Czechia,Czechia,2005,7677321.2,-0.5983121,75.99469
CZE,Czechia,Czechia,2006,6402586.1,-0.09202206,-13.241154
CZE,Czechia,Czechia,2007,7157365.5,0.65433645,55.38996
CZE,Czechia,Czechia,2008,8374003.5,0.47129688,-18.576859
CZE,Czechia,Czechia,2009,7836374.5,0.027276099,65.31919
CZE,Czechia,Czechia,2010,6882070.3,-1.2085081,169.56902
CZE,Czechia,Czechia,2011,8289281.9,0.204647,-100.12656
CZE,Czechia,Czechia,2012,6600024.3,0.054587945,11.617091
CZE,Czechia,Czechia,2013,7516943.8,-0.32383025,31.282871
CZE,Czechia,Czechia,2014,8783608.2,1.1923629,-4.131309
CZE,Czechia,Czechia,2015,8187774,1.114174,-126.82029
CZE,Czechia,Czechia,2016,8600552.1,0.38732612,0.3080163
CZE,Czechia,Czechia,2017,7460864.2,0.2635454,13.616372
CZE,Czechia,Czechia,2018,6970920,1.3184013,-159.60478
CZE,Czechia,Czechia,2019,7646150,1.2861173,-39.46596
CZE,Czechia,Czechia,2020,8126660,0.88734484,86.85873
CZE,Czechia,Czechia,2021,8227120,-0.217492,86.738174
CZE,Czechia,Czechia,2022,8218420,0.9938993,52.827103
CZE,Czechia,Czechia,2023,7995530,1.4386808,88.62898
CZE,Czechia,Czechia,2024,7520790,1.9930058,109.90146
DEU,Germany,Germany,1961,17257340,-0.17120081,9.478863
DEU,Germany,Germany,1962,21166661,-1.970305,-109.73744
DEU,Germany,Germany,1963,20970320,-2.0253956,-148.80066
DEU,Germany,Germany,1964,22737326,-1.0009739,-143.04147
DEU,Germany,Germany,1965,20620142,-1.6146132,197.39342
DEU,Germany,Germany,1966,20742474,-0.6191478,155.61505
DEU,Germany,Germany,1967,25380099,-0.22717535,76.737495
DEU,Germany,Germany,1968,26898318,-1.0100927,42.424908
DEU,Germany,Germany,1969,25853039,-1.4167928,-40.887875
DEU,Germany,Germany,1970,23753864,-1.4586648,127.33251
DEU,Germany,Germany,1971,28685065,-0.68878907,-160.34804
DEU,Germany,Germany,1972,28780064,-1.3346745,-73.19835
DEU,Germany,Germany,1973,29680306,-0.93425107,-54.990997
DEU,Germany,Germany,1974,32357236,-0.3521954,101.67859
DEU,Germany,Germany,1975,30164053,-0.29962972,-104.61085
DEU,Germany,Germany,1976,27323692,-0.68505675,-190.27667
DEU,Germany,Germany,1977,30306879,-0.52390903,46.78844
DEU,Germany,Germany,1978,33762346,-1.4409574,8.920595
DEU,Germany,Germany,1979,31729504,-1.5747081,36.782413
DEU,Germany,Germany,1980,32712941,-1.6437229,63.41008
DEU,Germany,Germany,1981,31688884,-1.0819838,208.61224
DEU,Germany,Germany,1982,34645710,-0.4633366,-73.0562
DEU,Germany,Germany,1983,33077787,-0.35147992,0.817008
DEU,Germany,Germany,1984,37838589,-1.4178629,38.64007
DEU,Germany,Germany,1985,37555294,-1.9376122,-24.934135
DEU,Germany,Germany,1986,37257105,-1.4639193,79.571365
DEU,Germany,Germany,1987,35061112,-1.9510709,104.06183
DEU,Germany,Germany,1988,36931897,-0.29213652,93.33985
DEU,Germany,Germany,1989,36881160,0.11940841,-100.10508
DEU,Germany,Germany,1990,37579589,0.093457885,-27.32255
DEU,Germany,Germany,1991,39267858,-1.0961033,-152.08878
DEU,Germany,Germany,1992,34758462,-0.08398039,-26.099014
DEU,Germany,Germany,1993,35547425,-0.9364267,86.30748
DEU,Germany,Germany,1994,36328713,0.35465315,72.270325
DEU,Germany,Germany,1995,39863871,-0.43620738,59.32069
DEU,Germany,Germany,1996,42135618,-2.1752608,-121.53212
DEU,Germany,Germany,1997,45485681,-0.45909587,-71.10563
DEU,Germany,Germany,1998,44574851,-0.3110502,124.12867
DEU,Germany,Germany,1999,44452029,0.12159258,44.735367
DEU,Germany,Germany,2000,45271234,0.5071702,45.599075
DEU,Germany,Germany,2001,49709326,-0.3571038,135.91388
DEU,Germany,Germany,2002,43391325,0.20987342,189.51129
DEU,Germany,Germany,2003,39426039,0.08595402,-234.9736
DEU,Germany,Germany,2004,51097000,-0.3404098,-11.421286
DEU,Germany,Germany,2005,45980200,-0.2506193,-28.647366
DEU,Germany,Germany,2006,43474800,0.3036104,-58.704
DEU,Germany,Germany,2007,40632149,0.62923056,167.52106
DEU,Germany,Germany,2008,50104858,0.2535564,-2.3076985
DEU,Germany,Germany,2009,49750199,-0.04555927,27.501328
DEU,Germany,Germany,2010,44038739,-1.3885044,97.841736
DEU,Germany,Germany,2011,41920400,0.40318036,-80.80004
DEU,Germany,Germany,2012,45396500,-0.15788436,22.017824
DEU,Germany,Germany,2013,47757100,-0.55502695,36.149345
DEU,Germany,Germany,2014,52010400,1.0733165,-14.202726
DEU,Germany,Germany,2015,48866800,0.6752085,-70.00507
DEU,Germany,Germany,2016,45364400,0.28267148,-35.20296
DEU,Germany,Germany,2017,45556800,0.3138843,80.26655
DEU,Germany,Germany,2018,37948100,1.2117255,-209.96025
DEU,Germany,Germany,2019,44302400,1.0216231,-20.374748
DEU,Germany,Germany,2020,43265100,1.1459798,-51.65931
DEU,Germany,Germany,2021,42359400,-0.1540065,115.46728
DEU,Germany,Germany,2022,43479000,1.2205321,-48.00623
DEU,Germany,Germany,2023,42462800,1.3108578,160.96136
DEU,Germany,Germany,2024,38975500,1.5575336,130.20119
DJI,Djibouti,Djibouti,1981,5,-0.22550409,52.758472
DJI,Djibouti,Djibouti,1982,5,-0.3542533,153.19257
DJI,Djibouti,Djibouti,1983,5,-0.04814736,48.337658
DJI,Djibouti,Djibouti,1984,7,-0.45506477,-6.9130964
DJI,Djibouti,Djibouti,1985,7,-0.6611921,119.95756
DJI,Djibouti,Djibouti,1986,10,-0.7445755,66.31211
DJI,Djibouti,Djibouti,1987,9,-0.03836282,-4.0564976
DJI,Djibouti,Djibouti,1988,10,-0.38077593,79.44915
DJI,Djibouti,Djibouti,1989,4,-0.5450056,87.804115
DJI,Djibouti,Djibouti,1990,10,0.47178873,-28.611324
DJI,Djibouti,Djibouti,1991,9.86,0.078278385,-65.25371
DJI,Djibouti,Djibouti,1992,9.88,-0.425488,27.770832
DJI,Djibouti,Djibouti,1993,9.91,-0.13835669,11.369214
DJI,Djibouti,Djibouti,1994,9.94,-0.48227134,-18.262196
DJI,Djibouti,Djibouti,1995,10,-0.20411317,35.99874
DJI,Djibouti,Djibouti,1996,10.1,-0.35416207,67.36462
DJI,Djibouti,Djibouti,1997,10.23,0.0017579397,32.311806
DJI,Djibouti,Djibouti,1998,10.36,0.31583133,138.18
DJI,Djibouti,Djibouti,1999,10.62,0.085083805,1.7966392
DJI,Djibouti,Djibouti,2000,11,-0.1791749,72.43196
DJI,Djibouti,Djibouti,2001,12,-0.24287462,21.469978
DJI,Djibouti,Djibouti,2002,10,0.16819,-10.027199
DJI,Djibouti,Djibouti,2003,10,0.0013219515,22.636202
DJI,Djibouti,Djibouti,2004,9.95,0.27617168,-17.505909
DJI,Djibouti,Djibouti,2005,9,0.16837533,-9.7769
DJI,Djibouti,Djibouti,2006,10,-0.051317055,64.51585
DJI,Djibouti,Djibouti,2007,10.96,-0.01869885,-40.080574
DJI,Djibouti,Djibouti,2008,12.12,-0.30429587,-102.5202
DJI,Djibouti,Djibouti,2009,13.12,0.08526325,-101.33882
DJI,Djibouti,Djibouti,2010,14.06,-0.16325538,42.73014
DJI,Djibouti,Djibouti,2011,14.97,-0.3599267,-14.111049
DJI,Djibouti,Djibouti,2012,16,-0.32353163,-100.06243
DJI,Djibouti,Djibouti,2013,16,-0.20370372,11.622902
DJI,Djibouti,Djibouti,2014,16.46,-0.31363583,-9.751396
DJI,Djibouti,Djibouti,2015,17.92,0.4628981,-52.691788
DJI,Djibouti,Djibouti,2016,16.79,0.6157457,29.936686
DJI,Djibouti,Djibouti,2017,16.75,0.6733678,-61.011917
DJI,Djibouti,Djibouti,2018,16.73,0.18112469,-34.60902
DJI,Djibouti,Djibouti,2019,16.77,0.35875034,14.634663
DJI,Djibouti,Djibouti,2020,16.87,0.2926475,42.23288
DJI,Djibouti,Djibouti,2021,17.15,0.21508329,-20.36093
DJI,Djibouti,Djibouti,2022,17.22,0.28346047,-39.75051
DJI,Djibouti,Djibouti,2023,17.31,1.0144767,-14.98697
DJI,Djibouti,Djibouti,2024,17.41,1.325699,1.9932735
DNK,Denmark,Denmark,1961,5198900,-0.4771572,-70.88426
DNK,Denmark,Denmark,1962,5783409,-1.9330944,-15.442914
DNK,Denmark,Denmark,1963,5502930,-2.1936114,-39.799355
DNK,Denmark,Denmark,1964,6213090,-1.3971459,-148.90385
DNK,Denmark,Denmark,1965,6213087,-1.8336267,-22.07046
DNK,Denmark,Denmark,1966,5960293,-1.6478425,95.897224
DNK,Denmark,Denmark,1967,6152779,-0.37258878,54.237362
DNK,Denmark,Denmark,1968,6785257,-0.9235975,19.822618
DNK,Denmark,Denmark,1969,6775161,-1.3462952,-109.62016
DNK,Denmark,Denmark,1970,6231953,-1.7369899,39.826534
DNK,Denmark,Denmark,1971,7026419,-0.57448006,-74.77893
DNK,Denmark,Denmark,1972,7067157,-0.8166368,-18.81896
DNK,Denmark,Denmark,1973,6633316,-0.42494574,-114.9087
DNK,Denmark,Denmark,1974,7261462,-0.17797838,-13.522894
DNK,Denmark,Denmark,1975,6251996,0.2771972,-188.9205
DNK,Denmark,Denmark,1976,5902423,-0.885318,-198.73233
DNK,Denmark,Denmark,1977,7377833,-0.68627375,-25.293781
DNK,Denmark,Denmark,1978,7491995,-1.1370947,-57.66814
DNK,Denmark,Denmark,1979,7689706,-2.0621831,57.37134
DNK,Denmark,Denmark,1980,7070004,-1.3607644,120.59324
DNK,Denmark,Denmark,1981,7276842,-1.3699049,76.58888
DNK,Denmark,Denmark,1982,7992679,-0.5925577,-39.296265
DNK,Denmark,Denmark,1983,6379865,-0.24748921,11.265571
DNK,Denmark,Denmark,1984,9300369,-0.7119128,-20.423672
DNK,Denmark,Denmark,1985,7956243,-2.0906346,34.490818
DNK,Denmark,Denmark,1986,7969109,-1.6638569,-63.56446
DNK,Denmark,Denmark,1987,7183951,-2.1116316,-5.618401
DNK,Denmark,Denmark,1988,8067500,-0.19216774,53.458828
DNK,Denmark,Denmark,1989,8795389,0.5075647,-172.39067
DNK,Denmark,Denmark,1990,9606978,0.6234493,41.338707
DNK,Denmark,Denmark,1991,9231245,-0.55780816,-122.0774
DNK,Denmark,Denmark,1992,6954231,0.22369863,-121.82104
DNK,Denmark,Denmark,1993,8198500,-1.053726,-5.8769445
DNK,Denmark,Denmark,1994,7800025,-0.06229188,47.704487
DNK,Denmark,Denmark,1995,9149900,-0.39165494,-109.70785
DNK,Denmark,Denmark,1996,9218042,-1.8637224,-239.46483
DNK,Denmark,Denmark,1997,9529361,-0.2236619,-129.61783
DNK,Denmark,Denmark,1998,9334138,-0.4897455,105.44874
DNK,Denmark,Denmark,1999,8774275,0.16911273,133.77286
DNK,Denmark,Denmark,2000,9412662,0.4830596,46.28517
DNK,Denmark,Denmark,2001,9423086,-0.5030801,38.998116
DNK,Denmark,Denmark,2002,8803709,0.3774519,71.543686
DNK,Denmark,Denmark,2003,9050937,-0.15951288,-134.50714
DNK,Denmark,Denmark,2004,8963200,-0.11659535,36.12945
DNK,Denmark,Denmark,2005,9283000,-0.07747359,-97.613655
DNK,Denmark,Denmark,2006,8632300,0.57491755,60.21055
DNK,Denmark,Denmark,2007,8220200,0.642385,116.25171
DNK,Denmark,Denmark,2008,9105500,0.61967236,13.997109
DNK,Denmark,Denmark,2009,10163800,0.040673416,-9.253595
DNK,Denmark,Denmark,2010,8863200,-1.8586226,-26.287518
DNK,Denmark,Denmark,2011,8809200,0.13425773,-1.039993
DNK,Denmark,Denmark,2012,9485400,-0.482129,79.91679
DNK,Denmark,Denmark,2013,9119687,-0.43244204,-67.93721
DNK,Denmark,Denmark,2014,9796378,1.2492691,52.355515
DNK,Denmark,Denmark,2015,10047500,0.38990662,161.73492
DNK,Denmark,Denmark,2016,9154326,0.3547183,-47.48002
DNK,Denmark,Denmark,2017,10027261,0.24031079,124.73505
DNK,Denmark,Denmark,2018,6923900,0.7892999,-151.24487
DNK,Denmark,Denmark,2019,9517830,0.79526305,140.21187
DNK,Denmark,Denmark,2020,9467690,1.1884661,34.633877
DNK,Denmark,Denmark,2021,8640070,0.044187468,20.235222
DNK,Denmark,Denmark,2022,9464200,0.78108567,-13.477268
DNK,Denmark,Denmark,2023,7001960,0.6311104,198.14674
DNK,Denmark,Denmark,2024,7496360,1.010457,207.1089
DOM,Dominican Republic,Dominican Republic,1961,164089,-0.79949266,127.5337
DOM,Dominican Republic,Dominican Republic,1962,162764,-0.6566262,-151.57391
DOM,Dominican Republic,Dominican Republic,1963,168432,-0.66630393,262.4046
DOM,Dominican Republic,Dominican Republic,1964,192256,-0.4910965,-127.40043
DOM,Dominican Republic,Dominican Republic,1965,211946,-0.7274429,-142.81952
DOM,Dominican Republic,Dominican Republic,1966,228412,-0.57454747,-62.613773
DOM,Dominican Republic,Dominican Republic,1967,214000,-0.555079,-418.58313
DOM,Dominican Republic,Dominican Republic,1968,231406,-0.6606466,-194.72755
DOM,Dominican Republic,Dominican Republic,1969,250000,-0.059362095,63.792606
DOM,Dominican Republic,Dominican Republic,1970,268600,-0.35697207,18.757368
DOM,Dominican Republic,Dominican Republic,1971,276000,-0.62433976,-66.05335
DOM,Dominican Republic,Dominican Republic,1972,280000,-0.3701099,29.516321
DOM,Dominican Republic,Dominican Republic,1973,289500,-0.20149994,67.62404
DOM,Dominican Republic,Dominican Republic,1974,325141,-0.6631983,247.86644
DOM,Dominican Republic,Dominican Republic,1975,281733,-0.56279355,-94.882744
DOM,Dominican Republic,Dominican Republic,1976,396849,-0.6483943,-243.02962
DOM,Dominican Republic,Dominican Republic,1977,392529,-0.15033674,69.79275
DOM,Dominican Republic,Dominican Republic,1978,429390,-0.29327235,156.50897
DOM,Dominican Republic,Dominican Republic,1979,437646,-0.58514625,529.989
DOM,Dominican Republic,Dominican Republic,1980,453005,-0.07135614,100.01286
DOM,Dominican Republic,Dominican Republic,1981,459903,-0.43984032,270.85727
DOM,Dominican Republic,Dominican Republic,1982,492708,-0.6723854,20.505194
DOM,Dominican Republic,Dominican Republic,1983,581446,-0.055077713,111.14168
DOM,Dominican Republic,Dominican Republic,1984,643532,-0.5733056,65.283615
DOM,Dominican Republic,Dominican Republic,1985,607731,-0.63663024,48.62072
DOM,Dominican Republic,Dominican Republic,1986,549343,-0.5678304,262.8951
DOM,Dominican Republic,Dominican Republic,1987,599490,-0.047885578,422.33496
DOM,Dominican Republic,Dominican Republic,1988,517751,-0.3394847,208.77501
DOM,Dominican Republic,Dominican Republic,1989,577387,-0.4554812,-92.699135
DOM,Dominican Republic,Dominican Republic,1990,488250,-0.22451146,119.59585
DOM,Dominican Republic,Dominican Republic,1991,525975.39,-0.2745506,-192.621
DOM,Dominican Republic,Dominican Republic,1992,629154.5,-0.4155434,161.29141
DOM,Dominican Republic,Dominican Republic,1993,498279,-0.34863758,159.94308
DOM,Dominican Republic,Dominican Republic,1994,416849.32,-0.23610242,-195.1914
DOM,Dominican Republic,Dominican Republic,1995,553093.7,-0.12424246,-114.75356
DOM,Dominican Republic,Dominican Republic,1996,527213.11,-0.63621026,109.24139
DOM,Dominican Republic,Dominican Republic,1997,564168,0.24837828,-293.59665
DOM,Dominican Republic,Dominican Republic,1998,519711.94,0.15838385,187.42262
DOM,Dominican Republic,Dominican Republic,1999,604649,-0.5681596,89.92362
DOM,Dominican Republic,Dominican Republic,2000,610146,-0.37314066,-214.45172
DOM,Dominican Republic,Dominican Republic,2001,770803,-0.14491129,-128.73943
DOM,Dominican Republic,Dominican Republic,2002,766129,0.0034958522,-212.4827
DOM,Dominican Republic,Dominican Republic,2003,656277.02,-0.020555338,21.96608
DOM,Dominican Republic,Dominican Republic,2004,619972.7,-0.2522154,31.036074
DOM,Dominican Republic,Dominican Republic,2005,682011.03,0.06352472,314.70087
DOM,Dominican Republic,Dominican Republic,2006,745339,0.08331331,-19.88306
DOM,Dominican Republic,Dominican Republic,2007,779887,0.11547232,270.4692
DOM,Dominican Republic,Dominican Republic,2008,806624,-0.2340358,62.069168
DOM,Dominican Republic,Dominican Republic,2009,815971,-0.038512547,-38.193714
DOM,Dominican Republic,Dominican Republic,2010,886456.16,0.25993586,259.41385
DOM,Dominican Republic,Dominican Republic,2011,912362,-0.12366581,151.82013
DOM,Dominican Republic,Dominican Republic,2012,707550.49,-0.043684006,173.91936
DOM,Dominican Republic,Dominican Republic,2013,772950.27,0.09242678,-82.00949
DOM,Dominican Republic,Dominican Republic,2014,856072.81,0.26637188,-257.52844
DOM,Dominican Republic,Dominican Republic,2015,860251.7,0.567468,-297.57712
DOM,Dominican Republic,Dominican Republic,2016,899524.73,0.39266253,214.61417
DOM,Dominican Republic,Dominican Republic,2017,950213,0.26299524,261.04858
DOM,Dominican Republic,Dominican Republic,2018,1010915.8,0.17643309,-173.47551
DOM,Dominican Republic,Dominican Republic,2019,970003.28,0.51004535,-187.7134
DOM,Dominican Republic,Dominican Republic,2020,986240.82,0.6332666,-60.662354
DOM,Dominican Republic,Dominican Republic,2021,1061441,0.24042447,-152.3166
DOM,Dominican Republic,Dominican Republic,2022,1069149.2,0.22579224,-110.83221
DOM,Dominican Republic,Dominican Republic,2023,1007522.4,0.90855914,-90.5656
DOM,Dominican Republic,Dominican Republic,2024,1049757,1.0849218,135.79263
DZA,Algeria,Algeria,1961,937596,-1.335948,-27.399632
DZA,Algeria,Algeria,1962,2369800,-1.6145808,-1.7464309
DZA,Algeria,Algeria,1963,2324215,-1.4820665,-0.026466906
DZA,Algeria,Algeria,1964,1487506,-1.7083229,2.683276
DZA,Algeria,Algeria,1965,1735461,-1.4777673,41.103127
DZA,Algeria,Algeria,1966,776122,-0.963818,-10.072926
DZA,Algeria,Algeria,1967,1641700,-1.3536186,14.608761
DZA,Algeria,Algeria,1968,2128233,-0.99728984,-4.1992354
DZA,Algeria,Algeria,1969,1852429,-0.6514087,46.260883
DZA,Algeria,Algeria,1970,2058094,-0.7769177,-14.082986
DZA,Algeria,Algeria,1971,1735448,-1.496945,30.422989
DZA,Algeria,Algeria,1972,2362625,-1.5390326,61.69887
DZA,Algeria,Algeria,1973,1595994,-1.3405975,16.18354
DZA,Algeria,Algeria,1974,1480275,-1.9339815,2.624528
DZA,Algeria,Algeria,1975,2680452,-1.6665524,10.296644
DZA,Algeria,Algeria,1976,2313186,-2.07426,41.43169
DZA,Algeria,Algeria,1977,1142509,-0.8156561,-4.362848
DZA,Algeria,Algeria,1978,1538550,-1.0993968,-11.102155
DZA,Algeria,Algeria,1979,1620808,-1.0208081,18.976936
DZA,Algeria,Algeria,1980,2419074,-1.0126754,20.65269
DZA,Algeria,Algeria,1981,1832872,-0.7423509,-17.529629
DZA,Algeria,Algeria,1982,1524398,-1.2686027,18.587196
DZA,Algeria,Algeria,1983,1290834,-0.6217546,-34.59937
DZA,Algeria,Algeria,1984,1461484,-1.3778108,-6.78761
DZA,Algeria,Algeria,1985,2918778,-0.7508324,5.8098035
DZA,Algeria,Algeria,1986,2403612,-1.0604212,11.98173
DZA,Algeria,Algeria,1987,2066344,0.08578769,-10.497591
DZA,Algeria,Algeria,1988,1038303,-0.3287661,3.0642827
DZA,Algeria,Algeria,1989,2006130,-0.429664,-11.787592
DZA,Algeria,Algeria,1990,1627035,-0.2555891,13.086696
DZA,Algeria,Algeria,1991,3809857,-1.2838659,9.098976
DZA,Algeria,Algeria,1992,3330382.1,-1.5408434,-1.3844825
DZA,Algeria,Algeria,1993,1453453.7,-0.7260332,-13.248666
DZA,Algeria,Algeria,1994,964743.63,-0.57715744,9.45227
DZA,Algeria,Algeria,1995,2139705.5,-0.44384322,-3.5973554
DZA,Algeria,Algeria,1996,4901677.9,-0.44198847,17.934462
DZA,Algeria,Algeria,1997,870017,-0.36278597,-2.2882352
DZA,Algeria,Algeria,1998,3026097.5,-0.26315188,-15.775179
DZA,Algeria,Algeria,1999,2021053.4,0.05894764,4.601364
DZA,Algeria,Algeria,2000,934656.39,-0.3802545,-29.039001
DZA,Algeria,Algeria,2001,2659594.7,0.42927194,-24.945885
DZA,Algeria,Algeria,2002,1953325.2,0.14189887,-13.490821
DZA,Algeria,Algeria,2003,4266387.1,0.1081396,16.85395
DZA,Algeria,Algeria,2004,4033241.9,-0.2314585,17.030327
DZA,Algeria,Algeria,2005,3527824.2,0.15500005,-3.1416612
DZA,Algeria,Algeria,2006,4018105,0.10490704,12.839211
DZA,Algeria,Algeria,2007,3602256.3,0.0017439524,-5.315179
DZA,Algeria,Algeria,2008,1536002.3,-0.10058435,7.6612077
DZA,Algeria,Algeria,2009,5253472.2,0.046192486,17.571388
DZA,Algeria,Algeria,2010,4211354.5,1.2437766,-4.862821
DZA,Algeria,Algeria,2011,4247535,0.042295933,12.827925
DZA,Algeria,Algeria,2012,5137455,-0.030322155,4.281945
DZA,Algeria,Algeria,2013,4912551,0.0843389,-1.8508596
DZA,Algeria,Algeria,2014,3435535,0.56301504,3.8955724
DZA,Algeria,Algeria,2015,3761229.6,0.18408029,1.220932
DZA,Algeria,Algeria,2016,3445227.4,1.0033504,-6.7984505
DZA,Algeria,Algeria,2017,3478175.1,0.439075,-11.937107
DZA,Algeria,Algeria,2018,6066238.7,0.45793495,19.955435
DZA,Algeria,Algeria,2019,5633592.1,0.3007885,1.4524705
DZA,Algeria,Algeria,2020,4393332.9,1.0175363,-19.001738
DZA,Algeria,Algeria,2021,2784018.4,1.5114557,-21.996569
DZA,Algeria,Algeria,2022,4093860.2,0.96859986,-26.930012
DZA,Algeria,Algeria,2023,3439233.6,1.1653057,-28.2017
DZA,Algeria,Algeria,2024,4118300.3,1.6447657,-19.114397
ECU,Ecuador,Ecuador,1961,509910,-0.855027,-471.6518
ECU,Ecuador,Ecuador,1962,525400,-0.83496314,-677.11475
ECU,Ecuador,Ecuador,1963,589936,-0.3619558,-864.7245
ECU,Ecuador,Ecuador,1964,500193,-0.55437213,-243.99173
ECU,Ecuador,Ecuador,1965,614488,-0.41966042,-181.32387
ECU,Ecuador,Ecuador,1966,595943,-0.4350605,-421.56952
ECU,Ecuador,Ecuador,1967,631063,-0.7511341,-487.9941
ECU,Ecuador,Ecuador,1968,483296,-0.68998843,-441.1072
ECU,Ecuador,Ecuador,1969,660427,-0.19109471,-284.4608
ECU,Ecuador,Ecuador,1970,650784,-0.42945704,-365.54437
ECU,Ecuador,Ecuador,1971,588772,-0.89599085,19.017162
ECU,Ecuador,Ecuador,1972,577431,-0.01845614,30.19699
ECU,Ecuador,Ecuador,1973,608163,-0.46594635,22.290068
ECU,Ecuador,Ecuador,1974,635847,-1.1058341,-288.57498
ECU,Ecuador,Ecuador,1975,766950,-0.9410971,55.832542
ECU,Ecuador,Ecuador,1976,764023,-0.54552346,128.83621
ECU,Ecuador,Ecuador,1977,630948,0.036775272,-439.17728
ECU,Ecuador,Ecuador,1978,454830,-0.008417447,-543.9375
ECU,Ecuador,Ecuador,1979,591087,0.010066986,-545.04846
ECU,Ecuador,Ecuador,1980,680006,0.17204253,-418.03275
ECU,Ecuador,Ecuador,1981,786405,-0.018378893,-435.98102
ECU,Ecuador,Ecuador,1982,786325,0.14916229,242.01752
ECU,Ecuador,Ecuador,1983,561093,0.36620584,1019.218
ECU,Ecuador,Ecuador,1984,818752,-0.6311822,-148.17601
ECU,Ecuador,Ecuador,1985,832235,-0.84041995,-642.0845
ECU,Ecuador,Ecuador,1986,1127492,-0.6641674,-29.975136
ECU,Ecuador,Ecuador,1987,1296961,0.16177607,198.24207
ECU,Ecuador,Ecuador,1988,1443901,-0.36270794,-330.90933
ECU,Ecuador,Ecuador,1989,1439532,-0.6002674,-224.40465
ECU,Ecuador,Ecuador,1990,1382675,-0.23534536,-365.31516
ECU,Ecuador,Ecuador,1991,1131385,-0.0443511,-189.22423
ECU,Ecuador,Ecuador,1992,1624244,0.0070528984,157.42451
ECU,Ecuador,Ecuador,1993,1893990,-0.13815641,33.165047
ECU,Ecuador,Ecuador,1994,2057769.6,-0.29887137,32.123325
ECU,Ecuador,Ecuador,1995,1901110,-0.27929544,-127.8956
ECU,Ecuador,Ecuador,1996,2061846.4,-0.7944767,-349.6902
ECU,Ecuador,Ecuador,1997,2148137,-0.0338157,993.4763
ECU,Ecuador,Ecuador,1998,1485076,0.018628439,1065.1409
ECU,Ecuador,Ecuador,1999,1846698,-1.0694885,148.17921
ECU,Ecuador,Ecuador,2000,1885187,-0.9500287,-14.237093
ECU,Ecuador,Ecuador,2001,1644375.4,-0.7965906,-95.22691
ECU,Ecuador,Ecuador,2002,2057297.5,-0.5329111,41.980473
ECU,Ecuador,Ecuador,2003,2055012.8,-0.6542349,-183.63197
ECU,Ecuador,Ecuador,2004,2607223,-0.1757601,-411.70544
ECU,Ecuador,Ecuador,2005,2303958,0.10967223,-547.62585
ECU,Ecuador,Ecuador,2006,2278620,0.1685025,-208.29407
ECU,Ecuador,Ecuador,2007,2726972,0.0126791,-351.10696
ECU,Ecuador,Ecuador,2008,2286313.5,0.042719204,-29.109472
ECU,Ecuador,Ecuador,2009,2437917,0.2939714,-208.2474
ECU,Ecuador,Ecuador,2010,2394927.2,0.4391419,-183.41148
ECU,Ecuador,Ecuador,2011,2195833.6,0.18643427,-256.724
ECU,Ecuador,Ecuador,2012,2620285.8,0.16664171,170.39996
ECU,Ecuador,Ecuador,2013,2436956.9,0.1608963,-197.8222
ECU,Ecuador,Ecuador,2014,2814310.1,0.29802546,-1.9612978
ECU,Ecuador,Ecuador,2015,3238472.7,0.8747447,198.13148
ECU,Ecuador,Ecuador,2016,2372925.5,0.89132756,-13.221791
ECU,Ecuador,Ecuador,2017,2801628.6,0.533281,402.1474
ECU,Ecuador,Ecuador,2018,2443477.8,0.3284332,75.965164
ECU,Ecuador,Ecuador,2019,2400392.9,0.5538039,392.20782
ECU,Ecuador,Ecuador,2020,2426404.2,0.6820283,-341.2057
ECU,Ecuador,Ecuador,2021,2948590.2,0.38352728,100.80564
ECU,Ecuador,Ecuador,2022,2928676,0.2532091,-300.67346
ECU,Ecuador,Ecuador,2023,2754551.7,1.1157513,183.238
ECU,Ecuador,Ecuador,2024,2789553.4,1.2167948,-544.593
EGY,Egypt,Egypt,1961,5008966,-1.7484709,1.8184367
EGY,Egypt,Egypt,1962,6439933,-0.53262275,-4.6263013
EGY,Egypt,Egypt,1963,6442362,-0.3263224,23.508224
EGY,Egypt,Egypt,1964,6351907,-1.5418596,39.141678
EGY,Egypt,Egypt,1965,6137606,-1.3885549,22.947489
EGY,Egypt,Egypt,1966,6480148,-0.7011356,131.84055
EGY,Egypt,Egypt,1967,6738727,-1.6070694,66.65722
EGY,Egypt,Egypt,1968,7450000,-1.0271773,0.25732085
EGY,Egypt,Egypt,1969,7136015,-0.51879525,9.59986
EGY,Egypt,Egypt,1970,7478000,-1.2356379,-4.4441514
EGY,Egypt,Egypt,1971,7540293,-1.1709999,7.0058174
EGY,Egypt,Egypt,1972,7486000,-0.92502874,6.9782505
EGY,Egypt,Egypt,1973,7670625,-1.1705111,-5.700708
EGY,Egypt,Egypt,1974,7682390,-1.2320744,4.2369876
EGY,Egypt,Egypt,1975,8130281,-1.5777978,5.410059
EGY,Egypt,Egypt,1976,8189229,-1.2354226,-2.9726377
EGY,Egypt,Egypt,1977,7454779,-1.4446281,-3.462073
EGY,Egypt,Egypt,1978,8215246,-1.124803,-3.671521
EGY,Egypt,Egypt,1979,8063484,-0.47629872,-0.53133553
EGY,Egypt,Egypt,1980,8099576,-0.9487955,0.18559761
EGY,Egypt,Egypt,1981,8238749,-1.2132404,-5.902322
EGY,Egypt,Egypt,1982,8521857,-1.5134859,2.7834654
EGY,Egypt,Egypt,1983,8699679,-1.7177486,-1.3202977
EGY,Egypt,Egypt,1984,8455164,-1.0152377,-4.273482
EGY,Egypt,Egypt,1985,8561300,-0.63466334,15.951787
EGY,Egypt,Egypt,1986,8754000,-0.94490814,-0.64571494
EGY,Egypt,Egypt,1987,9445000,-0.91339546,-0.6740777
EGY,Egypt,Egypt,1988,9764000,-0.43640438,11.916931
EGY,Egypt,Egypt,1989,11130486,-0.8743141,-3.5665529
EGY,Egypt,Egypt,1990,13022243,-0.6304083,-0.5820032
EGY,Egypt,Egypt,1991,13864365,-0.60336405,9.677662
EGY,Egypt,Egypt,1992,14611271,-1.3118421,2.5743084
EGY,Egypt,Egypt,1993,14962240,-0.4024352,1.8557143
EGY,Egypt,Egypt,1994,15011740,-0.4732678,10.677544
EGY,Egypt,Egypt,1995,16097252,-0.44926396,-2.3693962
EGY,Egypt,Egypt,1996,16542173,-0.23853047,2.0259242
EGY,Egypt,Egypt,1997,18071326,-0.6932443,1.2173476
EGY,Egypt,Egypt,1998,17964394,0.013417959,-2.7643404
EGY,Egypt,Egypt,1999,19400567,0.080197096,-3.0763166
EGY,Egypt,Egypt,2000,20105573,-0.74034697,-0.6037292
EGY,Egypt,Egypt,2001,18561065,-0.0483706,-5.343587
EGY,Egypt,Egypt,2002,20194329,0.10092934,-2.741156
EGY,Egypt,Egypt,2003,20681928,-0.11852884,-5.0057716
EGY,Egypt,Egypt,2004,20823161,-0.1054062,-3.0221334
EGY,Egypt,Egypt,2005,22423470,-0.039976597,-1.7199464
EGY,Egypt,Egypt,2006,22518430,-0.11355766,-2.9755614
EGY,Egypt,Egypt,2007,21599234,-0.0020917256,-3.773851
EGY,Egypt,Egypt,2008,23743022,0.29851803,-1.351631
EGY,Egypt,Egypt,2009,22756929,0.15754922,-5.832562
EGY,Egypt,Egypt,2010,19464743,1.6284113,-2.266924
EGY,Egypt,Egypt,2011,22014225,-0.39975205,0.11579543
EGY,Egypt,Egypt,2012,23755745,0.21282251,-2.5156984
EGY,Egypt,Egypt,2013,24123416,0.25830278,-3.199196
EGY,Egypt,Egypt,2014,23323609,0.5690456,1.6711713
EGY,Egypt,Egypt,2015,23141275,0.30198964,3.5245812
EGY,Egypt,Egypt,2016,23385497,0.67934006,-1.9796417
EGY,Egypt,Egypt,2017,22923640,-0.038151186,-4.3827305
EGY,Egypt,Egypt,2018,17565644,1.049508,2.5871089
EGY,Egypt,Egypt,2019,21916624,0.31792974,3.5975535
EGY,Egypt,Egypt,2020,22461306,0.11017672,15.399463
EGY,Egypt,Egypt,2021,23097094,0.57591385,-0.7432612
EGY,Egypt,Egypt,2022,22005502,-0.094622456,-0.9455807
EGY,Egypt,Egypt,2023,23796062,0.7966679,-0.10637112
EGY,Egypt,Egypt,2024,24001618,0.9900284,-1.7821778
ERI,Eritrea,Eritrea,1993,86850,-0.4620881,4.2497497
ERI,Eritrea,Eritrea,1994,253390,-0.32725033,57.19696
ERI,Eritrea,Eritrea,1995,124145,-0.31147718,87.53522
ERI,Eritrea,Eritrea,1996,85361,-0.41027403,96.61424
ERI,Eritrea,Eritrea,1997,99380,-0.41905165,91.82255
ERI,Eritrea,Eritrea,1998,457811,-0.022732258,35.609604
ERI,Eritrea,Eritrea,1999,318828,-0.046408337,-1.8686222
ERI,Eritrea,Eritrea,2000,124549,-0.22503679,-51.488026
ERI,Eritrea,Eritrea,2001,219052,-0.09897534,-7.3309894
ERI,Eritrea,Eritrea,2002,54530,0.20380545,-35.2143
ERI,Eritrea,Eritrea,2003,105944,0.06318585,40.800144
ERI,Eritrea,Eritrea,2004,108798,0.15653579,-28.577982
ERI,Eritrea,Eritrea,2005,335563,-0.07923508,8.828087
ERI,Eritrea,Eritrea,2006,377202,-0.13822348,74.760544
ERI,Eritrea,Eritrea,2007,461996,-0.45577368,9.830359
ERI,Eritrea,Eritrea,2008,105788,-0.13121016,-78.91162
ERI,Eritrea,Eritrea,2009,226899,0.5321118,-95.71425
ERI,Eritrea,Eritrea,2010,231050.48,0.3092413,-2.215721
ERI,Eritrea,Eritrea,2011,312366.22,-0.24006891,-63.52596
ERI,Eritrea,Eritrea,2012,304056.87,0.06726805,-72.234795
ERI,Eritrea,Eritrea,2013,297926.22,0.33594608,-28.783073
ERI,Eritrea,Eritrea,2014,302103.81,-0.0035750072,7.057437
ERI,Eritrea,Eritrea,2015,306990.27,0.7462718,-100.25814
ERI,Eritrea,Eritrea,2016,303673.43,0.5535965,38.292953
ERI,Eritrea,Eritrea,2017,305644.26,0.7009619,-48.544037
ERI,Eritrea,Eritrea,2018,305435.99,0.33887228,29.420815
ERI,Eritrea,Eritrea,2019,304917.89,0.31494394,70.93854
ERI,Eritrea,Eritrea,2020,305332.72,0.09936205,-46.524612
ERI,Eritrea,Eritrea,2021,305228.87,0.520871,-114.4467
ERI,Eritrea,Eritrea,2022,305159.83,0.31690106,-85.48444
ERI,Eritrea,Eritrea,2023,305240.47,1.0926765,-128.5667
ERI,Eritrea,Eritrea,2024,305209.72,0.6090357,19.401472
ESP,Spain,Spain,1961,7501313,-0.2984159,13.344831
ESP,Spain,Spain,1962,9274378,-1.2466718,41.75613
ESP,Spain,Spain,1963,9418967,-1.9299082,198.36488
ESP,Spain,Spain,1964,8306768,-1.1257697,-71.7902
ESP,Spain,Spain,1965,8872202,-1.5056177,62.5933
ESP,Spain,Spain,1966,9233004,-1.1867787,104.4597
ESP,Spain,Spain,1967,10671297,-1.1809043,-1.0060575
ESP,Spain,Spain,1968,11583861,-0.8598711,37.344162
ESP,Spain,Spain,1969,11452764,-1.6762133,245.01825
ESP,Spain,Spain,1970,10258842,-1.0105447,-6.9243894
ESP,Spain,Spain,1971,13686715,-1.8235775,240.55066
ESP,Spain,Spain,1972,12076709,-2.0553076,346.07867
ESP,Spain,Spain,1973,11641386,-1.4134942,-27.002075
ESP,Spain,Spain,1974,13275231,-1.5093389,5.242026
ESP,Spain,Spain,1975,14206900,-1.4969853,32.863033
ESP,Spain,Spain,1976,12771144,-1.4677099,81.77647
ESP,Spain,Spain,1977,13949322,-1.272764,141.96252
ESP,Spain,Spain,1978,16339367,-1.5273895,1.3748364
ESP,Spain,Spain,1979,13884855,-1.1833392,156.4183
ESP,Spain,Spain,1980,18665639,-1.1897861,-45.0828
ESP,Spain,Spain,1981,11576278,-0.530641,-37.804935
ESP,Spain,Spain,1982,13147918,-0.5731882,-1.9832897
ESP,Spain,Spain,1983,13758534,-0.55578357,-35.36272
ESP,Spain,Spain,1984,21032473,-1.4656683,75.34296
ESP,Spain,Spain,1985,20972014,-0.6199277,-2.349187
ESP,Spain,Spain,1986,16519723,-0.93293315,-14.875587
ESP,Spain,Spain,1987,20697404,-0.29590115,106.64387
ESP,Spain,Spain,1988,23833792,-0.634561,8.400078
ESP,Spain,Spain,1989,19697663,0.19686826,125.06725
ESP,Spain,Spain,1990,18775896,-0.07756412,-81.95073
ESP,Spain,Spain,1991,19472661,-0.82545155,-63.065678
ESP,Spain,Spain,1992,14495661,-0.9015217,-47.70525
ESP,Spain,Spain,1993,17495717,-1.282562,-39.71465
ESP,Spain,Spain,1994,15249059,0.086642265,-127.44016
ESP,Spain,Spain,1995,11593293,0.5460693,-61.43767
ESP,Spain,Spain,1996,22385973,-0.45435742,208.06866
ESP,Spain,Spain,1997,19344464,0.46525368,159.37746
ESP,Spain,Spain,1998,22579122,-0.060970146,-95.25132
ESP,Spain,Spain,1999,18010899,-0.21936882,-28.024668
ESP,Spain,Spain,2000,24581639,-0.053623796,9.01997
ESP,Spain,Spain,2001,18078871,0.024652401,1.3049313
ESP,Spain,Spain,2002,21742198,0.077914156,43.399506
ESP,Spain,Spain,2003,21445314,0.3548161,98.550766
ESP,Spain,Spain,2004,24842578,-0.23366022,-52.457214
ESP,Spain,Spain,2005,14241390,-0.3094364,-173.3582
ESP,Spain,Spain,2006,19088631,0.5147311,13.688175
ESP,Spain,Spain,2007,24538959,-0.44304284,-67.069244
ESP,Spain,Spain,2008,23995338,-0.50202155,62.163074
ESP,Spain,Spain,2009,17894933,0.2765347,-0.955194
ESP,Spain,Spain,2010,19880013,-0.54282105,168.07547
ESP,Spain,Spain,2011,22097143,0.53580004,-73.10876
ESP,Spain,Spain,2012,17547278,-0.019531569,-72.50775
ESP,Spain,Spain,2013,25366791,-0.38410005,85.08822
ESP,Spain,Spain,2014,20581146,0.50291926,62.29547
ESP,Spain,Spain,2015,20149310,0.6301582,-104.98148
ESP,Spain,Spain,2016,24056790,0.41513392,58.453648
ESP,Spain,Spain,2017,16653669,0.8689998,-151.36266
ESP,Spain,Spain,2018,25348920,4.1365623e-05,183.27429
ESP,Spain,Spain,2019,20589030,0.40237522,-24.646261
ESP,Spain,Spain,2020,27320900,0.530425,30.326519
ESP,Spain,Spain,2021,25510560,0.10820619,16.554363
ESP,Spain,Spain,2022,19292230,1.2721088,-6.4210134
ESP,Spain,Spain,2023,11928280,1.0564289,-62.188725
ESP,Spain,Spain,2024,20862990,0.9031634,60.262108
EST,Estonia,Estonia,1992,598084,0.219563,-90.71482
EST,Estonia,Estonia,1993,810703,-1.1302248,13.166691
EST,Estonia,Estonia,1994,510391,-0.96828884,-13.883946
EST,Estonia,Estonia,1995,513469,-0.044698715,11.672663
EST,Estonia,Estonia,1996,629158,-1.6726351,-119.23269
EST,Estonia,Estonia,1997,650546,-0.40915322,-35.70674
EST,Estonia,Estonia,1998,576133,-0.8239963,78.617874
EST,Estonia,Estonia,1999,401653,0.2230589,-66.71077
EST,Estonia,Estonia,2000,696647,0.753022,21.742529
EST,Estonia,Estonia,2001,558480,-0.24172437,69.39771
EST,Estonia,Estonia,2002,524652,0.027482113,-134.15833
EST,Estonia,Estonia,2003,505726,-0.5328846,-35.19159
EST,Estonia,Estonia,2004,608148,-0.34140554,48.292076
EST,Estonia,Estonia,2005,760073,-0.31523344,-97.56481
EST,Estonia,Estonia,2006,619292,0.25035754,-149.79948
EST,Estonia,Estonia,2007,879475,0.47661677,40.189983
EST,Estonia,Estonia,2008,863800,0.94832927,184.01357
EST,Estonia,Estonia,2009,873466,-0.3643078,66.798096
EST,Estonia,Estonia,2010,678372,-1.3988446,89.56633
EST,Estonia,Estonia,2011,771725,0.55015355,-18.202568
EST,Estonia,Estonia,2012,991200,-0.99923515,198.17758
EST,Estonia,Estonia,2013,975500,0.30754426,-99.98941
EST,Estonia,Estonia,2014,1221600,0.53469753,-30.663376
EST,Estonia,Estonia,2015,1535300,1.0813922,-46.788166
EST,Estonia,Estonia,2016,934051,0.14649451,63.03219
EST,Estonia,Estonia,2017,1311893,0.0040283403,94.789024
EST,Estonia,Estonia,2018,919830,0.69779223,-153.92834
EST,Estonia,Estonia,2019,1624580,1.0671474,40.746834
EST,Estonia,Estonia,2020,1632790,1.9325346,55.453976
EST,Estonia,Estonia,2021,1285750,0.14209034,20.971844
EST,Estonia,Estonia,2022,1528560,0.609361,-56.669067
EST,Estonia,Estonia,2023,1200650,0.73071414,52.41131
EST,Estonia,Estonia,2024,1303540,1.6922965,-17.37121
ETH,Ethiopia,Ethiopia,1993,5294825,-0.5775463,18.742426
ETH,Ethiopia,Ethiopia,1994,5244956,-0.21540515,22.6888
ETH,Ethiopia,Ethiopia,1995,6740322,-0.07691749,3.6747172
ETH,Ethiopia,Ethiopia,1996,9379227,-0.4640986,155.62346
ETH,Ethiopia,Ethiopia,1997,9472807,-0.2608808,199.95576
ETH,Ethiopia,Ethiopia,1998,7197329,0.1910038,15.947476
ETH,Ethiopia,Ethiopia,1999,8378918,-0.21834056,-82.80771
ETH,Ethiopia,Ethiopia,2000,8004830,-0.5337551,-64.45764
ETH,Ethiopia,Ethiopia,2001,9570341,-0.4342874,-6.3997455
ETH,Ethiopia,Ethiopia,2002,8984923,0.008613269,-79.379196
ETH,Ethiopia,Ethiopia,2003,9519780,-0.1473813,-59.623543
ETH,Ethiopia,Ethiopia,2004,10128082,-0.20728779,-34.70937
ETH,Ethiopia,Ethiopia,2005,12738742,0.06427622,15.564349
ETH,Ethiopia,Ethiopia,2006,12661106,0.006266912,126.53764
ETH,Ethiopia,Ethiopia,2007,13650996,0.10326195,-37.447495
ETH,Ethiopia,Ethiopia,2008,14429974,-0.13061889,-83.9388
ETH,Ethiopia,Ethiopia,2009,16855498,0.56353045,-185.48676
ETH,Ethiopia,Ethiopia,2010,19000252,0.16350365,66.12326
ETH,Ethiopia,Ethiopia,2011,19218587,-0.026545843,-52.777145
ETH,Ethiopia,Ethiopia,2012,20825650,0.17089891,-54.165752
ETH,Ethiopia,Ethiopia,2013,22274391,-0.038605053,57.48047
ETH,Ethiopia,Ethiopia,2014,24164344,0.16627581,31.748152
ETH,Ethiopia,Ethiopia,2015,25859512,0.58727074,-64.55948
ETH,Ethiopia,Ethiopia,2016,26601251,0.71390295,-36.83471
ETH,Ethiopia,Ethiopia,2017,29298245,0.51043683,-42.011852
ETH,Ethiopia,Ethiopia,2018,30344418,0.043035507,55.084324
ETH,Ethiopia,Ethiopia,2019,32268583,0.46658373,143.8294
ETH,Ethiopia,Ethiopia,2020,32486215,0.38806042,32.915367
ETH,Ethiopia,Ethiopia,2021,32459543,0.3727193,-179.9291
ETH,Ethiopia,Ethiopia,2022,31183281,0.5849311,-212.49428
ETH,Ethiopia,Ethiopia,2023,31501751,0.6470383,42.839462
ETH,Ethiopia,Ethiopia,2024,31763174,0.92710716,-31.105408
FIN,Finland,Finland,1961,1939548,0.3714554,19.0854
FIN,Finland,Finland,1962,1444361,-1.7100409,31.718636
FIN,Finland,Finland,1963,1900700,-1.4006125,-104.75342
FIN,Finland,Finland,1964,1778500,-0.8357768,-87.337135
FIN,Finland,Finland,1965,2270902,-1.7176675,-3.8589673
FIN,Finland,Finland,1966,2015406,-2.941347,-6.1073503
FIN,Finland,Finland,1967,2350567,-0.6178093,52.426052
FIN,Finland,Finland,1968,2481600,-2.18698,-53.687103
FIN,Finland,Finland,1969,2645000,-2.0649133,-124.70039
FIN,Finland,Finland,1970,2868500,-1.4255981,-28.140121
FIN,Finland,Finland,1971,3112700,-1.7683841,-17.779285
FIN,Finland,Finland,1972,3021500,0.25047442,29.7683
FIN,Finland,Finland,1973,2795600,-1.0224133,-33.37729
FIN,Finland,Finland,1974,2852100,0.66223586,185.61694
FIN,Finland,Finland,1975,3441600,0.27939317,-42.67194
FIN,Finland,Finland,1976,4015000,-2.3117445,-143.56499
FIN,Finland,Finland,1977,2898900,-1.4856561,39.845142
FIN,Finland,Finland,1978,3016000,-2.5266106,-146.91292
FIN,Finland,Finland,1979,3257800,-1.173272,33.028545
FIN,Finland,Finland,1980,3305900,-1.6904926,-93.61701
FIN,Finland,Finland,1981,2414700,-1.7731692,132.04335
FIN,Finland,Finland,1982,3417600,-0.8511502,-35.1515
FIN,Finland,Finland,1983,3876600,-0.64034784,39.59731
FIN,Finland,Finland,1984,3646600,-0.13865419,9.760849
FIN,Finland,Finland,1985,3642000,-3.1221988,-37.93933
FIN,Finland,Finland,1986,3520000,-1.4940144,-7.872931
FIN,Finland,Finland,1987,2182500,-2.8270833,-48.807453
FIN,Finland,Finland,1988,2825700,-0.75427413,23.890263
FIN,Finland,Finland,1989,3808500,1.0568788,17.410295
FIN,Finland,Finland,1990,4296400,0.19598229,-55.58783
FIN,Finland,Finland,1991,3429000,-0.37901735,22.119928
FIN,Finland,Finland,1992,2602500,-0.07892809,73.777695
FIN,Finland,Finland,1993,3340300,-0.85751814,-54.91405
FIN,Finland,Finland,1994,3399600,-0.8265129,-73.47475
FIN,Finland,Finland,1995,3333000,-0.24564512,-30.703575
FIN,Finland,Finland,1996,3711000,-0.9049709,-68.65172
FIN,Finland,Finland,1997,3811500,-0.41387355,-101.09881
FIN,Finland,Finland,1998,2780000,-1.4132757,93.4821
FIN,Finland,Finland,1999,2881700,-0.30072448,-38.120567
FIN,Finland,Finland,2000,4102900,0.9269629,44.224266
FIN,Finland,Finland,2001,3671300,-0.626869,-48.639214
FIN,Finland,Finland,2002,3937800,-0.45690882,-140.56908
FIN,Finland,Finland,2003,3791000,-0.19594307,-83.7932
FIN,Finland,Finland,2004,3618700,-0.0537333,40.344677
FIN,Finland,Finland,2005,4058900,0.6235772,3.629082
FIN,Finland,Finland,2006,3789900,0.27266595,-99.40234
FIN,Finland,Finland,2007,4135300,0.43501008,41.491993
FIN,Finland,Finland,2008,4229100,0.45209637,86.77934
FIN,Finland,Finland,2009,4260900,-0.34024906,-98.85478
FIN,Finland,Finland,2010,2991748,-1.5952336,-55.65966
FIN,Finland,Finland,2011,3671399.4,0.83243036,47.035175
FIN,Finland,Finland,2012,3661920.5,-0.8921781,142.42348
FIN,Finland,Finland,2013,4065779,0.77974635,-14.890533
FIN,Finland,Finland,2014,4130625.8,0.96305823,-26.595331
FIN,Finland,Finland,2015,3685494.2,1.226262,124.34724
FIN,Finland,Finland,2016,3566470.4,0.5036641,61.86467
FIN,Finland,Finland,2017,3421642.5,-0.06948901,64.238686
FIN,Finland,Finland,2018,2768190,0.6497147,-95.78768
FIN,Finland,Finland,2019,4036110,0.1909024,62.041134
FIN,Finland,Finland,2020,3415550,1.7949756,123.3558
FIN,Finland,Finland,2021,2648990,-0.18699332,65.68272
FIN,Finland,Finland,2022,3590090,0.7206812,19.095413
FIN,Finland,Finland,2023,3006670,0.2502245,118.16567
FIN,Finland,Finland,2024,3276940,1.0889037,62.482754
FJI,Fiji,Fiji,1961,23000,-0.21498394,-45.957138
FJI,Fiji,Fiji,1962,22695,-0.34309244,-78.9177
FJI,Fiji,Fiji,1963,22217,-0.41968647,560.6009
FJI,Fiji,Fiji,1964,18424,-0.07179117,90.21424
FJI,Fiji,Fiji,1965,14776,-0.8004829,-228.04843
FJI,Fiji,Fiji,1966,14796,-0.6395605,-450.85373
FJI,Fiji,Fiji,1967,17249,-0.37552705,-118.62914
FJI,Fiji,Fiji,1968,22240,-0.50561905,-149.06578
FJI,Fiji,Fiji,1969,19913,-0.3565084,-371.7606
FJI,Fiji,Fiji,1970,21541,-0.13103724,138.99641
FJI,Fiji,Fiji,1971,18006,-0.2117068,30.32395
FJI,Fiji,Fiji,1972,18015,-0.52691716,392.61615
FJI,Fiji,Fiji,1973,17413,0.06012551,102.11672
FJI,Fiji,Fiji,1974,17820,-0.15221722,502.19632
FJI,Fiji,Fiji,1975,23293,-0.13073032,741.64325
FJI,Fiji,Fiji,1976,21768,-0.35056558,114.0646
FJI,Fiji,Fiji,1977,18475,-0.61859655,94.99627
FJI,Fiji,Fiji,1978,17105,-0.5530378,-135.45317
FJI,Fiji,Fiji,1979,19917,-0.5401044,-80.33392
FJI,Fiji,Fiji,1980,18896,-0.33887085,-60.99765
FJI,Fiji,Fiji,1981,18458,-0.4510131,-39.16809
FJI,Fiji,Fiji,1982,21342,-0.4166584,481.22623
FJI,Fiji,Fiji,1983,17951,-0.27130175,-393.62283
FJI,Fiji,Fiji,1984,24233,-0.11082204,-34.073
FJI,Fiji,Fiji,1985,29296,-0.26461282,-191.74976
FJI,Fiji,Fiji,1986,26249,-0.6188949,15.634239
FJI,Fiji,Fiji,1987,24333,-0.5941882,-947.1441
FJI,Fiji,Fiji,1988,33601,0.27518257,89.51719
FJI,Fiji,Fiji,1989,32622,-0.20642631,-72.64898
FJI,Fiji,Fiji,1990,28477,-0.16860199,-43.541588
FJI,Fiji,Fiji,1991,29575.06,-0.27972698,-173.67415
FJI,Fiji,Fiji,1992,23482.62,-0.35772434,-415.76593
FJI,Fiji,Fiji,1993,22844.23,-0.69384605,-526.28125
FJI,Fiji,Fiji,1994,19586.89,-0.6830947,-522.84216
FJI,Fiji,Fiji,1995,19771,-0.17580397,-576.94775
FJI,Fiji,Fiji,1996,19465.86,-0.1084218,-78.043564
FJI,Fiji,Fiji,1997,18539.28,-0.5189174,222.81984
FJI,Fiji,Fiji,1998,6424.1,0.07479445,-847.18164
FJI,Fiji,Fiji,1999,18058.74,-0.12436215,630.6009
FJI,Fiji,Fiji,2000,14182.41,0.059226673,396.81842
FJI,Fiji,Fiji,2001,14895.99,0.006307284,-231.50983
FJI,Fiji,Fiji,2002,13515.59,0.1921506,-51.847862
FJI,Fiji,Fiji,2003,16550.34,-0.19300413,-379.49268
FJI,Fiji,Fiji,2004,14429.07,-0.032604378,-249.24634
FJI,Fiji,Fiji,2005,15948.78,0.0039779344,-100.67528
FJI,Fiji,Fiji,2006,13701.07,-0.08342266,-294.30392
FJI,Fiji,Fiji,2007,15206,0.56138676,441.00613
FJI,Fiji,Fiji,2008,12231,0.23232095,243.20163
FJI,Fiji,Fiji,2009,12140,-0.42967162,334.76755
FJI,Fiji,Fiji,2010,8616.84,0.36991024,-77.03994
FJI,Fiji,Fiji,2011,8142.78,0.088634335,354.71848
FJI,Fiji,Fiji,2012,4857.86,-0.080367886,960.52405
FJI,Fiji,Fiji,2013,7710,0.24921767,92.40574
FJI,Fiji,Fiji,2014,7843.06,-0.091128506,-390.66016
FJI,Fiji,Fiji,2015,7427.98,-0.29225984,-464.2645
FJI,Fiji,Fiji,2016,9540.67,0.3790566,216.33331
FJI,Fiji,Fiji,2017,10065.79,0.48459783,121.1098
FJI,Fiji,Fiji,2018,8282.71,0.3270189,314.43475
FJI,Fiji,Fiji,2019,8012.5,0.4084711,559.4945
FJI,Fiji,Fiji,2020,10574.41,0.70728284,491.54184
FJI,Fiji,Fiji,2021,11829.35,0.6579135,594.943
FJI,Fiji,Fiji,2022,15064.76,0.75111055,665.28906
FJI,Fiji,Fiji,2023,9194.64,0.45931864,48.53073
FJI,Fiji,Fiji,2024,11042.1,0.78501254,841.2073
FRA,France,France,1961,20802475,-0.09162712,-32.788826
FRA,France,France,1962,25305105,-1.4799973,-58.25905
FRA,France,France,1963,25367307,-1.8837118,65.929825
FRA,France,France,1964,26050470,-0.980913,-155.17587
FRA,France,France,1965,29130754,-1.4467417,143.46136
FRA,France,France,1966,26737646,-0.6841447,58.748875
FRA,France,France,1967,32345675,-0.85159415,-26.59842
FRA,France,France,1968,33237542,-1.0783595,117.03269
FRA,France,France,1969,33115628,-1.0574399,152.94897
FRA,France,France,1970,31443420,-1.0123967,169.26431
FRA,France,France,1971,36988610,-1.142819,48.32615
FRA,France,France,1972,40481820,-1.3321868,122.13705
FRA,France,France,1973,43053408,-1.1458787,-42.66919
FRA,France,France,1974,41069978,-0.890342,121.98492
FRA,France,France,1975,35731890,-1.0257633,4.718714
FRA,France,France,1976,32729070,-0.6786962,-23.859314
FRA,France,France,1977,39316140,-0.87258166,122.84403
FRA,France,France,1978,45454526,-1.2777299,34.4014
FRA,France,France,1979,44266904,-1.2432774,183.30902
FRA,France,France,1980,48024778,-1.4766196,63.416546
FRA,France,France,1981,45941700,-0.86296684,234.6511
FRA,France,France,1982,48668500,-0.35894576,107.07729
FRA,France,France,1983,46397398,-0.52899605,6.4854803
FRA,France,France,1984,58144290,-1.2169785,136.16681
FRA,France,France,1985,55684180,-1.4607118,-110.13826
FRA,France,France,1986,50373694,-1.1576532,72.24016
FRA,France,France,1987,52939096,-0.98637676,5.791171
FRA,France,France,1988,56071405,-0.37933242,58.202263
FRA,France,France,1989,57603036,0.06540743,-153.24014
FRA,France,France,1990,55110621,0.046621203,-56.53958
FRA,France,France,1991,60262166,-0.9381133,-196.57109
FRA,France,France,1992,60473755,-0.55424887,-41.38
FRA,France,France,1993,55422572,-0.82888126,21.948517
FRA,France,France,1994,53185122,0.2507596,93.80462
FRA,France,France,1995,53284874,-0.07575496,-21.429005
FRA,France,France,1996,62253510,-0.96582985,25.459953
FRA,France,France,1997,63031639,0.12320475,-87.992424
FRA,France,France,1998,67947149,-0.3338383,-98.775444
FRA,France,France,1999,64264518,-0.056382935,138.2543
FRA,France,France,2000,65732235,0.06130278,134.18097
FRA,France,France,2001,60300838,-0.23624384,43.008053
FRA,France,France,2002,69700575,0.15215929,66.51306
FRA,France,France,2003,55099557,0.46219656,-145.0822
FRA,France,France,2004,70642016,-0.24977477,-90.10028
FRA,France,France,2005,64210067,-0.25557533,-137.30606
FRA,France,France,2006,61820445,0.25610796,28.651814
FRA,France,France,2007,59578778,-0.032744486,14.343421
FRA,France,France,2008,70418032,-0.33969188,91.468506
FRA,France,France,2009,70373159,0.0852286,-95.38104
FRA,France,France,2010,65839202,-0.8327317,47.753086
FRA,France,France,2011,63954886,0.6639525,-119.14075
FRA,France,France,2012,68341731,-0.08388338,30.591484
FRA,France,France,2013,67537681,-0.4859967,135.15216
FRA,France,France,2014,72801345,0.69987583,58.391266
FRA,France,France,2015,73072834,0.55036587,-122.07558
FRA,France,France,2016,54616264,0.16160758,22.370434
FRA,France,France,2017,68730244,0.32726297,-19.925356
FRA,France,France,2018,61839480,0.77834684,153.33904
FRA,France,France,2019,70378890,0.6368962,5.7098303
FRA,France,France,2020,57085160,1.060434,64.218704
FRA,France,France,2021,66877140,-0.085178696,199.72626
FRA,France,France,2022,59927490,1.3163683,71.072754
FRA,France,France,2023,64240810,1.2332534,123.67178
FRA,France,France,2024,53553470,0.7504578,164.98792
GAB,Gabon,Gabon,1961,9285,-1.1612558,309.62195
GAB,Gabon,Gabon,1962,9053,-1.0262114,-138.74463
GAB,Gabon,Gabon,1963,9173,-0.716695,12.862358
GAB,Gabon,Gabon,1964,9397,-0.87951547,-332.5311
GAB,Gabon,Gabon,1965,9417,-0.9364583,-225.87949
GAB,Gabon,Gabon,1966,8850,-0.6459894,7.1542187
GAB,Gabon,Gabon,1967,8862,-1.0937495,509.34198
GAB,Gabon,Gabon,1968,8796,-0.9822162,-62.618866
GAB,Gabon,Gabon,1969,8458,-0.6994441,-265.4704
GAB,Gabon,Gabon,1970,8595,-0.7120778,65.98081
GAB,Gabon,Gabon,1971,8635,-0.9026963,-64.03245
GAB,Gabon,Gabon,1972,6800,-0.84217805,-90.96503
GAB,Gabon,Gabon,1973,7900,-0.5751467,245.49931
GAB,Gabon,Gabon,1974,8368,-1.1563654,198.13075
GAB,Gabon,Gabon,1975,7750,-1.1020802,130.37978
GAB,Gabon,Gabon,1976,8400,-1.2522944,78.91735
GAB,Gabon,Gabon,1977,9070,-0.77117664,159.44666
GAB,Gabon,Gabon,1978,9890,-0.7868088,-215.5241
GAB,Gabon,Gabon,1979,10570,-0.7147026,78.58551
GAB,Gabon,Gabon,1980,10830,-0.71604043,168.1244
GAB,Gabon,Gabon,1981,10487,-0.6801874,15.9791
GAB,Gabon,Gabon,1982,11400,-0.81546146,28.024517
GAB,Gabon,Gabon,1983,12800,-0.42950106,-245.98274
GAB,Gabon,Gabon,1984,13662,-0.5108145,292.88583
GAB,Gabon,Gabon,1985,13500,-0.77863693,103.47084
GAB,Gabon,Gabon,1986,21060,-0.6585784,32.67673
GAB,Gabon,Gabon,1987,23858,-0.10116831,49.48034
GAB,Gabon,Gabon,1988,25421,-0.34254137,387.09668
GAB,Gabon,Gabon,1989,20695,-0.6344841,70.864845
GAB,Gabon,Gabon,1990,23664,-0.5580322,87.30601
GAB,Gabon,Gabon,1991,24677,-0.489827,-72.54646
GAB,Gabon,Gabon,1992,25369.94,-0.7157655,-171.68796
GAB,Gabon,Gabon,1993,27320,-0.4168733,44.081474
GAB,Gabon,Gabon,1994,30506,-0.4702053,173.54564
GAB,Gabon,Gabon,1995,29451.62,-0.25679383,174.38159
GAB,Gabon,Gabon,1996,29311.16,-0.64127684,123.90653
GAB,Gabon,Gabon,1997,24896.67,-0.36324787,77.52493
GAB,Gabon,Gabon,1998,27128.84,0.31542793,34.396782
GAB,Gabon,Gabon,1999,27760.83,-0.4720966,310.2487
GAB,Gabon,Gabon,2000,26900,-0.5456454,37.078144
GAB,Gabon,Gabon,2001,26168.46,-0.51323223,-161.08038
GAB,Gabon,Gabon,2002,25046.04,-0.034389973,12.311702
GAB,Gabon,Gabon,2003,32075.3,0.09237226,49.942524
GAB,Gabon,Gabon,2004,31334.8,-0.08159987,-64.085396
GAB,Gabon,Gabon,2005,35308.98,0.02195231,-295.7658
GAB,Gabon,Gabon,2006,33170.89,-0.064419426,-79.380066
GAB,Gabon,Gabon,2007,34100,0.04787922,48.552372
GAB,Gabon,Gabon,2008,36286.75,-0.07976484,29.3306
GAB,Gabon,Gabon,2009,39782.49,0.009478728,-32.03044
GAB,Gabon,Gabon,2010,40754,0.3702415,-224.62547
GAB,Gabon,Gabon,2011,42405.02,0.13959567,-108.10783
GAB,Gabon,Gabon,2012,43407.52,0.13327725,24.022667
GAB,Gabon,Gabon,2013,44201.82,0.26673618,-185.95972
GAB,Gabon,Gabon,2014,44781.36,0.25274673,-66.90287
GAB,Gabon,Gabon,2015,45415.03,0.3693223,-212.58865
GAB,Gabon,Gabon,2016,45999.72,0.75851136,-29.07567
GAB,Gabon,Gabon,2017,46425.6,0.55503654,64.67605
GAB,Gabon,Gabon,2018,47181.39,0.46885523,68.773964
GAB,Gabon,Gabon,2019,47627.39,0.6353281,263.8174
GAB,Gabon,Gabon,2020,48060.28,0.7083718,167.24565
GAB,Gabon,Gabon,2021,47623.02,0.5242303,110.64079
GAB,Gabon,Gabon,2022,47770.23,0.37332535,-46.75273
GAB,Gabon,Gabon,2023,47817.84,0.589577,57.750427
GAB,Gabon,Gabon,2024,47737.03,0.9406225,-177.63737
GBR,United Kingdom,United Kingdom of Great Britain and Northern Ireland,1961,9721851,-0.47609928,-175.57518
GBR,United Kingdom,United Kingdom of Great Britain and Northern Ireland,1962,11790944,-1.9082494,-188.69336
GBR,United Kingdom,United Kingdom of Great Britain and Northern Ireland,1963,11364849,-2.2521772,-190.53792
GBR,United Kingdom,United Kingdom of Great Britain and Northern Ireland,1964,12799102,-1.1185223,-236.55075
GBR,United Kingdom,United Kingdom of Great Britain and Northern Ireland,1965,13716688,-1.7217021,-66.74693
GBR,United Kingdom,United Kingdom of Great Britain and Northern Ireland,1966,13439265,-1.291386,-59.274693
GBR,United Kingdom,United Kingdom of Great Britain and Northern Ireland,1967,14649718,-0.5957718,-21.113232
GBR,United Kingdom,United Kingdom of Great Britain and Northern Ireland,1968,13142810,-0.8760741,-35.845272
GBR,United Kingdom,United Kingdom of Great Britain and Northern Ireland,1969,13580196,-0.9533467,-151.03874
GBR,United Kingdom,United Kingdom of Great Britain and Northern Ireland,1970,13267110,-0.77430105,-35.83139
GBR,United Kingdom,United Kingdom of Great Britain and Northern Ireland,1971,14975270,-0.345119,-150.0718
GBR,United Kingdom,United Kingdom of Great Britain and Northern Ireland,1972,15533794,-0.955538,-86.999146
GBR,United Kingdom,United Kingdom of Great Britain and Northern Ireland,1973,15316018,-0.70619875,-208.8601
GBR,United Kingdom,United Kingdom of Great Britain and Northern Ireland,1974,16394537,-0.6932628,30.867306
GBR,United Kingdom,United Kingdom of Great Britain and Northern Ireland,1975,13936000,-0.37738702,-185.76921
GBR,United Kingdom,United Kingdom of Great Britain and Northern Ireland,1976,13263000,-0.3697388,-163.32375
GBR,United Kingdom,United Kingdom of Great Britain and Northern Ireland,1977,16726567,-0.8121605,-46.69613
GBR,United Kingdom,United Kingdom of Great Britain and Northern Ireland,1978,17262000,-0.91553515,-63.781788
GBR,United Kingdom,United Kingdom of Great Britain and Northern Ireland,1979,17416895,-1.6320587,28.550472
GBR,United Kingdom,United Kingdom of Great Britain and Northern Ireland,1980,19472785,-0.89191055,37.683643
GBR,United Kingdom,United Kingdom of Great Britain and Northern Ireland,1981,19629000,-1.0261012,35.991924
GBR,United Kingdom,United Kingdom of Great Britain and Northern Ireland,1982,21919000,-0.37121987,56.622597
GBR,United Kingdom,United Kingdom of Great Britain and Northern Ireland,1983,21305600,-0.28134227,-37.032005
GBR,United Kingdom,United Kingdom of Great Britain and Northern Ireland,1984,26614000,-0.43635225,-69.67957
GBR,United Kingdom,United Kingdom of Great Britain and Northern Ireland,1985,22486000,-1.2793615,0.29959834
GBR,United Kingdom,United Kingdom of Great Britain and Northern Ireland,1986,24509000,-1.438221,69.57544
GBR,United Kingdom,United Kingdom of Great Britain and Northern Ireland,1987,21698000,-1.0657451,-38.624992
GBR,United Kingdom,United Kingdom of Great Britain and Northern Ireland,1988,21063000,-0.3498939,14.35166
GBR,United Kingdom,United Kingdom of Great Britain and Northern Ireland,1989,22728932,0.17554156,-88.44152
GBR,United Kingdom,United Kingdom of Great Britain and Northern Ireland,1990,22569000,0.24903516,-2.2157054
GBR,United Kingdom,United Kingdom of Great Britain and Northern Ireland,1991,22629199,-0.68293,-137.47952
GBR,United Kingdom,United Kingdom of Great Britain and Northern Ireland,1992,22057171,-0.42336372,40.746517
GBR,United Kingdom,United Kingdom of Great Britain and Northern Ireland,1993,19481622,-0.7704981,-13.038851
GBR,United Kingdom,United Kingdom of Great Britain and Northern Ireland,1994,19945396,-0.19050574,28.379356
GBR,United Kingdom,United Kingdom of Great Britain and Northern Ireland,1995,21859745,0.08719637,-127.92035
GBR,United Kingdom,United Kingdom of Great Britain and Northern Ireland,1996,24510178,-0.8778939,-173.62053
GBR,United Kingdom,United Kingdom of Great Britain and Northern Ireland,1997,23523248,0.36195266,-97.58574
GBR,United Kingdom,United Kingdom of Great Britain and Northern Ireland,1998,22767929,0.07764193,120.56132
GBR,United Kingdom,United Kingdom of Great Britain and Northern Ireland,1999,22123808,0.26691926,77.81985
GBR,United Kingdom,United Kingdom of Great Britain and Northern Ireland,2000,23988441,-8.189678e-05,168.09071
GBR,United Kingdom,United Kingdom of Great Britain and Northern Ireland,2001,18958946,-0.31642693,-70.41498
GBR,United Kingdom,United Kingdom of Great Britain and Northern Ireland,2002,22965900,0.3102425,81.53266
GBR,United Kingdom,United Kingdom of Great Britain and Northern Ireland,2003,21494212,0.31351626,-203.2089
GBR,United Kingdom,United Kingdom of Great Britain and Northern Ireland,2004,22009971,0.27722296,28.930815
GBR,United Kingdom,United Kingdom of Great Britain and Northern Ireland,2005,20994000,0.23196404,-80.31466
GBR,United Kingdom,United Kingdom of Great Britain and Northern Ireland,2006,20840385,0.51555115,2.7906742
GBR,United Kingdom,United Kingdom of Great Britain and Northern Ireland,2007,19123516,0.38396522,26.918415
GBR,United Kingdom,United Kingdom of Great Britain and Northern Ireland,2008,24282470,-0.15624493,111.96381
GBR,United Kingdom,United Kingdom of Great Britain and Northern Ireland,2009,21619013,-0.03594629,28.899233
GBR,United Kingdom,United Kingdom of Great Britain and Northern Ireland,2010,20946145,-1.195253,-175.18314
GBR,United Kingdom,United Kingdom of Great Britain and Northern Ireland,2011,21484952,0.45150796,-23.222576
GBR,United Kingdom,United Kingdom of Great Britain and Northern Ireland,2012,19515045,-0.4709443,175.27754
GBR,United Kingdom,United Kingdom of Great Britain and Northern Ireland,2013,20083467,-0.4418943,-73.112335
GBR,United Kingdom,United Kingdom of Great Britain and Northern Ireland,2014,24468841,0.7054905,126.72176
GBR,United Kingdom,United Kingdom of Great Britain and Northern Ireland,2015,24734564,0.019081414,87.24428
GBR,United Kingdom,United Kingdom of Great Britain and Northern Ireland,2016,21964131,0.12346923,-53.63067
GBR,United Kingdom,United Kingdom of Great Britain and Northern Ireland,2017,23000066,0.41289774,-25.901344
GBR,United Kingdom,United Kingdom of Great Britain and Northern Ireland,2018,21084346,0.28539273,-77.30219
GBR,United Kingdom,United Kingdom of Great Britain and Northern Ireland,2019,25517303,0.26116315,94.38961
GBR,United Kingdom,United Kingdom of Great Britain and Northern Ireland,2020,18961989,0.4768089,131.66922
GBR,United Kingdom,United Kingdom of Great Britain and Northern Ireland,2021,22369109,0.14705645,13.207477
GBR,United Kingdom,United Kingdom of Great Britain and Northern Ireland,2022,24362311,0.90376526,-18.438171
GBR,United Kingdom,United Kingdom of Great Britain and Northern Ireland,2023,22047420,0.82799125,128.99399
GBR,United Kingdom,United Kingdom of Great Britain and Northern Ireland,2024,19441252,0.6734039,96.53791
GEO,Georgia,Georgia,1992,496050,-2.0979903,115.15634
GEO,Georgia,Georgia,1993,402751,-1.8812712,-37.149376
GEO,Georgia,Georgia,1994,470638,-0.7838831,-23.474398
GEO,Georgia,Georgia,1995,501476,-0.5853211,46.02825
GEO,Georgia,Georgia,1996,630103,-0.29134035,-12.565033
GEO,Georgia,Georgia,1997,891707,-1.0004464,78.69453
GEO,Georgia,Georgia,1998,588570,0.514657,-149.59769
GEO,Georgia,Georgia,1999,771064,0.05066624,42.18375
GEO,Georgia,Georgia,2000,417752,-0.5671719,-227.05324
GEO,Georgia,Georgia,2001,703620,0.060742825,-7.383162
GEO,Georgia,Georgia,2002,661681,-0.31838632,86.84194
GEO,Georgia,Georgia,2003,741924,-0.9026633,-33.75849
GEO,Georgia,Georgia,2004,662715,-0.3935522,12.060209
GEO,Georgia,Georgia,2005,680281,-0.12526123,210.46576
GEO,Georgia,Georgia,2006,320140,-0.01839143,113.71278
GEO,Georgia,Georgia,2007,418724,-0.09694334,84.70815
GEO,Georgia,Georgia,2008,467110.63,-0.03835805,-62.620724
GEO,Georgia,Georgia,2009,375640.19,0.17864291,42.910004
GEO,Georgia,Georgia,2010,220200,2.0310535,35.782837
GEO,Georgia,Georgia,2011,404700,-0.7792377,51.175095
GEO,Georgia,Georgia,2012,377300,0.5589285,-61.356884
GEO,Georgia,Georgia,2013,490624.35,0.16419007,28.846226
GEO,Georgia,Georgia,2014,378206.12,1.007032,-10.029734
GEO,Georgia,Georgia,2015,363416.42,1.003497,-59.37076
GEO,Georgia,Georgia,2016,431206.97,0.32396334,208.28972
GEO,Georgia,Georgia,2017,295207.81,0.48601648,-2.1628752
GEO,Georgia,Georgia,2018,370940.58,1.735124,-4.3230515
GEO,Georgia,Georgia,2019,371478.05,1.0679308,-232.69133
GEO,Georgia,Georgia,2020,412391.87,0.9660418,-196.22359
GEO,Georgia,Georgia,2021,437470.17,0.959764,29.371971
GEO,Georgia,Georgia,2022,377780.03,0.6275465,-70.11087
GEO,Georgia,Georgia,2023,399780.69,1.2745718,198.19095
GEO,Georgia,Georgia,2024,418576.96,1.0443428,73.52425
GHA,Ghana,Ghana,1961,436400,-0.8425636,-266.49478
GHA,Ghana,Ghana,1962,421000,-1.1605512,85.91109
GHA,Ghana,Ghana,1963,392348,-0.88248855,111.01069
GHA,Ghana,Ghana,1964,400221,-0.7943287,-221.68094
GHA,Ghana,Ghana,1965,388943,-1.0389503,-19.39816
GHA,Ghana,Ghana,1966,646900,-0.6968544,-92.3061
GHA,Ghana,Ghana,1967,585651,-1.1743217,120.49583
GHA,Ghana,Ghana,1968,522656,-1.0872124,517.3949
GHA,Ghana,Ghana,1969,535463,-0.78489476,65.62324
GHA,Ghana,Ghana,1970,857500,-0.5835865,76.261635
GHA,Ghana,Ghana,1971,823100,-1.100853,282.52585
GHA,Ghana,Ghana,1972,723500,-0.77942246,113.83591
GHA,Ghana,Ghana,1973,764100,-0.33362007,95.04487
GHA,Ghana,Ghana,1974,890100,-0.96258736,64.49188
GHA,Ghana,Ghana,1975,671500,-1.1033711,-12.095463
GHA,Ghana,Ghana,1976,688800,-1.3013458,48.289753
GHA,Ghana,Ghana,1977,639000,-0.51661795,-71.33886
GHA,Ghana,Ghana,1978,540000,-0.8437864,64.43573
GHA,Ghana,Ghana,1979,780000,-0.716139,267.7347
GHA,Ghana,Ghana,1980,674000,-0.58851767,268.4799
GHA,Ghana,Ghana,1981,725000,-0.3296822,38.774742
GHA,Ghana,Ghana,1982,628000,-0.5998273,34.864735
GHA,Ghana,Ghana,1983,432000,0.08718538,-256.49518
GHA,Ghana,Ghana,1984,1072000,-0.331151,181.60014
GHA,Ghana,Ghana,1985,921000,-0.6451988,261.50302
GHA,Ghana,Ghana,1986,866700,-0.61158866,109.17103
GHA,Ghana,Ghana,1987,1057400,0.23209922,163.15565
GHA,Ghana,Ghana,1988,1146000,-0.22819583,319.37308
GHA,Ghana,Ghana,1989,1183700,-0.56294805,230.01976
GHA,Ghana,Ghana,1990,843800,-0.32561827,-18.021029
GHA,Ghana,Ghana,1991,1436200,-0.6173601,178.11339
GHA,Ghana,Ghana,1992,1254200,-0.63446933,-31.055954
GHA,Ghana,Ghana,1993,1644700,-0.39160648,129.98024
GHA,Ghana,Ghana,1994,1593915,-0.43132225,66.91171
GHA,Ghana,Ghana,1995,1796920,-0.4051415,159.14844
GHA,Ghana,Ghana,1996,1770069,-0.5505174,22.636806
GHA,Ghana,Ghana,1997,1669220.7,-0.28983513,-16.327435
GHA,Ghana,Ghana,1998,1787521.2,0.33839163,-60.26513
GHA,Ghana,Ghana,1999,1685991.8,-0.62005585,220.5142
GHA,Ghana,Ghana,2000,1710622.4,-0.31069818,-122.55141
GHA,Ghana,Ghana,2001,1626674.1,-0.1429642,-240.54236
GHA,Ghana,Ghana,2002,2155213.8,-0.11091185,-2.6911187
GHA,Ghana,Ghana,2003,2040844.5,-0.019013405,15.99318
GHA,Ghana,Ghana,2004,1830250.7,-0.11705542,-168.00897
GHA,Ghana,Ghana,2005,1948025.7,0.0205307,-103.77376
GHA,Ghana,Ghana,2006,1919026.8,0.05995067,-140.58472
GHA,Ghana,Ghana,2007,1672835,0.06550471,-5.6311035
GHA,Ghana,Ghana,2008,2296821,-0.013974826,-13.910035
GHA,Ghana,Ghana,2009,2607164.2,0.21614711,-52.41634
GHA,Ghana,Ghana,2010,2906709.4,0.46272835,37.38129
GHA,Ghana,Ghana,2011,2618992,0.12165133,-72.24504
GHA,Ghana,Ghana,2012,2890743,-0.0056532226,8.032821
GHA,Ghana,Ghana,2013,2745913,0.14677827,-126.39026
GHA,Ghana,Ghana,2014,2780040,0.13597202,69.552635
GHA,Ghana,Ghana,2015,2753194,0.35164228,-149.66803
GHA,Ghana,Ghana,2016,2798251.6,0.6498127,84.84668
GHA,Ghana,Ghana,2017,3126782.9,0.55673903,-5.408861
GHA,Ghana,Ghana,2018,3573624.6,0.30898413,216.16046
GHA,Ghana,Ghana,2019,4411039.7,0.64045095,211.73563
GHA,Ghana,Ghana,2020,4636039.7,0.5852895,-109.53694
GHA,Ghana,Ghana,2021,4858038.3,0.73517436,-71.75367
GHA,Ghana,Ghana,2022,5136562.5,0.12152863,-31.988155
GHA,Ghana,Ghana,2023,5679038.5,0.591616,46.111935
GHA,Ghana,Ghana,2024,6204238.1,0.92453164,-196.46819
GIN,Guinea,Guinea,1961,460940,-0.8315589,12.784087
GIN,Guinea,Guinea,1962,478270,-0.9203275,172.12051
GIN,Guinea,Guinea,1963,440015,-0.33058295,57.598007
GIN,Guinea,Guinea,1964,495190,-0.7314045,49.19691
GIN,Guinea,Guinea,1965,465810,-0.8780244,-11.208352
GIN,Guinea,Guinea,1966,489905,-0.5422745,78.78534
GIN,Guinea,Guinea,1967,505490,-0.99975985,366.71368
GIN,Guinea,Guinea,1968,500585,-0.7273283,304.6257
GIN,Guinea,Guinea,1969,521215,-0.4888687,521.02026
GIN,Guinea,Guinea,1970,530405,-0.39756966,158.16422
GIN,Guinea,Guinea,1971,552180,-0.85978395,348.7301
GIN,Guinea,Guinea,1972,565565,-0.53447217,434.91107
GIN,Guinea,Guinea,1973,575900,-0.23943646,216.44354
GIN,Guinea,Guinea,1974,589253,-0.8778879,3.973394
GIN,Guinea,Guinea,1975,605306,-0.7850642,136.95555
GIN,Guinea,Guinea,1976,627165,-1.1046563,233.99979
GIN,Guinea,Guinea,1977,642600,-0.37136793,19.172077
GIN,Guinea,Guinea,1978,652250,-0.43635353,355.6315
GIN,Guinea,Guinea,1979,694720,-0.307175,557.8505
GIN,Guinea,Guinea,1980,725055,-0.076150894,290.29626
GIN,Guinea,Guinea,1981,752290,-0.45029816,287.52335
GIN,Guinea,Guinea,1982,765460,-0.6551749,141.74454
GIN,Guinea,Guinea,1983,799610,-0.11319987,-37.54289
GIN,Guinea,Guinea,1984,867790,-0.4582542,129.35548
GIN,Guinea,Guinea,1985,908035,-0.35109615,60.46037
GIN,Guinea,Guinea,1986,945395,-0.5521553,35.72982
GIN,Guinea,Guinea,1987,960925,0.306029,75.41557
GIN,Guinea,Guinea,1988,1003971,-0.04491186,46.695942
GIN,Guinea,Guinea,1989,1027770,-0.260362,225.45996
GIN,Guinea,Guinea,1990,1061616,-0.08499098,48.606323
GIN,Guinea,Guinea,1991,1099509,-0.17330647,62.75082
GIN,Guinea,Guinea,1992,1141553,-0.45919704,67.34033
GIN,Guinea,Guinea,1993,1216315,-0.28221717,195.0894
GIN,Guinea,Guinea,1994,1269642,-0.4755076,199.37985
GIN,Guinea,Guinea,1995,1351036,-0.2806797,25.429703
GIN,Guinea,Guinea,1996,1420176,-0.056177616,53.775703
GIN,Guinea,Guinea,1997,1493690,-0.1837066,-61.100597
GIN,Guinea,Guinea,1998,1572228,0.2651596,-113.99131
GIN,Guinea,Guinea,1999,1656065,-0.43169832,74.737656
GIN,Guinea,Guinea,2000,1800810,-0.39892945,82.96645
GIN,Guinea,Guinea,2001,1720945,-0.10975313,-105.87196
GIN,Guinea,Guinea,2002,1845827,0.18972842,-156.54546
GIN,Guinea,Guinea,2003,1983588,0.12951867,36.91926
GIN,Guinea,Guinea,2004,2136216,0.16344786,-30.141788
GIN,Guinea,Guinea,2005,2290039,0.17031638,-1.149436
GIN,Guinea,Guinea,2006,2445151,0.05265506,-136.17125
GIN,Guinea,Guinea,2007,2601213,0.02465407,-127.18559
GIN,Guinea,Guinea,2008,2740273,-0.19587088,10.100176
GIN,Guinea,Guinea,2009,2631430,0.024947802,5.8551517
GIN,Guinea,Guinea,2010,2861146,0.25658146,55.908035
GIN,Guinea,Guinea,2011,3004174,-0.039301556,-135.64891
GIN,Guinea,Guinea,2012,3240342,-0.25581264,39.933285
GIN,Guinea,Guinea,2013,3431379,0.021033922,-135.16301
GIN,Guinea,Guinea,2014,3401200,-0.033857662,-125.45419
GIN,Guinea,Guinea,2015,3532855.9,0.008844216,-15.219424
GIN,Guinea,Guinea,2016,3648811,0.2711331,-16.945951
GIN,Guinea,Guinea,2017,3774616,0.4047475,-8.441914
GIN,Guinea,Guinea,2018,3911040,0.24294043,111.6718
GIN,Guinea,Guinea,2019,3891171,0.48380217,70.910965
GIN,Guinea,Guinea,2020,4008358,0.66651887,76.26221
GIN,Guinea,Guinea,2021,4402724,0.7302022,-92.9829
GIN,Guinea,Guinea,2022,4745053.2,0.24894571,18.768457
GIN,Guinea,Guinea,2023,5291963.8,0.65127116,-201.01816
GIN,Guinea,Guinea,2024,5385006.1,0.9341812,5.093878
GMB,Gambia,Gambia,1961,90322,-0.9891577,332.74454
GMB,Gambia,Gambia,1962,96298,-1.2666079,208.06465
GMB,Gambia,Gambia,1963,81596,-0.79556733,309.91052
GMB,Gambia,Gambia,1964,87628,-1.0857462,262.18826
GMB,Gambia,Gambia,1965,85933,-1.7446967,295.30582
GMB,Gambia,Gambia,1966,81900,-1.2925323,212.50455
GMB,Gambia,Gambia,1967,69621,-1.5009059,491.2518
GMB,Gambia,Gambia,1968,89100,-1.4831057,-54.475273
GMB,Gambia,Gambia,1969,85078,-0.48671594,366.07492
GMB,Gambia,Gambia,1970,95742,-0.60381556,25.575756
GMB,Gambia,Gambia,1971,97142,-0.9838454,220.12856
GMB,Gambia,Gambia,1972,86300,-0.5733482,49.0203
GMB,Gambia,Gambia,1973,82900,-0.3333095,-3.367002
GMB,Gambia,Gambia,1974,58200,-1.0968863,23.491571
GMB,Gambia,Gambia,1975,53400,-0.99721736,142.35707
GMB,Gambia,Gambia,1976,37900,-1.05231,96.26324
GMB,Gambia,Gambia,1977,38600,-0.15438509,-162.03061
GMB,Gambia,Gambia,1978,63100,-0.5345251,274.05777
GMB,Gambia,Gambia,1979,48000,-0.37591982,137.2592
GMB,Gambia,Gambia,1980,70100,-0.18901522,-36.134018
GMB,Gambia,Gambia,1981,90000,-0.31100336,45.270493
GMB,Gambia,Gambia,1982,93300,-0.91630477,-24.847393
GMB,Gambia,Gambia,1983,68200,0.024359861,-49.129837
GMB,Gambia,Gambia,1984,86500,-0.42798868,-102.02582
GMB,Gambia,Gambia,1985,116090,-0.49826178,64.9644
GMB,Gambia,Gambia,1986,102060,-0.74196213,67.678116
GMB,Gambia,Gambia,1987,92430,-0.18789864,133.64024
GMB,Gambia,Gambia,1988,100170,-0.4209013,120.3007
GMB,Gambia,Gambia,1989,96781,-0.51565886,198.80482
GMB,Gambia,Gambia,1990,90331,-0.20835288,12.020774
GMB,Gambia,Gambia,1991,110988,-0.27494335,-27.683115
GMB,Gambia,Gambia,1992,96206,-0.33874512,-15.928849
GMB,Gambia,Gambia,1993,96977,-0.204405,39.319553
GMB,Gambia,Gambia,1994,95332,-0.3113214,154.54053
GMB,Gambia,Gambia,1995,98480,0.025472322,145.92937
GMB,Gambia,Gambia,1996,103417,-0.11818393,105.22661
GMB,Gambia,Gambia,1997,100476,-0.016845385,-35.886173
GMB,Gambia,Gambia,1998,106346,0.42926836,-144.951
GMB,Gambia,Gambia,1999,150970,-0.5549901,122.9367
GMB,Gambia,Gambia,2000,175700,-0.1778264,45.017437
GMB,Gambia,Gambia,2001,199978,-0.13834397,-17.966423
GMB,Gambia,Gambia,2002,138859,0.26009193,-244.35158
GMB,Gambia,Gambia,2003,204325,-0.24652784,27.140776
GMB,Gambia,Gambia,2004,223302,-0.2257077,-171.42491
GMB,Gambia,Gambia,2005,204998,0.27707562,-73.82668
GMB,Gambia,Gambia,2006,214694,-0.16189893,-117.47209
GMB,Gambia,Gambia,2007,149940,-0.14600134,-189.72507
GMB,Gambia,Gambia,2008,234442,-0.07713175,124.05689
GMB,Gambia,Gambia,2009,310563,-0.28716865,50.50847
GMB,Gambia,Gambia,2010,363066,0.5050399,144.031
GMB,Gambia,Gambia,2011,182858,0.11649784,-120.96871
GMB,Gambia,Gambia,2012,223927,0.1191508,139.98056
GMB,Gambia,Gambia,2013,227369,0.20151393,118.54774
GMB,Gambia,Gambia,2014,174464.33,0.05068286,-155.3715
GMB,Gambia,Gambia,2015,230483,-0.04834493,14.272062
GMB,Gambia,Gambia,2016,173410,0.36167178,-25.03497
GMB,Gambia,Gambia,2017,122850,0.5330086,-69.61499
GMB,Gambia,Gambia,2018,97302.18,-0.13758866,6.0370374
GMB,Gambia,Gambia,2019,95150.4,0.0075624785,-58.17501
GMB,Gambia,Gambia,2020,107673,0.5789345,230.83632
GMB,Gambia,Gambia,2021,113231.36,0.46096674,29.882282
GMB,Gambia,Gambia,2022,107382.38,0.051435947,214.92569
GMB,Gambia,Gambia,2023,110196.6,0.55855227,-50.08184
GMB,Gambia,Gambia,2024,124840.88,0.47004223,191.64474
GNB,Guinea-Bissau,Guinea-Bissau,1961,79000,-0.756563,409.71844
GNB,Guinea-Bissau,Guinea-Bissau,1962,79500,-0.99316025,297.83557
GNB,Guinea-Bissau,Guinea-Bissau,1963,80000,-0.53552216,348.23218
GNB,Guinea-Bissau,Guinea-Bissau,1964,74500,-0.8840747,388.01675
GNB,Guinea-Bissau,Guinea-Bissau,1965,76000,-1.1094933,263.59372
GNB,Guinea-Bissau,Guinea-Bissau,1966,74000,-0.6721919,339.00467
GNB,Guinea-Bissau,Guinea-Bissau,1967,70500,-1.188572,560.71814
GNB,Guinea-Bissau,Guinea-Bissau,1968,68500,-1.0290805,-58.165627
GNB,Guinea-Bissau,Guinea-Bissau,1969,47500,-0.42058882,507.73535
GNB,Guinea-Bissau,Guinea-Bissau,1970,55000,-0.5479234,129.90605
GNB,Guinea-Bissau,Guinea-Bissau,1971,45250,-0.9644893,392.61264
GNB,Guinea-Bissau,Guinea-Bissau,1972,50500,-0.57416373,360.63168
GNB,Guinea-Bissau,Guinea-Bissau,1973,50500,-0.45079422,167.60739
GNB,Guinea-Bissau,Guinea-Bissau,1974,57500,-1.0218053,260.51038
GNB,Guinea-Bissau,Guinea-Bissau,1975,92500,-0.9667072,283.84164
GNB,Guinea-Bissau,Guinea-Bissau,1976,110000,-1.1902075,257.4738
GNB,Guinea-Bissau,Guinea-Bissau,1977,94000,-0.49569717,-246.16006
GNB,Guinea-Bissau,Guinea-Bissau,1978,73000,-0.71341115,283.82272
GNB,Guinea-Bissau,Guinea-Bissau,1979,81000,-0.4193705,345.06287
GNB,Guinea-Bissau,Guinea-Bissau,1980,93000,-0.37008396,-45.785683
GNB,Guinea-Bissau,Guinea-Bissau,1981,132000,-0.43219867,101.74284
GNB,Guinea-Bissau,Guinea-Bissau,1982,160150,-0.7076564,45.69498
GNB,Guinea-Bissau,Guinea-Bissau,1983,140750,-0.12240537,-1.6001766
GNB,Guinea-Bissau,Guinea-Bissau,1984,158500,-0.5238212,-35.728542
GNB,Guinea-Bissau,Guinea-Bissau,1985,158000,-0.5309617,32.69874
GNB,Guinea-Bissau,Guinea-Bissau,1986,162273,-0.74239683,141.70886
GNB,Guinea-Bissau,Guinea-Bissau,1987,153000,-0.05111249,145.997
GNB,Guinea-Bissau,Guinea-Bissau,1988,150065,-0.27263165,23.889513
GNB,Guinea-Bissau,Guinea-Bissau,1989,147931,-0.3886393,59.22499
GNB,Guinea-Bissau,Guinea-Bissau,1990,167269,0.004134496,-10.331661
GNB,Guinea-Bissau,Guinea-Bissau,1991,178920,-0.13759232,71.163376
GNB,Guinea-Bissau,Guinea-Bissau,1992,168916,-0.31351504,-26.570654
GNB,Guinea-Bissau,Guinea-Bissau,1993,180738,-0.12856357,34.10753
GNB,Guinea-Bissau,Guinea-Bissau,1994,190141,-0.5137426,101.10355
GNB,Guinea-Bissau,Guinea-Bissau,1995,200531,0.16514175,18.503216
GNB,Guinea-Bissau,Guinea-Bissau,1996,174588,0.04818328,-4.6439757
GNB,Guinea-Bissau,Guinea-Bissau,1997,139936,0.042346638,-82.42989
GNB,Guinea-Bissau,Guinea-Bissau,1998,138900,0.5782121,-197.17496
GNB,Guinea-Bissau,Guinea-Bissau,1999,145368,-0.24965668,165.97508
GNB,Guinea-Bissau,Guinea-Bissau,2000,177884,-0.14164384,30.491467
GNB,Guinea-Bissau,Guinea-Bissau,2001,161681,0.011277676,10.801903
GNB,Guinea-Bissau,Guinea-Bissau,2002,151444,0.136247,-348.3633
GNB,Guinea-Bissau,Guinea-Bissau,2003,143411,0.007733822,129.0374
GNB,Guinea-Bissau,Guinea-Bissau,2004,171375,0.018321196,-166.31735
GNB,Guinea-Bissau,Guinea-Bissau,2005,212538,0.3466514,-160.41827
GNB,Guinea-Bissau,Guinea-Bissau,2006,225259,-0.0035452843,-245.83403
GNB,Guinea-Bissau,Guinea-Bissau,2007,183863,0.029223919,-244.91832
GNB,Guinea-Bissau,Guinea-Bissau,2008,216998,-0.019275188,87.18583
GNB,Guinea-Bissau,Guinea-Bissau,2009,227342.26,-0.25728083,-53.391083
GNB,Guinea-Bissau,Guinea-Bissau,2010,256131.24,0.31488833,44.785217
GNB,Guinea-Bissau,Guinea-Bissau,2011,218151.1,-0.03661728,-171.08292
GNB,Guinea-Bissau,Guinea-Bissau,2012,248203.95,-0.12006601,115.96916
GNB,Guinea-Bissau,Guinea-Bissau,2013,264093.9,-0.14224482,19.913113
GNB,Guinea-Bissau,Guinea-Bissau,2014,166221.78,-0.2732927,-203.6318
GNB,Guinea-Bissau,Guinea-Bissau,2015,207988.47,-0.2085193,233.02672
GNB,Guinea-Bissau,Guinea-Bissau,2016,225060.29,0.10578155,152.44446
GNB,Guinea-Bissau,Guinea-Bissau,2017,210996.37,0.21308978,-39.267845
GNB,Guinea-Bissau,Guinea-Bissau,2018,223838.6,-0.25786367,324.33936
GNB,Guinea-Bissau,Guinea-Bissau,2019,239853.75,0.23564084,-53.28922
GNB,Guinea-Bissau,Guinea-Bissau,2020,257765.81,0.5506733,458.4863
GNB,Guinea-Bissau,Guinea-Bissau,2021,280543,0.51387787,-46.981457
GNB,Guinea-Bissau,Guinea-Bissau,2022,301273,0.10670996,191.58134
GNB,Guinea-Bissau,Guinea-Bissau,2023,307990.41,0.40804926,-67.81926
GNB,Guinea-Bissau,Guinea-Bissau,2024,323557.34,0.5644843,492.45505
GRC,Greece,Greece,1961,2243876,-0.43647873,-114.47485
GRC,Greece,Greece,1962,2426843,-0.2569126,189.30261
GRC,Greece,Greece,1963,2122537,-0.4484109,193.0319
GRC,Greece,Greece,1964,2874641,-1.0250965,79.52436
GRC,Greece,Greece,1965,2940922,-1.0721525,0.4638989
GRC,Greece,Greece,1966,3131459,-0.13552336,225.73442
GRC,Greece,Greece,1967,3296848,-0.6886134,34.43126
GRC,Greece,Greece,1968,2599570,-0.32220697,182.43059
GRC,Greece,Greece,1969,2808284,-0.30377594,65.772
GRC,Greece,Greece,1970,3383647,-0.2694749,-3.9900217
GRC,Greece,Greece,1971,3499802,-0.9028349,202.07353
GRC,Greece,Greece,1972,3429237,-0.7926658,243.40196
GRC,Greece,Greece,1973,3346195,-0.7993724,102.06628
GRC,Greece,Greece,1974,3822091,-0.7717895,70.79083
GRC,Greece,Greece,1975,3756331,-0.79676276,-27.062033
GRC,Greece,Greece,1976,4012372,-1.3261847,123.65808
GRC,Greece,Greece,1977,3105043,-0.079152465,-231.45023
GRC,Greece,Greece,1978,4319678,-0.9403303,98.69318
GRC,Greece,Greece,1979,4155381,-0.5439995,200.37807
GRC,Greece,Greece,1980,5336321,-0.90508145,94.51205
GRC,Greece,Greece,1981,5360985,-0.6197967,61.801254
GRC,Greece,Greece,1982,5591065,-0.7503417,32.801785
GRC,Greece,Greece,1983,4604903,-1.0453333,-58.47301
GRC,Greece,Greece,1984,5513055,-0.6711591,-61.853092
GRC,Greece,Greece,1985,4491643,-0.35952398,-43.59085
GRC,Greece,Greece,1986,5285924,-0.5032812,-37.3455
GRC,Greece,Greece,1987,5482023,-0.72296005,56.97543
GRC,Greece,Greece,1988,5624260,-0.3987875,-69.926926
GRC,Greece,Greece,1989,5826480,-0.7172963,-226.68738
GRC,Greece,Greece,1990,4463739,-0.1558311,-184.89279
GRC,Greece,Greece,1991,6182700,-1.260196,-21.285072
GRC,Greece,Greece,1992,5035400,-0.97196466,-213.49289
GRC,Greece,Greece,1993,4859715.3,-0.6396361,-152.10072
GRC,Greece,Greece,1994,5268468.3,0.3773245,-21.121305
GRC,Greece,Greece,1995,4901335,-0.58322644,-2.734615
GRC,Greece,Greece,1996,4890858.4,-0.8013155,78.66929
GRC,Greece,Greece,1997,4969279.1,-0.8623972,-64.37325
GRC,Greece,Greece,1998,4609251.3,-0.14528315,4.1103177
GRC,Greece,Greece,1999,4553770,0.24253654,18.084526
GRC,Greece,Greece,2000,4926526.6,-0.17079867,-249.41606
GRC,Greece,Greece,2001,4938620.1,0.10030619,-67.76017
GRC,Greece,Greece,2002,4825424.2,-0.1381814,107.9371
GRC,Greece,Greece,2003,4707635,-0.23593004,109.08107
GRC,Greece,Greece,2004,5068320.6,-0.27116728,-31.57757
GRC,Greece,Greece,2005,5073515.3,-0.5231063,66.51343
GRC,Greece,Greece,2006,4685376,-0.51809627,-3.078863
GRC,Greece,Greece,2007,4612071.2,0.41294435,-83.41601
GRC,Greece,Greece,2008,5567223.7,0.42175815,-190.26138
GRC,Greece,Greece,2009,5243740.1,0.27922,180.13896
GRC,Greece,Greece,2010,4722507.6,0.72693557,138.2287
GRC,Greece,Greece,2011,4868851.6,-0.42713523,-77.75019
GRC,Greece,Greece,2012,4771538.8,0.48652968,69.38337
GRC,Greece,Greece,2013,4875338.4,0.67017245,1.0818982
GRC,Greece,Greece,2014,4263956.4,0.5544432,131.15492
GRC,Greece,Greece,2015,4297233.2,0.21287076,92.530876
GRC,Greece,Greece,2016,3962383.7,0.5786367,-12.171175
GRC,Greece,Greece,2017,3682861,0.25173542,4.873092
GRC,Greece,Greece,2018,2993980,0.8466224,140.20221
GRC,Greece,Greece,2019,2944220,0.7618814,99.280426
GRC,Greece,Greece,2020,3105370,0.6245168,-50.7309
GRC,Greece,Greece,2021,3233710,0.5777362,127.55671
GRC,Greece,Greece,2022,3203370,0.4857248,-23.547941
GRC,Greece,Greece,2023,3404050,0.94276875,65.52752
GRC,Greece,Greece,2024,2873990,1.7126083,-67.89059
GTM,Guatemala,Guatemala,1961,571369,-1.375186,88.614456
GTM,Guatemala,Guatemala,1962,623498,-1.3637308,-101.33147
GTM,Guatemala,Guatemala,1963,666711,-0.999904,-144.45992
GTM,Guatemala,Guatemala,1964,726280,-0.9256849,-162.3816
GTM,Guatemala,Guatemala,1965,729666,-1.1010174,-159.33438
GTM,Guatemala,Guatemala,1966,674105,-1.3710452,14.289224
GTM,Guatemala,Guatemala,1967,691683,-1.1501509,-193.3834
GTM,Guatemala,Guatemala,1968,789024,-1.3875942,87.59655
GTM,Guatemala,Guatemala,1969,818758,-0.647672,372.62012
GTM,Guatemala,Guatemala,1970,890371,-1.0854421,21.417776
GTM,Guatemala,Guatemala,1971,861435,-0.9314645,-207.21126
GTM,Guatemala,Guatemala,1972,918221,-0.6534233,-52.026283
GTM,Guatemala,Guatemala,1973,930480,-0.67515546,148.87883
GTM,Guatemala,Guatemala,1974,932236,-1.1018325,-88.468796
GTM,Guatemala,Guatemala,1975,1068282,-0.7568264,-92.731834
GTM,Guatemala,Guatemala,1976,967390,-1.3615478,-25.23449
GTM,Guatemala,Guatemala,1977,975732,-0.8953441,-285.87357
GTM,Guatemala,Guatemala,1978,1057590,-0.7687135,130.92937
GTM,Guatemala,Guatemala,1979,1110761,-0.80312425,328.20752
GTM,Guatemala,Guatemala,1980,1081719,-0.79707414,44.72618
GTM,Guatemala,Guatemala,1981,1172390,-1.0173784,236.07892
GTM,Guatemala,Guatemala,1982,1274957,-0.66018724,37.690563
GTM,Guatemala,Guatemala,1983,1243186,-0.41540542,35.74411
GTM,Guatemala,Guatemala,1984,1149500,-0.98936254,205.18158
GTM,Guatemala,Guatemala,1985,1282503,-0.8910745,-160.90846
GTM,Guatemala,Guatemala,1986,1398526,-0.95027304,-251.646
GTM,Guatemala,Guatemala,1987,1378226,-0.5106163,-190.19116
GTM,Guatemala,Guatemala,1988,1385280,-0.5139799,167.45105
GTM,Guatemala,Guatemala,1989,1421351,-0.9290579,42.391716
GTM,Guatemala,Guatemala,1990,1435248,-0.71006805,36.42059
GTM,Guatemala,Guatemala,1991,1381809,-0.41307417,-237.11662
GTM,Guatemala,Guatemala,1992,1513512,-0.5753023,-7.937705
GTM,Guatemala,Guatemala,1993,1446343,-0.49514756,25.307936
GTM,Guatemala,Guatemala,1994,1296160,-0.34157196,-416.50095
GTM,Guatemala,Guatemala,1995,1163637,-0.11914047,308.8728
GTM,Guatemala,Guatemala,1996,1139597.2,-0.666899,130.81927
GTM,Guatemala,Guatemala,1997,953852.36,-0.026188532,25.263142
GTM,Guatemala,Guatemala,1998,1165000.8,0.334524,237.04901
GTM,Guatemala,Guatemala,1999,1134239,-0.81618947,171.77274
GTM,Guatemala,Guatemala,2000,1160727,-0.67672396,-94.836044
GTM,Guatemala,Guatemala,2001,1294911,-0.6057598,-175.53998
GTM,Guatemala,Guatemala,2002,1300063.8,-0.12759924,-234.83281
GTM,Guatemala,Guatemala,2003,1320434.6,0.04596758,-141.66124
GTM,Guatemala,Guatemala,2004,1350217.5,-0.3299707,-181.87221
GTM,Guatemala,Guatemala,2005,1446138.7,0.12196239,162.80931
GTM,Guatemala,Guatemala,2006,1557726.9,-0.25233254,226.12675
GTM,Guatemala,Guatemala,2007,1669111.1,-0.058595974,-51.23696
GTM,Guatemala,Guatemala,2008,1792388.4,-0.38053498,206.44344
GTM,Guatemala,Guatemala,2009,1703470.7,0.33892027,-313.10092
GTM,Guatemala,Guatemala,2010,1716378.8,0.24036233,313.80234
GTM,Guatemala,Guatemala,2011,1754490.8,0.32004547,216.68117
GTM,Guatemala,Guatemala,2012,1804109.5,0.12374973,-108.26256
GTM,Guatemala,Guatemala,2013,1876103.6,0.3489008,266.1577
GTM,Guatemala,Guatemala,2014,1900910.4,0.17372434,84.63934
GTM,Guatemala,Guatemala,2015,1938867,0.6615799,-114.91553
GTM,Guatemala,Guatemala,2016,1986485.1,0.623559,-185.64812
GTM,Guatemala,Guatemala,2017,2037704.1,0.3975253,91.896034
GTM,Guatemala,Guatemala,2018,2065221.1,0.26668867,-229.91917
GTM,Guatemala,Guatemala,2019,1922130.1,0.99810284,-317.8971
GTM,Guatemala,Guatemala,2020,2050091.2,0.88940877,343.63693
GTM,Guatemala,Guatemala,2021,2130965.6,0.6935442,-200.76472
GTM,Guatemala,Guatemala,2022,2158161.5,0.4437882,224.49083
GTM,Guatemala,Guatemala,2023,2167088.2,1.1756302,-173.47589
GTM,Guatemala,Guatemala,2024,2331190.4,1.28236,119.44055
GUY,Guyana,Guyana,1961,216403,-0.6866272,-96.06169
GUY,Guyana,Guyana,1962,221848,-0.7154465,91.04667
GUY,Guyana,Guyana,1963,164495,-0.52029735,20.546349
GUY,Guyana,Guyana,1964,300741,-0.07653602,-413.36316
GUY,Guyana,Guyana,1965,247434,-0.28522334,-668.1873
GUY,Guyana,Guyana,1966,280984,0.10049041,-655.76733
GUY,Guyana,Guyana,1967,223890,-0.5859291,-340.81287
GUY,Guyana,Guyana,1968,177356,-0.5597847,-124.8318
GUY,Guyana,Guyana,1969,192874,-0.3485268,106.83015
GUY,Guyana,Guyana,1970,211557,-0.72098666,209.4695
GUY,Guyana,Guyana,1971,187549,-1.114498,-122.05741
GUY,Guyana,Guyana,1972,161378,-0.6324978,7.408591
GUY,Guyana,Guyana,1973,172322,-0.5528714,9.688581
GUY,Guyana,Guyana,1974,283246,-1.0998713,-94.294754
GUY,Guyana,Guyana,1975,297806,-1.0955085,80.510994
GUY,Guyana,Guyana,1976,175495,-0.7783637,-100.44124
GUY,Guyana,Guyana,1977,358266,-0.6306364,-203.75635
GUY,Guyana,Guyana,1978,307268,-0.61840296,29.845383
GUY,Guyana,Guyana,1979,242159,-0.5048463,-34.125336
GUY,Guyana,Guyana,1980,283440,-0.4871408,-191.66833
GUY,Guyana,Guyana,1981,276636,-0.5111311,195.89948
GUY,Guyana,Guyana,1982,299014,-0.40155855,-96.96688
GUY,Guyana,Guyana,1983,246816,-0.11023712,-231.77924
GUY,Guyana,Guyana,1984,302533,-0.9079601,-21.174055
GUY,Guyana,Guyana,1985,257267,-0.91818887,-250.56873
GUY,Guyana,Guyana,1986,276948,-0.65514946,-161.7259
GUY,Guyana,Guyana,1987,246344,0.15485828,-351.05194
GUY,Guyana,Guyana,1988,229661,-0.24990876,-53.907494
GUY,Guyana,Guyana,1989,240183,-0.64220697,-69.859276
GUY,Guyana,Guyana,1990,158740,-0.23301935,74.816315
GUY,Guyana,Guyana,1991,254421,-0.32415757,-271.0009
GUY,Guyana,Guyana,1992,289200,-0.16166274,-471.3353
GUY,Guyana,Guyana,1993,339707,-0.4040772,-82.32254
GUY,Guyana,Guyana,1994,381732,-0.39210033,-223.87344
GUY,Guyana,Guyana,1995,529300,0.071079254,-346.46753
GUY,Guyana,Guyana,1996,546537,-0.14586703,-34.931057
GUY,Guyana,Guyana,1997,576068,0.19409864,-392.41428
GUY,Guyana,Guyana,1998,526007,0.46903658,-120.51997
GUY,Guyana,Guyana,1999,565460,-0.3233215,53.72284
GUY,Guyana,Guyana,2000,452569,-0.51534206,114.37392
GUY,Guyana,Guyana,2001,497885,-0.25306144,-385.18857
GUY,Guyana,Guyana,2002,445654,0.0031124752,57.16717
GUY,Guyana,Guyana,2003,550183,0.13733895,-152.48848
GUY,Guyana,Guyana,2004,506411,0.068316616,-109.51646
GUY,Guyana,Guyana,2005,424365,0.3515606,4.139642
GUY,Guyana,Guyana,2006,475363,-0.08682442,242.00034
GUY,Guyana,Guyana,2007,466553,-0.20915096,232.63847
GUY,Guyana,Guyana,2008,511036,-0.39023843,212.91858
GUY,Guyana,Guyana,2009,558522,0.14858484,-340.04276
GUY,Guyana,Guyana,2010,560531.98,0.12295707,385.78534
GUY,Guyana,Guyana,2011,623517.71,-0.002673785,233.7559
GUY,Guyana,Guyana,2012,653320,0.031891186,319.17767
GUY,Guyana,Guyana,2013,827930,-0.11761967,198.15784
GUY,Guyana,Guyana,2014,981300,-0.031380493,-80.568405
GUY,Guyana,Guyana,2015,1062100,0.20752366,-143.87659
GUY,Guyana,Guyana,2016,826200,0.47137865,173.91063
GUY,Guyana,Guyana,2017,973400,0.3609209,327.31635
GUY,Guyana,Guyana,2018,968000,0.015598138,324.6286
GUY,Guyana,Guyana,2019,1053900,0.31120142,143.29941
GUY,Guyana,Guyana,2020,1061600,0.39288393,131.55356
GUY,Guyana,Guyana,2021,864000,0.0020740826,754.83154
GUY,Guyana,Guyana,2022,933600,-0.14081065,729.72516
GUY,Guyana,Guyana,2023,1009700,0.751544,-115.78149
GUY,Guyana,Guyana,2024,1119800,1.2315949,-78.73026
HKG,Hong Kong,"China, Hong Kong SAR",1961,29891,-0.47025236,416.61102
HKG,Hong Kong,"China, Hong Kong SAR",1962,19428,-0.683423,-458.61145
HKG,Hong Kong,"China, Hong Kong SAR",1963,14500,-0.41147026,-598.2517
HKG,Hong Kong,"China, Hong Kong SAR",1964,12060,-0.62564033,184.30182
HKG,Hong Kong,"China, Hong Kong SAR",1965,20800,-0.99335957,-30.242714
HKG,Hong Kong,"China, Hong Kong SAR",1966,16630,-0.335016,-262.02838
HKG,Hong Kong,"China, Hong Kong SAR",1967,12196,-0.94397753,-264.10068
HKG,Hong Kong,"China, Hong Kong SAR",1968,17707,-0.6904407,138.20541
HKG,Hong Kong,"China, Hong Kong SAR",1969,19082,-0.9492349,-269.22745
HKG,Hong Kong,"China, Hong Kong SAR",1970,16239,-0.7982704,584.0484
HKG,Hong Kong,"China, Hong Kong SAR",1971,10650,-0.95311815,5.1901717
HKG,Hong Kong,"China, Hong Kong SAR",1972,7822,-0.6974502,647.2745
HKG,Hong Kong,"China, Hong Kong SAR",1973,7000,-0.1756107,924.8372
HKG,Hong Kong,"China, Hong Kong SAR",1974,3080,-0.7962951,335.55344
HKG,Hong Kong,"China, Hong Kong SAR",1975,3540,-0.60079813,617.28424
HKG,Hong Kong,"China, Hong Kong SAR",1976,3450,-1.0738589,158.29028
HKG,Hong Kong,"China, Hong Kong SAR",1977,1380,-0.49923348,-264.14688
HKG,Hong Kong,"China, Hong Kong SAR",1978,350,-0.71092105,605.5145
HKG,Hong Kong,"China, Hong Kong SAR",1979,100,-0.62662166,63.565994
HKG,Hong Kong,"China, Hong Kong SAR",1980,70,-0.4512402,-243.25215
HKG,Hong Kong,"China, Hong Kong SAR",1981,30,-0.4578012,-42.45518
HKG,Hong Kong,"China, Hong Kong SAR",1982,20,-0.56020474,173.50345
HKG,Hong Kong,"China, Hong Kong SAR",1983,12,-0.8678873,633.1724
HKG,Hong Kong,"China, Hong Kong SAR",1984,24,-1.2489613,-32.65083
HKG,Hong Kong,"China, Hong Kong SAR",1985,15,-0.975316,358.5079
HKG,Hong Kong,"China, Hong Kong SAR",1986,11,-0.74209785,231.85219
HKG,Hong Kong,"China, Hong Kong SAR",1987,5,0.017868599,-91.405045
HKG,Hong Kong,"China, Hong Kong SAR",1988,3,-0.62660336,-121.44392
HKG,Hong Kong,"China, Hong Kong SAR",1989,3,-0.6220663,-157.86003
HKG,Hong Kong,"China, Hong Kong SAR",1990,2,-0.30535945,127.88795
HKG,Hong Kong,"China, Hong Kong SAR",1991,0,0.061864298,-258.8008
HKG,Hong Kong,"China, Hong Kong SAR",1992,0,-0.6244809,157.70317
HKG,Hong Kong,"China, Hong Kong SAR",1993,0,-0.5161461,131.7913
HKG,Hong Kong,"China, Hong Kong SAR",1994,0,-0.037276667,147.26079
HKG,Hong Kong,"China, Hong Kong SAR",1995,0,-0.58691543,19.525812
HKG,Hong Kong,"China, Hong Kong SAR",1996,0,-0.47264847,-43.069466
HKG,Hong Kong,"China, Hong Kong SAR",1997,0,-0.23764642,636.50726
HKG,Hong Kong,"China, Hong Kong SAR",2020,0,0.49899206,-198.78566
HKG,Hong Kong,"China, Hong Kong SAR",2021,0,0.7123938,105.05409
HKG,Hong Kong,"China, Hong Kong SAR",2022,0,0.046042204,7.434803
HKG,Hong Kong,"China, Hong Kong SAR",2023,0,0.5845316,284.22974
HKG,Hong Kong,"China, Hong Kong SAR",2024,0,0.7574133,237.46428
HND,Honduras,Honduras,1961,318005,-0.980437,-33.483448
HND,Honduras,Honduras,1962,343680,-1.0523683,54.858253
HND,Honduras,Honduras,1963,347221,-0.76089984,-70.297966
HND,Honduras,Honduras,1964,396321,-0.37365308,-89.97166
HND,Honduras,Honduras,1965,398168,-0.49720573,-149.97635
HND,Honduras,Honduras,1966,394355,-0.7084451,251.65166
HND,Honduras,Honduras,1967,389439,-0.6032488,-82.853386
HND,Honduras,Honduras,1968,392849,-0.8820388,251.31627
HND,Honduras,Honduras,1969,396423,-0.43534198,290.4351
HND,Honduras,Honduras,1970,399941,-0.8223774,85.23088
HND,Honduras,Honduras,1971,403548,-0.72681,-139.10724
HND,Honduras,Honduras,1972,407208,-0.21465795,-179.42245
HND,Honduras,Honduras,1973,403798,-0.29760566,-60.738865
HND,Honduras,Honduras,1974,417765,-0.8400338,-80.08402
HND,Honduras,Honduras,1975,445484,-0.5278962,30.389194
HND,Honduras,Honduras,1976,460338,-0.9924485,103.79936
HND,Honduras,Honduras,1977,517570,-0.40770245,-192.29843
HND,Honduras,Honduras,1978,530184,-0.40878424,109.30899
HND,Honduras,Honduras,1979,424434,-0.30762228,328.44675
HND,Honduras,Honduras,1980,476098,-0.37025547,124.89134
HND,Honduras,Honduras,1981,575997,-0.5270314,84.836296
HND,Honduras,Honduras,1982,445978,-0.26271042,-52.67175
HND,Honduras,Honduras,1983,551581,0.19532204,-120.40958
HND,Honduras,Honduras,1984,603873,-0.5576741,-62.04265
HND,Honduras,Honduras,1985,502454,-0.4842895,-175.37619
HND,Honduras,Honduras,1986,550439,-0.87010574,-101.38107
HND,Honduras,Honduras,1987,613157,-0.24426794,-195.17688
HND,Honduras,Honduras,1988,526611,-0.16918437,171.18718
HND,Honduras,Honduras,1989,618597,-0.45136324,-98.87571
HND,Honduras,Honduras,1990,682954,-0.2563769,140.6336
HND,Honduras,Honduras,1991,691674.66,-0.012430509,-255.04604
HND,Honduras,Honduras,1992,686528,-0.094910465,-319.54794
HND,Honduras,Honduras,1993,691213.92,-0.33346924,150.31473
HND,Honduras,Honduras,1994,674003,-0.076682724,-456.267
HND,Honduras,Honduras,1995,769613,0.010839462,154.83812
HND,Honduras,Honduras,1996,784468.57,-0.64777595,218.27371
HND,Honduras,Honduras,1997,756955,-0.07096577,-162.05865
HND,Honduras,Honduras,1998,590306,0.35491833,288.64334
HND,Honduras,Honduras,1999,562176,-0.80071896,224.52695
HND,Honduras,Honduras,2000,606578.43,-0.78683203,-237.30008
HND,Honduras,Honduras,2001,603029.37,-0.5547972,-165.7341
HND,Honduras,Honduras,2002,579161.72,-0.07475901,-183.12306
HND,Honduras,Honduras,2003,598653,0.04642852,-27.759226
HND,Honduras,Honduras,2004,527961.28,-0.078400455,-168.64719
HND,Honduras,Honduras,2005,555622.39,0.18042438,337.7507
HND,Honduras,Honduras,2006,595111.46,0.018136183,38.253845
HND,Honduras,Honduras,2007,752423.49,-0.047143143,60.565258
HND,Honduras,Honduras,2008,660074.3,-0.2376426,282.9307
HND,Honduras,Honduras,2009,702199,0.017088095,-191.3317
HND,Honduras,Honduras,2010,632857.61,-0.10567474,287.35623
HND,Honduras,Honduras,2011,635620.08,-0.027532896,144.26923
HND,Honduras,Honduras,2012,621782.61,-0.12723081,-123.17376
HND,Honduras,Honduras,2013,708268.05,0.22910483,20.515003
HND,Honduras,Honduras,2014,670111.28,0.17464495,-2.4236689
HND,Honduras,Honduras,2015,729021.15,0.58139974,-124.69267
HND,Honduras,Honduras,2016,701829.84,0.5992134,-46.052773
HND,Honduras,Honduras,2017,765602.19,0.25649372,341.58853
HND,Honduras,Honduras,2018,791201.52,0.07333215,-92.80866
HND,Honduras,Honduras,2019,667799.38,0.79053193,-331.07214
HND,Honduras,Honduras,2020,753702.16,0.7444043,337.21225
HND,Honduras,Honduras,2021,743583.15,0.5956664,-249.11821
HND,Honduras,Honduras,2022,751006.86,0.28978395,166.21107
HND,Honduras,Honduras,2023,777642.74,1.1072354,-54.506844
HND,Honduras,Honduras,2024,770043.48,1.3163629,292.2152
HRV,Croatia,Croatia,1992,2359523.8,-0.09619034,-121.1033
HRV,Croatia,Croatia,1993,2737666.1,-0.889177,-66.21564
HRV,Croatia,Croatia,1994,2600256.3,0.4441047,-171.80074
HRV,Croatia,Croatia,1995,2764526.6,-0.6053744,152.97525
HRV,Croatia,Croatia,1996,2766036.8,-1.5718905,92.43721
HRV,Croatia,Croatia,1997,3182961.1,-0.7632062,-63.606197
HRV,Croatia,Croatia,1998,3214302.7,-0.45169592,-34.43245
HRV,Croatia,Croatia,1999,2887906.7,-0.24865322,115.44078
HRV,Croatia,Croatia,2000,2310525,0.82640535,-184.83957
HRV,Croatia,Croatia,2001,2826686.2,-0.09904021,8.893847
HRV,Croatia,Croatia,2002,3077663.8,0.40095735,133.18047
HRV,Croatia,Croatia,2003,2015938.1,0.01620686,-294.13742
HRV,Croatia,Croatia,2004,3067103.5,-0.5652601,153.28212
HRV,Croatia,Croatia,2005,3039957.2,-1.172103,61.349705
HRV,Croatia,Croatia,2006,3035940,-0.23013185,-96.79253
HRV,Croatia,Croatia,2007,2536186,0.60259366,-40.27037
HRV,Croatia,Croatia,2008,3726750,0.500324,-13.673105
HRV,Croatia,Croatia,2009,3442567,0.39643368,14.445284
HRV,Croatia,Croatia,2010,3014507.1,-0.55595917,327.96716
HRV,Croatia,Croatia,2011,2835283.9,0.17036743,-389.02512
HRV,Croatia,Croatia,2012,2694563.7,0.4596655,-113.4361
HRV,Croatia,Croatia,2013,3195466.1,0.09081072,151.80571
HRV,Croatia,Croatia,2014,3001476.9,0.88713425,381.66293
HRV,Croatia,Croatia,2015,2802791,0.6026329,-109.52583
HRV,Croatia,Croatia,2016,3573872,0.2505591,71.66025
HRV,Croatia,Croatia,2017,2659648,0.3496748,-1.0911466
HRV,Croatia,Croatia,2018,3243520,0.8879196,38.343575
HRV,Croatia,Croatia,2019,3513320,1.032894,113.61454
HRV,Croatia,Croatia,2020,3746320,0.6706128,-82.21884
HRV,Croatia,Croatia,2021,3645150,0.29536873,-24.713005
HRV,Croatia,Croatia,2022,3023810,1.1156484,-155.4046
HRV,Croatia,Croatia,2023,3191010,1.4871944,185.73564
HRV,Croatia,Croatia,2024,3285520,2.0418897,-36.305824
HTI,Haiti,Haiti,1961,466000,-0.77079535,112.85377
HTI,Haiti,Haiti,1962,472500,-0.7027032,-79.10671
HTI,Haiti,Haiti,1963,478000,-0.75748795,304.1862
HTI,Haiti,Haiti,1964,485000,-0.64949703,42.041767
HTI,Haiti,Haiti,1965,493000,-0.7920968,-121.87418
HTI,Haiti,Haiti,1966,497000,-0.7044862,91.34172
HTI,Haiti,Haiti,1967,511000,-0.63120204,-306.8413
HTI,Haiti,Haiti,1968,486000,-0.80111283,-118.81305
HTI,Haiti,Haiti,1969,534000,-0.22263448,80.6037
HTI,Haiti,Haiti,1970,530000,-0.45782217,-73.33183
HTI,Haiti,Haiti,1971,544000,-1.022128,113.67
HTI,Haiti,Haiti,1972,564000,-0.7068011,111.83142
HTI,Haiti,Haiti,1973,457477,-0.6850171,259.92194
HTI,Haiti,Haiti,1974,458400,-1.008397,267.67554
HTI,Haiti,Haiti,1975,422500,-0.8798987,-26.71681
HTI,Haiti,Haiti,1976,446000,-0.90459394,-126.85959
HTI,Haiti,Haiti,1977,369587,-0.35211134,186.58463
HTI,Haiti,Haiti,1978,374504,-0.5685112,214.93526
HTI,Haiti,Haiti,1979,428729,-0.8244516,284.56177
HTI,Haiti,Haiti,1980,419670,-0.29858017,52.41543
HTI,Haiti,Haiti,1981,409250,-0.7467551,149.31335
HTI,Haiti,Haiti,1982,390900,-0.6891648,-132.41237
HTI,Haiti,Haiti,1983,428180,-0.11439085,13.036552
HTI,Haiti,Haiti,1984,432058,-0.54578227,21.859823
HTI,Haiti,Haiti,1985,444655,-0.5095029,-47.72832
HTI,Haiti,Haiti,1986,475915,-0.44309187,43.180622
HTI,Haiti,Haiti,1987,461806,0.044087887,201.09824
HTI,Haiti,Haiti,1988,469183,-0.18554592,167.75874
HTI,Haiti,Haiti,1989,453100,-0.3482461,23.540033
HTI,Haiti,Haiti,1990,360900,0.027988276,94.85715
HTI,Haiti,Haiti,1991,400000,-0.03448121,-219.28993
HTI,Haiti,Haiti,1992,451796,-0.27981582,-19.946049
HTI,Haiti,Haiti,1993,422377.1,-0.39386383,109.6715
HTI,Haiti,Haiti,1994,425000,-0.3369266,-45.900192
HTI,Haiti,Haiti,1995,412795.71,-0.2994701,-39.715748
HTI,Haiti,Haiti,1996,412198,-0.72758293,107.34003
HTI,Haiti,Haiti,1997,490000,0.27085972,-242.92587
HTI,Haiti,Haiti,1998,402596,0.22604306,92.85594
HTI,Haiti,Haiti,1999,475000,-0.6453493,85.96373
HTI,Haiti,Haiti,2000,430500,-0.4149882,-234.00195
HTI,Haiti,Haiti,2001,363000,-0.18930213,-119.12527
HTI,Haiti,Haiti,2002,376000,0.017754236,-151.50975
HTI,Haiti,Haiti,2003,381500,-0.0046569505,11.93433
HTI,Haiti,Haiti,2004,398000,-0.34786382,-109.93014
HTI,Haiti,Haiti,2005,405500,-0.06565571,297.92682
HTI,Haiti,Haiti,2006,415000,0.0682737,-46.72332
HTI,Haiti,Haiti,2007,520000,0.12500508,227.25104
HTI,Haiti,Haiti,2008,420000,-0.23433892,118.52851
HTI,Haiti,Haiti,2009,553500,-0.065926075,-111.63371
HTI,Haiti,Haiti,2010,626800,0.10504261,339.51382
HTI,Haiti,Haiti,2011,616092.22,-0.12135538,179.75311
HTI,Haiti,Haiti,2012,441594.05,-0.06281837,198.53714
HTI,Haiti,Haiti,2013,613317.95,0.19950056,-72.71724
HTI,Haiti,Haiti,2014,586897,0.39468098,-196.0266
HTI,Haiti,Haiti,2015,428590.12,0.7164879,-298.09653
HTI,Haiti,Haiti,2016,442632,0.38131824,215.94629
HTI,Haiti,Haiti,2017,484000,0.22375043,230.17207
HTI,Haiti,Haiti,2018,415370,0.28605047,-177.53198
HTI,Haiti,Haiti,2019,389868,0.519098,-25.629036
HTI,Haiti,Haiti,2020,300130,0.6905325,-104.69101
HTI,Haiti,Haiti,2021,373000,0.3042709,-124.85318
HTI,Haiti,Haiti,2022,340000,0.22117965,-162.98042
HTI,Haiti,Haiti,2023,330000,0.847688,-42.419495
HTI,Haiti,Haiti,2024,323000,0.9330252,47.21295
HUN,Hungary,Hungary,1961,6174805,0.38451228,-203.43805
HUN,Hungary,Hungary,1962,6829499,-0.9647421,-70.53772
HUN,Hungary,Hungary,1963,6478872,-1.1139065,-18.23747
HUN,Hungary,Hungary,1964,6918522,-1.3196245,-5.7994604
HUN,Hungary,Hungary,1965,7495221,-1.6551038,174.31517
HUN,Hungary,Hungary,1966,7621221,0.008433491,66.12915
HUN,Hungary,Hungary,1967,7933082,-0.44066194,-118.50913
HUN,Hungary,Hungary,1968,8453829,-0.46071044,-82.40191
HUN,Hungary,Hungary,1969,9711470,-1.1941887,76.88477
HUN,Hungary,Hungary,1970,7640260,-1.1169264,137.44666
HUN,Hungary,Hungary,1971,9818933,-0.72488636,-121.95998
HUN,Hungary,Hungary,1972,10803835,-0.63270384,148.21803
HUN,Hungary,Hungary,1973,11698511,-0.87017745,-114.58437
HUN,Hungary,Hungary,1974,12468716,-0.28919053,154.62682
HUN,Hungary,Hungary,1975,12225960,-0.20794553,6.3612
HUN,Hungary,Hungary,1976,11347383,-1.1040934,-37.27701
HUN,Hungary,Hungary,1977,12335895,-0.70448464,-17.413315
HUN,Hungary,Hungary,1978,13385358,-1.712522,-60.511665
HUN,Hungary,Hungary,1979,12103387,-0.7042586,18.540281
HUN,Hungary,Hungary,1980,14009190,-2.0743434,98.86715
HUN,Hungary,Hungary,1981,12889433,-0.6710995,-47.687405
HUN,Hungary,Hungary,1982,14919042,-0.71796685,-32.498802
HUN,Hungary,Hungary,1983,13764913,-0.20788221,-133.85901
HUN,Hungary,Hungary,1984,15730515,-1.0595399,-20.79853
HUN,Hungary,Hungary,1985,14808816,-1.7902495,2.3952677
HUN,Hungary,Hungary,1986,14301241,-0.9831328,-137.92862
HUN,Hungary,Hungary,1987,14168185,-1.3720256,46.360615
HUN,Hungary,Hungary,1988,14966140,-0.6822037,-66.542336
HUN,Hungary,Hungary,1989,15416584,-0.22781022,-28.896933
HUN,Hungary,Hungary,1990,12561481,-0.045473207,-164.9843
HUN,Hungary,Hungary,1991,15832169,-1.4041983,-11.228308
HUN,Hungary,Hungary,1992,10011896,0.071981736,-119.21311
HUN,Hungary,Hungary,1993,8548410,-0.784347,-137.57967
HUN,Hungary,Hungary,1994,11748979,0.68519616,-120.97394
HUN,Hungary,Hungary,1995,11298996,-0.5161904,63.96742
HUN,Hungary,Hungary,1996,11343967,-1.6659209,95.38496
HUN,Hungary,Hungary,1997,14139126,-1.1041518,-74.68812
HUN,Hungary,Hungary,1998,13037591,-0.64051443,88.157616
HUN,Hungary,Hungary,1999,11392048,-0.40038756,212.03717
HUN,Hungary,Hungary,2000,10036050,0.7545697,-180.22455
HUN,Hungary,Hungary,2001,15045901,-0.50096935,44.29863
HUN,Hungary,Hungary,2002,11703295,0.49037805,-22.307684
HUN,Hungary,Hungary,2003,8769586,-0.47608402,-205.41531
HUN,Hungary,Hungary,2004,16779323,-0.6609381,49.20809
HUN,Hungary,Hungary,2005,16212463,-1.0783795,125.37485
HUN,Hungary,Hungary,2006,14467371,-0.32035157,-46.683258
HUN,Hungary,Hungary,2007,9652899,0.8535612,-44.411922
HUN,Hungary,Hungary,2008,16840650,0.59060067,-70.48978
HUN,Hungary,Hungary,2009,13590362,0.5060314,-10.195963
HUN,Hungary,Hungary,2010,12269359,-0.65860844,347.2604
HUN,Hungary,Hungary,2011,13678147,-0.0668737,-227.93414
HUN,Hungary,Hungary,2012,10372740,0.5392044,-129.17368
HUN,Hungary,Hungary,2013,13609910,0.25024697,85.01103
HUN,Hungary,Hungary,2014,16613380,1.1209434,183.17995
HUN,Hungary,Hungary,2015,14145172,0.83002424,-83.739624
HUN,Hungary,Hungary,2016,16643885,0.23880632,91.37737
HUN,Hungary,Hungary,2017,14017280,0.23608772,13.038855
HUN,Hungary,Hungary,2018,14885530,1.1622201,11.871288
HUN,Hungary,Hungary,2019,15650010,1.2930708,35.00733
HUN,Hungary,Hungary,2020,15566640,0.65498966,39.08408
HUN,Hungary,Hungary,2021,13980870,0.099450074,-72.18714
HUN,Hungary,Hungary,2022,9060660,1.0699364,-102.92415
HUN,Hungary,Hungary,2023,15039690,1.4427933,164.92877
HUN,Hungary,Hungary,2024,12689330,1.8324671,-68.46803
IDN,Indonesia,Indonesia,1961,14367100,-0.8962693,-518.7797
IDN,Indonesia,Indonesia,1962,16246900,-0.921199,-184.2432
IDN,Indonesia,Indonesia,1963,13952800,-0.8417042,-626.09894
IDN,Indonesia,Indonesia,1964,16074600,-0.97844476,-73.49887
IDN,Indonesia,Indonesia,1965,15339500,-1.0524122,-550.32495
IDN,Indonesia,Indonesia,1966,17367400,-1.2055875,177.57878
IDN,Indonesia,Indonesia,1967,15591101,-1.2254201,-153.91614
IDN,Indonesia,Indonesia,1968,20328850,-1.1168265,-52.83298
IDN,Indonesia,Indonesia,1969,20313080,-0.8188965,-248.60698
IDN,Indonesia,Indonesia,1970,22156220,-0.88304806,187.69402
IDN,Indonesia,Indonesia,1971,22796490,-1.22413,1.4008021
IDN,Indonesia,Indonesia,1972,21647980,-0.8346696,-840.61444
IDN,Indonesia,Indonesia,1973,25179300,-0.66678506,202.37737
IDN,Indonesia,Indonesia,1974,25483788,-0.98853683,-266.9205
IDN,Indonesia,Indonesia,1975,25242090,-0.96899337,127.18578
IDN,Indonesia,Indonesia,1976,25873084,-0.9251792,-486.43402
IDN,Indonesia,Indonesia,1977,26489786,-0.73269385,-290.31158
IDN,Indonesia,Indonesia,1978,29800800,-0.6095147,229.0733
IDN,Indonesia,Indonesia,1979,29888191,-0.51941174,-158.89764
IDN,Indonesia,Indonesia,1980,33642843,-0.4454657,-244.44383
IDN,Indonesia,Indonesia,1981,37283478,-0.51203775,-80.300964
IDN,Indonesia,Indonesia,1982,36818521,-0.521764,-587.67615
IDN,Indonesia,Indonesia,1983,40389883,-0.24089687,-68.42523
IDN,Indonesia,Indonesia,1984,43424273,-0.75588435,303.3433
IDN,Indonesia,Indonesia,1985,43362447,-0.67834026,5.9757805
IDN,Indonesia,Indonesia,1986,45647142,-0.59067917,-28.369856
IDN,Indonesia,Indonesia,1987,45233872,-0.2740189,-254.4152
IDN,Indonesia,Indonesia,1988,48328093,-0.31101656,263.06055
IDN,Indonesia,Indonesia,1989,50918096,-0.6001989,69.37024
IDN,Indonesia,Indonesia,1990,51912780,-0.42383528,-264.48254
IDN,Indonesia,Indonesia,1991,50944146,-0.51115084,-339.90216
IDN,Indonesia,Indonesia,1992,56235467,-0.5451239,-133.2876
IDN,Indonesia,Indonesia,1993,54640825,-0.40544415,-210.22197
IDN,Indonesia,Indonesia,1994,53510380,-0.4002153,-195.66339
IDN,Indonesia,Indonesia,1995,57990042,-0.29375315,387.6858
IDN,Indonesia,Indonesia,1996,60408927,-0.28495708,78.7048
IDN,Indonesia,Indonesia,1997,58147907,-0.095236935,-858.0223
IDN,Indonesia,Indonesia,1998,59406188,0.3237481,323.63196
IDN,Indonesia,Indonesia,1999,60070424,-0.32878765,180.12064
IDN,Indonesia,Indonesia,2000,61575000,-0.294511,144.77309
IDN,Indonesia,Indonesia,2001,59808000,-0.19341993,28.827057
IDN,Indonesia,Indonesia,2002,61074973,-0.03886366,-490.3376
IDN,Indonesia,Indonesia,2003,63024042,-0.07384237,-124.45648
IDN,Indonesia,Indonesia,2004,65313711,-0.07602581,-403.84555
IDN,Indonesia,Indonesia,2005,66674990,-0.0013602575,-76.77548
IDN,Indonesia,Indonesia,2006,66064399,-0.026685556,-262.67462
IDN,Indonesia,Indonesia,2007,67878527,-0.0217522,124.28474
IDN,Indonesia,Indonesia,2008,73984922,-0.19720316,269.20697
IDN,Indonesia,Indonesia,2009,76643740,0.17204936,-242.14633
IDN,Indonesia,Indonesia,2010,77610636,0.29867664,572.8113
IDN,Indonesia,Indonesia,2011,75902250,-0.022669792,56.960587
IDN,Indonesia,Indonesia,2012,79092022,0.04834636,139.97813
IDN,Indonesia,Indonesia,2013,78606853,0.16649373,451.66904
IDN,Indonesia,Indonesia,2014,78067426,0.22368033,-128.13693
IDN,Indonesia,Indonesia,2015,80643435,0.33206907,-398.68918
IDN,Indonesia,Indonesia,2016,77609413,0.6446726,554.2498
IDN,Indonesia,Indonesia,2017,80416000,0.30865145,461.05927
IDN,Indonesia,Indonesia,2018,78040534,0.31211773,9.485363
IDN,Indonesia,Indonesia,2019,74254033,0.44233274,-331.9767
IDN,Indonesia,Indonesia,2020,67578143,0.53817177,412.68777
IDN,Indonesia,Indonesia,2021,67830216,0.35387278,306.1724
IDN,Indonesia,Indonesia,2022,71276250,0.2989416,372.1504
IDN,Indonesia,Indonesia,2023,68755426,0.6075775,-248.8527
IDN,Indonesia,Indonesia,2024,68281639,0.8796344,366.3984
IND,India,India,1961,87376496,-0.92087555,138.5752
IND,India,India,1962,87257552,-0.8246522,24.588413
IND,India,India,1963,90373008,-0.3688647,28.20054
IND,India,India,1964,93706000,-0.39021096,144.62468
IND,India,India,1965,79699504,-0.41156086,-81.464294
IND,India,India,1966,80137608,-0.37133422,73.48864
IND,India,India,1967,95453504,-0.42118534,156.06987
IND,India,India,1968,1.0244371e+08,-0.59901685,38.203556
IND,India,India,1969,1.0629124e+08,0.06493902,-108.41011
IND,India,India,1970,1.139095e+08,-0.45996523,49.232956
IND,India,India,1971,1.132383e+08,-0.8547349,57.695827
IND,India,India,1972,1.0861546e+08,-0.15252495,-201.40382
IND,India,India,1973,1.1964822e+08,-0.11588971,84.993484
IND,India,India,1974,1.06793e+08,-0.35007033,-210.98746
IND,India,India,1975,1.278078e+08,-0.7166125,95.83806
IND,India,India,1976,1.2162511e+08,-0.34485802,-82.61017
IND,India,India,1977,1.380629e+08,-0.27274212,-98.39095
IND,India,India,1978,1.429647e+08,-0.5670802,-51.594093
IND,India,India,1979,1.264703e+08,0.07878971,-226.54729
IND,India,India,1980,1.404906e+08,0.039221764,-41.21334
IND,India,India,1981,1.4758382e+08,-0.44002882,-159.41171
IND,India,India,1982,1.361014e+08,-0.43030676,-207.0603
IND,India,India,1983,1.667817e+08,-0.6533685,44.43477
IND,India,India,1984,1.644776e+08,-0.4467322,-100.12882
IND,India,India,1985,1.656822e+08,-0.15146351,-173.33853
IND,India,India,1986,1.6495522e+08,-0.32153574,-122.24631
IND,India,India,1987,1.561145e+08,0.12729247,-289.9924
IND,India,India,1988,1.8386701e+08,0.03900226,52.333008
IND,India,India,1989,1.9941322e+08,-0.5081766,-43.79976
IND,India,India,1990,1.9391931e+08,-0.5258794,245.92722
IND,India,India,1991,1.9353785e+08,-0.28668723,-50.16457
IND,India,India,1992,2.007102e+08,-0.37961182,-185.02132
IND,India,India,1993,2.05022e+08,-0.24073076,-10.09088
IND,India,India,1994,2.134397e+08,-0.35607544,90.64246
IND,India,India,1995,2.0962095e+08,-0.14085372,0.9712119
IND,India,India,1996,2.041814e+08,-0.24112003,6.3357472
IND,India,India,1997,2.2394572e+08,-0.672651,21.218327
IND,India,India,1998,2.2108535e+08,0.005665938,15.934208
IND,India,India,1999,2.3708055e+08,-0.10824426,-96.704315
IND,India,India,2000,2.3595655e+08,-0.22410996,-105.7345
IND,India,India,2001,2.416978e+08,-0.1476841,-77.1475
IND,India,India,2002,2.1328945e+08,0.21565723,-185.1516
IND,India,India,2003,2.349908e+08,-0.042418163,40.666027
IND,India,India,2004,2.2715717e+08,0.0018372536,-80.35126
IND,India,India,2005,2.361758e+08,-0.076594986,-28.946856
IND,India,India,2006,2.4286405e+08,0.17456198,-4.0921955
IND,India,India,2007,2.596824e+08,0.052126724,109.8548
IND,India,India,2008,2.644264e+08,-0.1791873,76.347404
IND,India,India,2009,2.5125234e+08,0.5378151,-69.48914
IND,India,India,2010,2.6396419e+08,0.4925283,166.15286
IND,India,India,2011,2.9177669e+08,-0.15502739,65.323235
IND,India,India,2012,2.9241613e+08,-0.04545498,-51.510536
IND,India,India,2013,2.9151022e+08,-0.23287964,165.24393
IND,India,India,2014,2.9869886e+08,-0.0034777324,-83.0624
IND,India,India,2015,2.8485092e+08,0.2752069,-25.08284
IND,India,India,2016,2.9905384e+08,0.6567257,27.995852
IND,India,India,2017,3.0966338e+08,0.5180332,21.034742
IND,India,India,2018,3.2069253e+08,0.32134342,-75.05443
IND,India,India,2019,3.2395744e+08,0.2844162,189.58081
IND,India,India,2020,3.4144694e+08,-0.0031148593,130.30273
IND,India,India,2021,3.5552981e+08,0.094714165,56.783978
IND,India,India,2022,3.5376605e+08,0.27105442,92.63028
IND,India,India,2023,3.7358393e+08,0.27688804,-27.408585
IND,India,India,2024,3.9112386e+08,0.57244587,197.0698
IRL,Ireland,Ireland,1961,1367919,-0.032118242,-137.891
IRL,Ireland,Ireland,1962,1439216,-1.0658325,-258.6491
IRL,Ireland,Ireland,1963,1258816,-1.4399709,-200.97508
IRL,Ireland,Ireland,1964,1136399,-0.30893186,-191.54646
IRL,Ireland,Ireland,1965,1173711,-1.0701809,-63.583805
IRL,Ireland,Ireland,1966,1107600,-0.53926235,-28.555815
IRL,Ireland,Ireland,1967,1269300,-0.57475096,-97.1245
IRL,Ireland,Ireland,1968,1450800,-0.41876817,-59.06913
IRL,Ireland,Ireland,1969,1403200,-0.7023843,-320.3613
IRL,Ireland,Ireland,1970,1371000,-0.44904938,-91.686226
IRL,Ireland,Ireland,1971,1580400,0.15617485,-252.34134
IRL,Ireland,Ireland,1972,1431400,-0.7907057,-97.33092
IRL,Ireland,Ireland,1973,1296500,-0.14502569,-166.6169
IRL,Ireland,Ireland,1974,1440900,-0.53174186,-30.911758
IRL,Ireland,Ireland,1975,1379700,0.08438969,-264.99207
IRL,Ireland,Ireland,1976,1253000,-0.16378723,-205.93976
IRL,Ireland,Ireland,1977,1833000,-0.36871657,-56.856174
IRL,Ireland,Ireland,1978,1768000,-0.2890283,-75.70952
IRL,Ireland,Ireland,1979,1916000,-1.1595637,27.243286
IRL,Ireland,Ireland,1980,2064800,-0.4340864,74.554276
IRL,Ireland,Ireland,1981,2046800,-0.29391128,-3.3815746
IRL,Ireland,Ireland,1982,2177700,-0.1305974,78.36582
IRL,Ireland,Ireland,1983,1990700,0.12317908,-34.046112
IRL,Ireland,Ireland,1984,2513800,-0.22406012,-60.082325
IRL,Ireland,Ireland,1985,2095800,-0.89484596,38.905266
IRL,Ireland,Ireland,1986,1954800,-1.257917,120.14442
IRL,Ireland,Ireland,1987,2107800,-0.532733,-118.90604
IRL,Ireland,Ireland,1988,2077800,-0.10964151,80.10553
IRL,Ireland,Ireland,1989,1918800,0.32605302,-75.25341
IRL,Ireland,Ireland,1990,1965820,0.22302532,-46.91185
IRL,Ireland,Ireland,1991,1968048.4,-0.24783534,-124.08627
IRL,Ireland,Ireland,1992,2025770.8,-0.32510224,-2.9728823
IRL,Ireland,Ireland,1993,1633158.7,-0.49098918,6.2689624
IRL,Ireland,Ireland,1994,1618110.6,-0.19076677,84.00259
IRL,Ireland,Ireland,1995,1803329.6,0.39729452,-98.10403
IRL,Ireland,Ireland,1996,2150592,-0.58576274,-86.030716
IRL,Ireland,Ireland,1997,1952836.8,0.5183444,-18.822828
IRL,Ireland,Ireland,1998,1875440,0.23942082,141.24922
IRL,Ireland,Ireland,1999,2025967.2,0.20702057,62.957695
IRL,Ireland,Ireland,2000,2177490.6,-0.14546597,83.59119
IRL,Ireland,Ireland,2001,2169040.7,-0.24639833,-214.02689
IRL,Ireland,Ireland,2002,1966954.9,0.18304317,166.77
IRL,Ireland,Ireland,2003,2152352.9,0.24901359,-174.03871
IRL,Ireland,Ireland,2004,2507508.3,0.15381138,-84.84332
IRL,Ireland,Ireland,2005,1947926.6,0.32177734,-91.95532
IRL,Ireland,Ireland,2006,2090355.8,0.3808856,33.897415
IRL,Ireland,Ireland,2007,2006462.4,0.58351046,-36.247036
IRL,Ireland,Ireland,2008,2463992.7,-0.14726043,96.055084
IRL,Ireland,Ireland,2009,2066174.9,-0.19004752,214.10625
IRL,Ireland,Ireland,2010,2043780.9,-1.1798362,-200.45793
IRL,Ireland,Ireland,2011,2512186.8,0.071630955,15.042884
IRL,Ireland,Ireland,2012,2127500,-0.1968245,23.994314
IRL,Ireland,Ireland,2013,2403000,-0.17846711,-86.33719
IRL,Ireland,Ireland,2014,2599817.3,0.32573298,85.34799
IRL,Ireland,Ireland,2015,2635748.6,-0.30724204,159.80595
IRL,Ireland,Ireland,2016,2312985.3,0.0038641293,-79.61115
IRL,Ireland,Ireland,2017,2394645.6,0.3171508,-54.75252
IRL,Ireland,Ireland,2018,1784900,0.12733732,-62.58544
IRL,Ireland,Ireland,2019,2267990,0.20681603,75.21104
IRL,Ireland,Ireland,2020,1892640,0.14534152,166.57161
IRL,Ireland,Ireland,2021,2363950,0.35533038,-15.403482
IRL,Ireland,Ireland,2022,2485680,0.615101,5.3700476
IRL,Ireland,Ireland,2023,1902430,0.9999037,200.6072
IRL,Ireland,Ireland,2024,1896580,0.46039823,-34.208508
IRN,Iran,Iran (Islamic Republic of),1961,4303119,-1.63235,-31.974913
IRN,Iran,Iran (Islamic Republic of),1962,4402740,-1.3581725,-89.48997
IRN,Iran,Iran (Islamic Republic of),1963,4101140,-0.83787984,-1.1514658
IRN,Iran,Iran (Islamic Republic of),1964,4299578,-2.2499201,-49.082047
IRN,Iran,Iran (Islamic Republic of),1965,5642713,-1.2208103,-11.796312
IRN,Iran,Iran (Islamic Republic of),1966,6588982,-0.48423424,-66.093506
IRN,Iran,Iran (Islamic Republic of),1967,5833000,-1.737223,-31.336126
IRN,Iran,Iran (Islamic Republic of),1968,6594000,-1.4367708,32.695965
IRN,Iran,Iran (Islamic Republic of),1969,6310000,-1.3542981,56.825172
IRN,Iran,Iran (Islamic Republic of),1970,6448000,-0.39094982,-75.41155
IRN,Iran,Iran (Islamic Republic of),1971,5692000,-0.9280974,-26.93882
IRN,Iran,Iran (Islamic Republic of),1972,6787000,-2.5555258,114.6376
IRN,Iran,Iran (Islamic Republic of),1973,6901000,-0.9847517,-94.95342
IRN,Iran,Iran (Islamic Republic of),1974,6931000,-1.896636,60.794846
IRN,Iran,Iran (Islamic Republic of),1975,8445000,-1.5153385,-20.161856
IRN,Iran,Iran (Islamic Republic of),1976,9182500,-1.6120402,56.34725
IRN,Iran,Iran (Islamic Republic of),1977,8211950,-0.58403516,18.845592
IRN,Iran,Iran (Islamic Republic of),1978,8474311,-0.78859824,-33.010986
IRN,Iran,Iran (Islamic Republic of),1979,8693746,-1.0222949,15.735874
IRN,Iran,Iran (Islamic Republic of),1980,8582850,-0.7098569,21.13911
IRN,Iran,Iran (Islamic Republic of),1981,9289878,-1.1120471,-13.359312
IRN,Iran,Iran (Islamic Republic of),1982,10221717,-2.4712157,75.0882
IRN,Iran,Iran (Islamic Republic of),1983,9321331,-1.7165155,-56.889656
IRN,Iran,Iran (Islamic Republic of),1984,10051706,-1.9096884,-7.125325
IRN,Iran,Iran (Islamic Republic of),1985,10727817,-1.2811874,-54.742886
IRN,Iran,Iran (Islamic Republic of),1986,11898530,-2.0151541,70.75674
IRN,Iran,Iran (Islamic Republic of),1987,12193218,-0.89868236,-29.828854
IRN,Iran,Iran (Islamic Republic of),1988,12116749,-0.81496376,9.8352585
IRN,Iran,Iran (Islamic Republic of),1989,10786652,-1.2895256,-45.395676
IRN,Iran,Iran (Islamic Republic of),1990,13683863,-0.60168046,-63.947563
IRN,Iran,Iran (Islamic Republic of),1991,14450208,-0.9266991,57.31754
IRN,Iran,Iran (Islamic Republic of),1992,16029234,-2.1536372,74.78775
IRN,Iran,Iran (Islamic Republic of),1993,16786212,-1.1581397,45.138912
IRN,Iran,Iran (Islamic Republic of),1994,16692465,-0.53554255,10.400814
IRN,Iran,Iran (Islamic Republic of),1995,17191141,-0.5138964,-2.3110805
IRN,Iran,Iran (Islamic Republic of),1996,16102130,-0.8511775,64.15626
IRN,Iran,Iran (Islamic Republic of),1997,15787881,-0.7402258,27.780298
IRN,Iran,Iran (Islamic Republic of),1998,18984493,0.10346508,2.1189773
IRN,Iran,Iran (Islamic Republic of),1999,14197139,0.14492743,-30.692793
IRN,Iran,Iran (Islamic Republic of),2000,12877642,0.029194355,-53.708855
IRN,Iran,Iran (Islamic Republic of),2001,14943510,0.6844127,-79.5477
IRN,Iran,Iran (Islamic Republic of),2002,19873850,0.24600928,-13.829284
IRN,Iran,Iran (Islamic Republic of),2003,20947988,-0.009805282,-6.945905
IRN,Iran,Iran (Islamic Republic of),2004,21987685,0.21771257,34.299595
IRN,Iran,Iran (Islamic Republic of),2005,21914453,-0.070010066,-9.060442
IRN,Iran,Iran (Islamic Republic of),2006,22469920,0.2852578,0.9462723
IRN,Iran,Iran (Islamic Republic of),2007,24077570,-0.20797618,-4.899776
IRN,Iran,Iran (Islamic Republic of),2008,12210783,0.035684425,-87.09036
IRN,Iran,Iran (Islamic Republic of),2009,17952655,0.15317464,5.510485
IRN,Iran,Iran (Islamic Republic of),2010,19597231,1.161553,-91.24293
IRN,Iran,Iran (Islamic Republic of),2011,15018276,0.04761819,6.309491
IRN,Iran,Iran (Islamic Republic of),2012,15777122,-0.18108289,-3.4605057
IRN,Iran,Iran (Islamic Republic of),2013,16427671,0.36903736,-28.716328
IRN,Iran,Iran (Islamic Republic of),2014,17551045,0.066870056,-30.197554
IRN,Iran,Iran (Islamic Republic of),2015,18255385,0.73500705,6.971087
IRN,Iran,Iran (Islamic Republic of),2016,22419771,0.84123987,-37.38648
IRN,Iran,Iran (Islamic Republic of),2017,19286155,0.68765205,-29.896257
IRN,Iran,Iran (Islamic Republic of),2018,20130243,1.1279403,4.4071746
IRN,Iran,Iran (Islamic Republic of),2019,22314123,0.40551344,99.31312
IRN,Iran,Iran (Islamic Republic of),2020,22552257,0.0059205294,69.528465
IRN,Iran,Iran (Islamic Republic of),2021,17094560,1.4097141,-118.48602
IRN,Iran,Iran (Islamic Republic of),2022,20423029,1.1962744,-55.895096
IRN,Iran,Iran (Islamic Republic of),2023,23976866,1.363255,-49.498775
IRN,Iran,Iran (Islamic Republic of),2024,24511345,1.10882,14.922886
IRQ,Iraq,Iraq,1961,1847205,-1.7161322,9.359782
IRQ,Iraq,Iraq,1962,2332325,-0.24601372,-79.14949
IRQ,Iraq,Iraq,1963,1432038,-1.3656069,57.107323
IRQ,Iraq,Iraq,1964,1629550,-2.2951908,-65.84417
IRQ,Iraq,Iraq,1965,2006634,-1.4945259,19.816221
IRQ,Iraq,Iraq,1966,1858708,-0.5860931,-37.863014
IRQ,Iraq,Iraq,1967,2051724,-2.5398972,26.913158
IRQ,Iraq,Iraq,1968,2899566,-1.5412925,41.417007
IRQ,Iraq,Iraq,1969,2473690,-1.2698871,38.129425
IRQ,Iraq,Iraq,1970,2112408,-1.2566655,-81.83704
IRQ,Iraq,Iraq,1971,1588491,-1.8845707,46.782818
IRQ,Iraq,Iraq,1972,3901326,-2.437491,101.9238
IRQ,Iraq,Iraq,1973,1603339,-1.6290401,-83.939896
IRQ,Iraq,Iraq,1974,1960870,-1.868111,118.01044
IRQ,Iraq,Iraq,1975,1372508,-1.7668225,12.528286
IRQ,Iraq,Iraq,1976,2109366,-1.9462663,20.233744
IRQ,Iraq,Iraq,1977,1444700,-1.0971454,-14.24019
IRQ,Iraq,Iraq,1978,1780469,-0.8442847,-75.28835
IRQ,Iraq,Iraq,1979,1480600,-0.09398588,-28.660002
IRQ,Iraq,Iraq,1980,1891900,-1.0721213,34.071465
IRQ,Iraq,Iraq,1981,2035800,-0.82905465,-11.630616
IRQ,Iraq,Iraq,1982,2065900,-2.2769465,50.024265
IRQ,Iraq,Iraq,1983,1821700,-1.7243198,-48.13135
IRQ,Iraq,Iraq,1984,1100160,-1.5203887,-14.402799
IRQ,Iraq,Iraq,1985,2932251,-1.1056334,-12.680761
IRQ,Iraq,Iraq,1986,2280630,-1.0166119,36.89017
IRQ,Iraq,Iraq,1987,1728000,-0.7009761,10.370635
IRQ,Iraq,Iraq,1988,2590600,-1.1478342,62.142227
IRQ,Iraq,Iraq,1989,1496700,-0.87953657,-32.16063
IRQ,Iraq,Iraq,1990,3454800,-0.67176324,-69.99271
IRQ,Iraq,Iraq,1991,2672653,-0.8637237,29.209042
IRQ,Iraq,Iraq,1992,2959211,-2.3574893,38.151077
IRQ,Iraq,Iraq,1993,3239908,-1.1482257,67.533
IRQ,Iraq,Iraq,1994,2830150,-0.22544424,59.224426
IRQ,Iraq,Iraq,1995,2540110,-0.6375436,-39.0361
IRQ,Iraq,Iraq,1996,3004520,0.15201871,64.012024
IRQ,Iraq,Iraq,1997,2215530,-1.1545161,33.53681
IRQ,Iraq,Iraq,1998,2431550,0.4619834,-39.02406
IRQ,Iraq,Iraq,1999,1604520,0.5983138,-83.91798
IRQ,Iraq,Iraq,2000,904480,-0.06585479,-44.73358
IRQ,Iraq,Iraq,2001,1818903.1,0.41569534,-29.09887
IRQ,Iraq,Iraq,2002,4124870,-0.08244761,9.853051
IRQ,Iraq,Iraq,2003,3521487.3,-0.10259835,-7.3133597
IRQ,Iraq,Iraq,2004,3316916.7,-0.1526804,-8.566632
IRQ,Iraq,Iraq,2005,3708150,-0.08100001,-35.158012
IRQ,Iraq,Iraq,2006,3785500,0.09416517,57.12988
IRQ,Iraq,Iraq,2007,3752471,0.10155872,-61.24405
IRQ,Iraq,Iraq,2008,2225411,0.1320303,-85.02787
IRQ,Iraq,Iraq,2009,2650113,-0.019999743,-60.45762
IRQ,Iraq,Iraq,2010,4362383,1.584466,-64.210754
IRQ,Iraq,Iraq,2011,4270151,-0.697623,-36.60694
IRQ,Iraq,Iraq,2012,4790950,0.27370134,-27.15909
IRQ,Iraq,Iraq,2013,6950373,-0.32722378,42.312283
IRQ,Iraq,Iraq,2014,7451634,0.31831193,15.773603
IRQ,Iraq,Iraq,2015,3580324.9,0.4543821,38.676956
IRQ,Iraq,Iraq,2016,4189005,0.5032959,-13.326965
IRQ,Iraq,Iraq,2017,4001107,0.649776,-72.64177
IRQ,Iraq,Iraq,2018,2633473,0.9972164,148.26347
IRQ,Iraq,Iraq,2019,7488255,0.4027792,90.48779
IRQ,Iraq,Iraq,2020,9349401,0.77668715,13.36025
IRQ,Iraq,Iraq,2021,5652128.7,1.4823354,-124.48653
IRQ,Iraq,Iraq,2022,3724581.2,0.91151065,-68.73022
IRQ,Iraq,Iraq,2023,5224703.6,0.95577574,18.797064
IRQ,Iraq,Iraq,2024,6451521.8,0.9736614,21.076498
ISL,Iceland,Iceland,2015,4637,-0.37374434,166.80609
ISL,Iceland,Iceland,2016,7389,1.026877,-71.72774
ISL,Iceland,Iceland,2017,7400,0.860888,45.098568
ISL,Iceland,Iceland,2018,3900,0.3407371,186.55757
ISL,Iceland,Iceland,2019,7900,0.25315195,-84.014275
ISL,Iceland,Iceland,2020,7287,-0.23191194,134.05522
ISL,Iceland,Iceland,2021,7490,0.08033079,-105.77464
ISL,Iceland,Iceland,2022,8900,-0.09324447,102.15565
ISL,Iceland,Iceland,2023,7679,-0.2669504,-121.46599
ISL,Iceland,Iceland,2024,4986,-0.95650023,-97.00883
ISR,Israel,Israel,1961,171600,-1.3369647,11.740492
ISR,Israel,Israel,1962,152700,-0.10698596,-74.79271
ISR,Israel,Israel,1963,139200,-0.17762876,13.951717
ISR,Israel,Israel,1964,329400,-1.5443913,9.364488
ISR,Israel,Israel,1965,288000,-0.86594385,17.048458
ISR,Israel,Israel,1966,137100,-0.37396875,9.944179
ISR,Israel,Israel,1967,304650,-1.6986464,84.78226
ISR,Israel,Israel,1968,223150,-0.77969575,27.509651
ISR,Israel,Israel,1969,196750,-0.45867014,44.2221
ISR,Israel,Israel,1970,155050,-0.89194626,-4.7591286
ISR,Israel,Israel,1971,246500,-1.0805804,156.32317
ISR,Israel,Israel,1972,385650,-1.2184509,37.12629
ISR,Israel,Israel,1973,301700,-0.9702739,-37.257
ISR,Israel,Israel,1974,352700,-1.03781,76.2874
ISR,Israel,Israel,1975,311700,-1.1408902,-2.081459
ISR,Israel,Israel,1976,251450,-1.1193777,-39.710575
ISR,Israel,Israel,1977,263650,-0.88591456,20.375603
ISR,Israel,Israel,1978,190900,-0.71075416,-41.421417
ISR,Israel,Israel,1979,151700,-0.39013553,7.835289
ISR,Israel,Israel,1980,303400,-0.81543976,51.88092
ISR,Israel,Israel,1981,260900,-1.0504403,-36.308685
ISR,Israel,Israel,1982,203700,-1.63531,3.7788036
ISR,Israel,Israel,1983,437100,-1.7686332,21.115484
ISR,Israel,Israel,1984,173400,-1.1844969,-4.344408
ISR,Israel,Israel,1985,240850,-0.7926836,-12.442339
ISR,Israel,Israel,1986,285850,-0.95776486,38.71751
ISR,Israel,Israel,1987,411650,-1.0298147,5.760835
ISR,Israel,Israel,1988,309050,-0.8605413,81.5103
ISR,Israel,Israel,1989,318800,-1.0189899,-55.172703
ISR,Israel,Israel,1990,396564,-0.8486702,-34.853806
ISR,Israel,Israel,1991,277320,-0.9031005,103.62068
ISR,Israel,Israel,1992,342715.06,-1.8494606,97.80426
ISR,Israel,Israel,1993,297038.66,-0.8385034,-44.79758
ISR,Israel,Israel,1994,183954,-0.29795122,91.52795
ISR,Israel,Israel,1995,309380,-0.72247547,-61.12634
ISR,Israel,Israel,1996,264166.62,-0.21320684,-0.07364245
ISR,Israel,Israel,1997,187072.69,-0.787061,38.90847
ISR,Israel,Israel,1998,248700,0.28332916,-28.387371
ISR,Israel,Israel,1999,123030,0.16383632,-99.46388
ISR,Israel,Israel,2000,182870,-0.46799755,-11.400474
ISR,Israel,Israel,2001,241640,0.1615525,-59.280365
ISR,Israel,Israel,2002,271105,0.10282096,45.673008
ISR,Israel,Israel,2003,305620,-0.07224059,19.386555
ISR,Israel,Israel,2004,273337.55,-0.25962195,-6.7299805
ISR,Israel,Israel,2005,307620.25,-0.3647817,-36.795727
ISR,Israel,Israel,2006,245105.56,-0.47448984,-26.189888
ISR,Israel,Israel,2007,283464.48,-0.10425695,-27.65171
ISR,Israel,Israel,2008,198842.75,0.20210958,-55.404064
ISR,Israel,Israel,2009,257009.47,0.30557808,-17.817123
ISR,Israel,Israel,2010,241055.51,1.6545693,-44.36803
ISR,Israel,Israel,2011,273519.91,-0.29569253,8.923826
ISR,Israel,Israel,2012,356387.62,0.39806047,32.157967
ISR,Israel,Israel,2013,336558.34,0.2030762,1.0154469
ISR,Israel,Israel,2014,372420.26,0.2900332,-28.29535
ISR,Israel,Israel,2015,321746.39,0.23918724,21.78547
ISR,Israel,Israel,2016,262284.33,0.7327376,-6.906733
ISR,Israel,Israel,2017,173788.48,0.3999327,-90.31501
ISR,Israel,Israel,2018,150689.74,1.2580713,70.59863
ISR,Israel,Israel,2019,184113.18,0.5179414,50.751442
ISR,Israel,Israel,2020,246798.46,0.737997,62.849556
ISR,Israel,Israel,2021,268348.79,1.024274,-48.48011
ISR,Israel,Israel,2022,239234.17,0.32554975,-35.49863
ISR,Israel,Israel,2023,245369.87,1.1138636,10.717407
ISR,Israel,Israel,2024,175076.66,1.2342931,-32.236614
ITA,Italy,Italy,1961,13933400,-0.12029272,-138.91354
ITA,Italy,Italy,1962,14433210,-1.0787617,-49.980423
ITA,Italy,Italy,1963,13324660,-1.5097189,182.6147
ITA,Italy,Italy,1964,14007520,-1.0456147,40.285095
ITA,Italy,Italy,1965,14531270,-1.534463,57.92592
ITA,Italy,Italy,1966,14377630,-1.0101975,197.457
ITA,Italy,Italy,1967,15165050,-0.88566226,-65.516
ITA,Italy,Italy,1968,15047330,-1.128141,129.35445
ITA,Italy,Italy,1969,15848360,-1.3224866,95.779274
ITA,Italy,Italy,1970,16153080,-1.0558821,-56.691906
ITA,Italy,Italy,1971,16341770,-1.1586137,43.555225
ITA,Italy,Italy,1972,15616689,-1.2482611,353.66064
ITA,Italy,Italy,1973,15746610,-1.0768538,19.182125
ITA,Italy,Italy,1974,16640396,-1.1038032,-1.2404401
ITA,Italy,Italy,1975,16921900,-1.0010804,35.110405
ITA,Italy,Italy,1976,16495300,-1.3982786,226.94812
ITA,Italy,Italy,1977,14409200,-0.8182742,55.337692
ITA,Italy,Italy,1978,17662800,-1.5358604,116.90144
ITA,Italy,Italy,1979,17621700,-1.183848,205.99358
ITA,Italy,Italy,1980,17995200,-1.7445544,37.76402
ITA,Italy,Italy,1981,18457268,-1.2128781,-10.689552
ITA,Italy,Italy,1982,18337400,-0.56507534,-20.574955
ITA,Italy,Italy,1983,18081100,-0.86006576,-129.90727
ITA,Italy,Italy,1984,19927800,-1.561297,91.74591
ITA,Italy,Italy,1985,18028600,-0.98122215,-81.308075
ITA,Italy,Italy,1986,18697900,-0.95156103,-40.47547
ITA,Italy,Italy,1987,18399800,-0.8167696,-25.595163
ITA,Italy,Italy,1988,17400000,-0.4837077,-137.57271
ITA,Italy,Italy,1989,17132670,-0.79373574,-185.30663
ITA,Italy,Italy,1990,17410540,-0.4302934,-115.31458
ITA,Italy,Italy,1991,19219130,-1.2764713,-92.79005
ITA,Italy,Italy,1992,19890867,-0.551766,-64.47968
ITA,Italy,Italy,1993,19771428,-0.613472,-100.61334
ITA,Italy,Italy,1994,19186472,0.3195524,-141.90382
ITA,Italy,Italy,1995,19679024,-0.7059576,-80.98754
ITA,Italy,Italy,1996,20899946,-0.89381814,166.83105
ITA,Italy,Italy,1997,19916519,-0.05887528,-119.24185
ITA,Italy,Italy,1998,20731020,-0.1865182,-127.01811
ITA,Italy,Italy,1999,21067676,-0.13897051,-16.276857
ITA,Italy,Italy,2000,20660952,0.2334833,2.275496
ITA,Italy,Italy,2001,19933158,0.026538512,-163.85738
ITA,Italy,Italy,2002,21248429,0.05438604,133.53328
ITA,Italy,Italy,2003,17864361,0.2793347,-138.7471
ITA,Italy,Italy,2004,23283207,-0.27805388,47.19798
ITA,Italy,Italy,2005,21423171,-0.8259156,-27.335041
ITA,Italy,Italy,2006,20206559,-0.086695634,-175.41472
ITA,Italy,Italy,2007,20350618,0.28594574,-160.48311
ITA,Italy,Italy,2008,21613374,0.15101667,126.65263
ITA,Italy,Italy,2009,17705746,0.15750022,115.78627
ITA,Italy,Italy,2010,18502904,-0.5271315,316.03748
ITA,Italy,Italy,2011,19521138,0.2830008,-128.80266
ITA,Italy,Italy,2012,18594126,0.3076685,3.4582515
ITA,Italy,Italy,2013,18214664,-0.028809706,188.26082
ITA,Italy,Italy,2014,19396844,0.62216735,233.47983
ITA,Italy,Italy,2015,17694873,0.63729924,-52.228237
ITA,Italy,Italy,2016,18219221,0.45251444,68.88019
ITA,Italy,Italy,2017,16251718,0.40715304,-156.45953
ITA,Italy,Italy,2018,16548350,0.7174711,205.66837
ITA,Italy,Italy,2019,16363450,0.6267247,164.03441
ITA,Italy,Italy,2020,16945440,0.6107053,-25.457016
ITA,Italy,Italy,2021,16568150,0.33716735,-16.464632
ITA,Italy,Italy,2022,14300570,1.275581,-188.6447
ITA,Italy,Italy,2023,15452820,1.230895,18.561401
ITA,Italy,Italy,2024,14135940,1.3331413,141.41154
JAM,Jamaica,Jamaica,1961,8433,-1.0094813,150.95932
JAM,Jamaica,Jamaica,1962,8941,-1.1045179,-47.367184
JAM,Jamaica,Jamaica,1963,9530,-1.1093289,393.3006
JAM,Jamaica,Jamaica,1964,7315,-1.0012981,178.427
JAM,Jamaica,Jamaica,1965,5995,-1.0316229,-193.8219
JAM,Jamaica,Jamaica,1966,6379,-0.9432645,-26.478678
JAM,Jamaica,Jamaica,1967,4384,-0.66687423,-348.73328
JAM,Jamaica,Jamaica,1968,3713,-0.838017,-159.8571
JAM,Jamaica,Jamaica,1969,4587,-0.20559931,-25.684898
JAM,Jamaica,Jamaica,1970,5011,-0.5970438,-51.596867
JAM,Jamaica,Jamaica,1971,5584,-1.0260135,-6.328254
JAM,Jamaica,Jamaica,1972,4479,-0.9136618,-25.801971
JAM,Jamaica,Jamaica,1973,4140,-0.8173358,128.41533
JAM,Jamaica,Jamaica,1974,10132,-0.99518824,72.01457
JAM,Jamaica,Jamaica,1975,13846,-0.94366854,-161.57939
JAM,Jamaica,Jamaica,1976,13077,-0.90483886,-262.47302
JAM,Jamaica,Jamaica,1977,10553,-0.473457,72.6796
JAM,Jamaica,Jamaica,1978,10273,-0.7341757,127.35562
JAM,Jamaica,Jamaica,1979,7309,-0.9974696,229.39824
JAM,Jamaica,Jamaica,1980,6782,-0.37274584,-45.96024
JAM,Jamaica,Jamaica,1981,6374,-0.510063,103.87409
JAM,Jamaica,Jamaica,1982,4630,-0.32943502,-238.96146
JAM,Jamaica,Jamaica,1983,7040,0.037950993,-108.07555
JAM,Jamaica,Jamaica,1984,9044,-0.50152445,-91.44025
JAM,Jamaica,Jamaica,1985,8153,-0.6007406,-151.35464
JAM,Jamaica,Jamaica,1986,7030,-0.60985786,0.30623913
JAM,Jamaica,Jamaica,1987,6226,-0.027777672,262.89816
JAM,Jamaica,Jamaica,1988,3793,-0.18380578,115.62444
JAM,Jamaica,Jamaica,1989,3431,-0.44945288,-84.2141
JAM,Jamaica,Jamaica,1990,2381,-0.1092898,85.733635
JAM,Jamaica,Jamaica,1991,3466,-0.17827432,-236.84897
JAM,Jamaica,Jamaica,1992,4334,-0.2516292,-206.46944
JAM,Jamaica,Jamaica,1993,3564,-0.41761684,124.67454
JAM,Jamaica,Jamaica,1994,4081,-0.19451444,-90.45609
JAM,Jamaica,Jamaica,1995,3899,-0.24043274,-36.860077
JAM,Jamaica,Jamaica,1996,4067,-0.82308215,27.394867
JAM,Jamaica,Jamaica,1997,3150,-0.24142218,-247.9262
JAM,Jamaica,Jamaica,1998,2228,0.23556757,-34.52005
JAM,Jamaica,Jamaica,1999,2164,-0.5812432,117.92829
JAM,Jamaica,Jamaica,2000,1781,-0.54912025,-171.8787
JAM,Jamaica,Jamaica,2001,2116,-0.23097546,-94.22343
JAM,Jamaica,Jamaica,2002,1765,-0.043028194,115.38633
JAM,Jamaica,Jamaica,2003,2057,0.044238728,18.531023
JAM,Jamaica,Jamaica,2004,1611,-0.08091577,23.678465
JAM,Jamaica,Jamaica,2005,1929,-0.10968605,442.76886
JAM,Jamaica,Jamaica,2006,1895,0.1519227,-43.201508
JAM,Jamaica,Jamaica,2007,1738,0.010866165,346.56436
JAM,Jamaica,Jamaica,2008,1997,-0.33984947,74.17666
JAM,Jamaica,Jamaica,2009,2509,0.06391176,-77.90547
JAM,Jamaica,Jamaica,2010,2626,-0.083706535,359.4166
JAM,Jamaica,Jamaica,2011,2967.7,-0.20573854,165.76663
JAM,Jamaica,Jamaica,2012,3121,-0.066744804,-24.097176
JAM,Jamaica,Jamaica,2013,2996,0.17498572,-143.41351
JAM,Jamaica,Jamaica,2014,2512,0.28941584,-190.70506
JAM,Jamaica,Jamaica,2015,2365,0.5628894,-302.36273
JAM,Jamaica,Jamaica,2016,2353.6,0.47184834,-29.180637
JAM,Jamaica,Jamaica,2017,2540,0.467594,245.63275
JAM,Jamaica,Jamaica,2018,2177.09,0.47998556,-80.81619
JAM,Jamaica,Jamaica,2019,2059,0.8271599,-113.44563
JAM,Jamaica,Jamaica,2020,2018,0.8575837,62.391426
JAM,Jamaica,Jamaica,2021,2122,0.5952263,-149.82066
JAM,Jamaica,Jamaica,2022,2426,0.4527761,-49.842445
JAM,Jamaica,Jamaica,2023,2291,1.0583409,-68.43136
JAM,Jamaica,Jamaica,2024,2381,1.0451536,268.17862
JOR,Jordan,Jordan,1961,208006,-1.6515115,-2.902201
JOR,Jordan,Jordan,1962,152901,-0.09424194,-53.163227
JOR,Jordan,Jordan,1963,102164,-0.34975806,5.6680675
JOR,Jordan,Jordan,1964,400558,-1.8957609,-18.098293
JOR,Jordan,Jordan,1965,380963,-0.9591958,18.024172
JOR,Jordan,Jordan,1966,126550,-0.3622582,26.585443
JOR,Jordan,Jordan,1967,216113,-2.2107909,52.709187
JOR,Jordan,Jordan,1968,115119,-0.73737574,2.5999403
JOR,Jordan,Jordan,1969,202093,-0.26342604,0.792437
JOR,Jordan,Jordan,1970,59792,-0.8400714,-32.693012
JOR,Jordan,Jordan,1971,195138,-1.1531664,46.083687
JOR,Jordan,Jordan,1972,246449,-1.442484,19.578959
JOR,Jordan,Jordan,1973,56478,-0.9402075,-27.80691
JOR,Jordan,Jordan,1974,285121,-1.1094737,47.267284
JOR,Jordan,Jordan,1975,62974,-1.3549675,5.143867
JOR,Jordan,Jordan,1976,80954,-1.308174,-20.059353
JOR,Jordan,Jordan,1977,74829,-0.89245224,-10.414199
JOR,Jordan,Jordan,1978,69413,-0.49068704,-40.623413
JOR,Jordan,Jordan,1979,21721,-0.0947539,-5.107323
JOR,Jordan,Jordan,1980,172193,-0.57385784,33.084995
JOR,Jordan,Jordan,1981,70217,-0.7839754,-30.905924
JOR,Jordan,Jordan,1982,72247,-1.929592,33.943455
JOR,Jordan,Jordan,1983,129200,-1.7416043,-15.152827
JOR,Jordan,Jordan,1984,62030,-1.135595,-10.052218
JOR,Jordan,Jordan,1985,82711,-0.61597466,3.876403
JOR,Jordan,Jordan,1986,41046,-0.81440216,19.273733
JOR,Jordan,Jordan,1987,115268,-0.59717196,2.418331
JOR,Jordan,Jordan,1988,127093,-0.8937256,74.50525
JOR,Jordan,Jordan,1989,79576,-0.8092026,-17.704004
JOR,Jordan,Jordan,1990,129010,-0.7067726,0.78833735
JOR,Jordan,Jordan,1991,101779,-0.7939752,37.604088
JOR,Jordan,Jordan,1992,144313,-1.9883195,14.256848
JOR,Jordan,Jordan,1993,88891.5,-0.7724433,-4.0238767
JOR,Jordan,Jordan,1994,74916,-0.40623477,37.269497
JOR,Jordan,Jordan,1995,90546,-0.6192346,-21.713383
JOR,Jordan,Jordan,1996,72773,0.04870534,8.754822
JOR,Jordan,Jordan,1997,71590,-1.0501987,23.3787
JOR,Jordan,Jordan,1998,65317,0.39129135,-11.337775
JOR,Jordan,Jordan,1999,14460,0.15656145,-42.932377
JOR,Jordan,Jordan,2000,38302,-0.38302383,-14.077273
JOR,Jordan,Jordan,2001,37200,0.22218426,-13.239166
JOR,Jordan,Jordan,2002,100958,-0.2433263,22.286062
JOR,Jordan,Jordan,2003,69009.52,-0.22544813,16.62401
JOR,Jordan,Jordan,2004,38613,-0.21988471,-15.008003
JOR,Jordan,Jordan,2005,71630,-0.36305237,-19.178343
JOR,Jordan,Jordan,2006,47465,-0.40637028,-11.108873
JOR,Jordan,Jordan,2007,35515,-0.097572245,-17.59671
JOR,Jordan,Jordan,2008,28220,0.054414034,-25.139048
JOR,Jordan,Jordan,2009,41152,0.03384121,-36.153614
JOR,Jordan,Jordan,2010,58260,1.9147025,0.96189815
JOR,Jordan,Jordan,2011,66582,-0.47726664,-18.085478
JOR,Jordan,Jordan,2012,69627,0.47484657,-10.70877
JOR,Jordan,Jordan,2013,87914,0.060330153,8.199167
JOR,Jordan,Jordan,2014,81280,0.28555855,2.1387453
JOR,Jordan,Jordan,2015,68941,0.3256999,26.784475
JOR,Jordan,Jordan,2016,69268,0.77275676,8.054915
JOR,Jordan,Jordan,2017,62088,0.7180434,-28.983015
JOR,Jordan,Jordan,2018,67328,1.1333108,39.64811
JOR,Jordan,Jordan,2019,93258,0.49925447,18.445827
JOR,Jordan,Jordan,2020,114192,0.95484406,24.878532
JOR,Jordan,Jordan,2021,102554,1.2517536,-31.927742
JOR,Jordan,Jordan,2022,50899.5,0.7026782,-9.598016
JOR,Jordan,Jordan,2023,79359.9,1.1940084,14.255445
JOR,Jordan,Jordan,2024,84011.52,1.1905769,-29.813433
JPN,Japan,Japan,1961,20318660,-0.16705109,13.762131
JPN,Japan,Japan,1962,20635150,-0.76799935,-61.709854
JPN,Japan,Japan,1963,19470310,-0.8738618,-1.9111872
JPN,Japan,Japan,1964,19079380,-0.63101965,37.862762
JPN,Japan,Japan,1965,18925506,-1.9590198,22.726595
JPN,Japan,Japan,1966,18915600,-1.5975142,216.42688
JPN,Japan,Japan,1967,21023600,-0.9139633,-67.926865
JPN,Japan,Japan,1968,20998210,-0.89134645,16.93143
JPN,Japan,Japan,1969,19912510,-1.2651662,22.373688
JPN,Japan,Japan,1970,17661810,-1.1838638,0.0090715885
JPN,Japan,Japan,1971,15205810,-1.1028,157.30717
JPN,Japan,Japan,1972,16168610,-0.3894385,579.85754
JPN,Japan,Japan,1973,16287820,-0.66750246,-93.241394
JPN,Japan,Japan,1974,16511820,-1.2077894,119.98251
JPN,Japan,Japan,1975,17624830,-0.68782115,247.87234
JPN,Japan,Japan,1976,15712220,-1.2464228,273.54837
JPN,Japan,Japan,1977,17495960,-0.8051558,41.453598
JPN,Japan,Japan,1978,16483170,-0.6174777,-192.16922
JPN,Japan,Japan,1979,15938870,-0.40058443,261.57092
JPN,Japan,Japan,1980,13191708,-1.2583606,271.93225
JPN,Japan,Japan,1981,13824230,-1.4209118,-37.975765
JPN,Japan,Japan,1982,14000333,-0.63757247,30.414915
JPN,Japan,Japan,1983,14059961,-0.8448598,25.063093
JPN,Japan,Japan,1984,16012384,-1.3678365,-390.79834
JPN,Japan,Japan,1985,15856023,-0.7794795,24.172573
JPN,Japan,Japan,1986,15805100,-1.2823004,-224.52391
JPN,Japan,Japan,1987,14526600,-0.43916428,-129.89075
JPN,Japan,Japan,1988,13866800,-1.0399138,-49.41869
JPN,Japan,Japan,1989,14317700,-0.03942561,48.433193
JPN,Japan,Japan,1990,14449107,0.60677034,52.886036
JPN,Japan,Japan,1991,13069925,-0.021497438,138.69424
JPN,Japan,Japan,1992,14285807,-0.40858555,-113.01974
JPN,Japan,Japan,1993,10737390,-0.816776,270.61688
JPN,Japan,Japan,1994,15787203,0.27621403,-388.88776
JPN,Japan,Japan,1995,14121766,-0.58023524,-104.17234
JPN,Japan,Japan,1996,13668044,-0.9524564,-172.3276
JPN,Japan,Japan,1997,13319770,-0.25489667,-47.667946
JPN,Japan,Japan,1998,11933530,0.34415945,253.20694
JPN,Japan,Japan,1999,12282680,0.07776689,-4.865084
JPN,Japan,Japan,2000,12796067,-0.12416919,-11.435257
JPN,Japan,Japan,2001,12254843,-0.48546186,-97.800026
JPN,Japan,Japan,2002,12184519,-0.09367338,-111.39509
JPN,Japan,Japan,2003,10824202,-0.33437502,51.422493
JPN,Japan,Japan,2004,11993784,0.5309424,177.30238
JPN,Japan,Japan,2005,12433769,-0.3515819,-277.11047
JPN,Japan,Japan,2006,11741859,-0.073719054,37.929684
JPN,Japan,Japan,2007,12024848,0.31618783,-229.12897
JPN,Japan,Japan,2008,12151091,0.053856384,-219.47746
JPN,Japan,Japan,2009,11461385,0.11020097,-10.807629
JPN,Japan,Japan,2010,11454614,0.36663225,164.99387
JPN,Japan,Japan,2011,11657492,-0.14264064,108.65348
JPN,Japan,Japan,2012,12166481,-0.31321663,32.900276
JPN,Japan,Japan,2013,12264625,0.055149954,3.9265258
JPN,Japan,Japan,2014,12285001,-0.19418083,33.47496
JPN,Japan,Japan,2015,12141378,0.54020905,99.093
JPN,Japan,Japan,2016,11924735,0.6062809,159.78671
JPN,Japan,Japan,2017,11903651,-0.07984992,-6.4140186
JPN,Japan,Japan,2018,11575323,0.5384829,130.80025
JPN,Japan,Japan,2019,11843136,0.6611944,-25.109154
JPN,Japan,Japan,2020,11692641,0.750043,156.81685
JPN,Japan,Japan,2021,11989634,0.75145483,199.74834
JPN,Japan,Japan,2022,11718523,0.68784237,-57.621563
JPN,Japan,Japan,2023,11498641,1.43153,-42.805477
JPN,Japan,Japan,2024,11397732,1.4454551,188.84282
KAZ,Kazakhstan,Kazakhstan,1992,29649100,-1.0353885,26.78835
KAZ,Kazakhstan,Kazakhstan,1993,21530700,-2.1654093,81.28277
KAZ,Kazakhstan,Kazakhstan,1994,16399233,-1.2663337,31.254274
KAZ,Kazakhstan,Kazakhstan,1995,9476320,0.70717764,-36.36919
KAZ,Kazakhstan,Kazakhstan,1996,11210020,-1.6260523,-25.610546
KAZ,Kazakhstan,Kazakhstan,1997,12358980,0.35457525,-11.063091
KAZ,Kazakhstan,Kazakhstan,1998,6380160,-0.5639794,-5.5139036
KAZ,Kazakhstan,Kazakhstan,1999,14248300,0.17375952,29.559792
KAZ,Kazakhstan,Kazakhstan,2000,11539396,-0.003687203,26.690132
KAZ,Kazakhstan,Kazakhstan,2001,15865279,0.06440455,24.114462
KAZ,Kazakhstan,Kazakhstan,2002,15926090,0.64969045,54.41766
KAZ,Kazakhstan,Kazakhstan,2003,14738300,-0.6068494,39.958817
KAZ,Kazakhstan,Kazakhstan,2004,12337671,0.8625881,31.83352
KAZ,Kazakhstan,Kazakhstan,2005,13750260,0.489045,-34.155968
KAZ,Kazakhstan,Kazakhstan,2006,16472690,0.38210484,-2.1615448
KAZ,Kazakhstan,Kazakhstan,2007,20082040,0.7301766,-27.80085
KAZ,Kazakhstan,Kazakhstan,2008,15530034,0.5850896,-53.378437
KAZ,Kazakhstan,Kazakhstan,2009,20763550,-0.10350699,9.880697
KAZ,Kazakhstan,Kazakhstan,2010,12115936,0.2036831,-37.97174
KAZ,Kazakhstan,Kazakhstan,2011,26825408,-0.76839775,-24.023598
KAZ,Kazakhstan,Kazakhstan,2012,12788283,-0.31759986,-56.54871
KAZ,Kazakhstan,Kazakhstan,2013,18156927,1.1479474,23.219334
KAZ,Kazakhstan,Kazakhstan,2014,17110814,-0.78126985,-30.792892
KAZ,Kazakhstan,Kazakhstan,2015,18585080,0.8048935,37.0803
KAZ,Kazakhstan,Kazakhstan,2016,20409775,0.7233753,85.81288
KAZ,Kazakhstan,Kazakhstan,2017,20129018,0.5384409,-31.447193
KAZ,Kazakhstan,Kazakhstan,2018,19863376,-0.6960347,-10.258837
KAZ,Kazakhstan,Kazakhstan,2019,17232084,0.74161154,-17.325321
KAZ,Kazakhstan,Kazakhstan,2020,19884853,0.94069403,-47.75702
KAZ,Kazakhstan,Kazakhstan,2021,16216231,0.7035485,-53.619038
KAZ,Kazakhstan,Kazakhstan,2022,21722294,0.84454924,-19.295856
KAZ,Kazakhstan,Kazakhstan,2023,16739555,1.719367,34.88358
KAZ,Kazakhstan,Kazakhstan,2024,24565948,0.7833958,55.973785
KEN,Kenya,Kenya,1961,1376218,-0.95200825,350.04556
KEN,Kenya,Kenya,1962,1520717,-1.2846184,81.25176
KEN,Kenya,Kenya,1963,1711045,-1.3580852,318.80527
KEN,Kenya,Kenya,1964,1718408,-1.248185,93.296814
KEN,Kenya,Kenya,1965,1794258,-0.9817187,-35.013348
KEN,Kenya,Kenya,1966,1617546,-0.58427924,8.657429
KEN,Kenya,Kenya,1967,2005760,-1.1250386,198.65602
KEN,Kenya,Kenya,1968,2330767,-1.568508,252.07147
KEN,Kenya,Kenya,1969,2324274,-0.70373076,-152.15865
KEN,Kenya,Kenya,1970,2089966,-0.75205374,0.7559556
KEN,Kenya,Kenya,1971,2007843,-1.0388666,57.586998
KEN,Kenya,Kenya,1972,2214950,-0.6076253,97.99943
KEN,Kenya,Kenya,1973,2445860,-0.17445882,-82.61581
KEN,Kenya,Kenya,1974,2541882,-0.7628395,-43.42785
KEN,Kenya,Kenya,1975,2627749,-0.8649604,6.0595484
KEN,Kenya,Kenya,1976,3236349,-0.70971125,-6.4139075
KEN,Kenya,Kenya,1977,3177352,-0.9851449,462.8781
KEN,Kenya,Kenya,1978,2778901,-1.2364527,251.03755
KEN,Kenya,Kenya,1979,2377734,-1.1426177,249.01575
KEN,Kenya,Kenya,1980,2231089,-0.2919922,-63.781956
KEN,Kenya,Kenya,1981,2229399,-0.6487768,149.94568
KEN,Kenya,Kenya,1982,2946815,-0.6601041,166.0955
KEN,Kenya,Kenya,1983,2713320,-0.13604324,64.749146
KEN,Kenya,Kenya,1984,1739552,-0.5485873,-90.42927
KEN,Kenya,Kenya,1985,2915624,-0.8427048,103.88888
KEN,Kenya,Kenya,1986,3385292,-0.66015977,130.36156
KEN,Kenya,Kenya,1987,2896914,0.039477825,-27.877865
KEN,Kenya,Kenya,1988,3300425,-0.25014973,118.20497
KEN,Kenya,Kenya,1989,3160756,-0.86793166,127.47519
KEN,Kenya,Kenya,1990,2788475,-0.7311767,142.95457
KEN,Kenya,Kenya,1991,2923992,-0.4440225,-15.667567
KEN,Kenya,Kenya,1992,2997899,-0.5189826,-33.336315
KEN,Kenya,Kenya,1993,2539301,-0.6416901,-88.4099
KEN,Kenya,Kenya,1994,3624079,-0.24956496,85.305244
KEN,Kenya,Kenya,1995,3229877,-0.19994847,-32.983177
KEN,Kenya,Kenya,1996,2669157,-0.21326415,-100.00978
KEN,Kenya,Kenya,1997,2700368,-0.33899513,307.95667
KEN,Kenya,Kenya,1998,2927285,-0.4705124,147.90572
KEN,Kenya,Kenya,1999,2802247,-0.33619055,-147.81839
KEN,Kenya,Kenya,2000,2591351,-0.1289727,-225.3122
KEN,Kenya,Kenya,2001,3369648.3,-0.262849,-13.511035
KEN,Kenya,Kenya,2002,3045518,-0.17907381,9.076168
KEN,Kenya,Kenya,2003,3351497,0.003417174,-81.7395
KEN,Kenya,Kenya,2004,3199022,-0.0038016636,-33.213543
KEN,Kenya,Kenya,2005,3585080,0.33519983,-169.46547
KEN,Kenya,Kenya,2006,3936250.4,0.0985322,178.90108
KEN,Kenya,Kenya,2007,3613833.8,0.09351841,-28.613285
KEN,Kenya,Kenya,2008,2866110.7,0.0368069,-114.65971
KEN,Kenya,Kenya,2009,2898883.9,0.47872925,-212.48405
KEN,Kenya,Kenya,2010,4347437,0.2340072,26.526108
KEN,Kenya,Kenya,2011,4058581,0.23109977,37.432346
KEN,Kenya,Kenya,2012,4711585,0.09094572,18.439537
KEN,Kenya,Kenya,2013,4536942,-0.046609562,90.41237
KEN,Kenya,Kenya,2014,4227112.6,0.23206186,-51.083275
KEN,Kenya,Kenya,2015,4523082.6,0.47485098,59.540825
KEN,Kenya,Kenya,2016,3892022.4,0.4564824,-103.99515
KEN,Kenya,Kenya,2017,3711200.8,0.56395644,-104.82761
KEN,Kenya,Kenya,2018,4805995.7,-0.15452354,179.6696
KEN,Kenya,Kenya,2019,4595021.6,0.6397681,166.21973
KEN,Kenya,Kenya,2020,4881201.8,0.21963024,249.74455
KEN,Kenya,Kenya,2021,4074398.9,0.5517389,-218.29356
KEN,Kenya,Kenya,2022,3846845.1,0.4241155,-278.29434
KEN,Kenya,Kenya,2023,5145991,0.37261215,3.7213962
KEN,Kenya,Kenya,2024,4978019.9,0.8021169,41.26494
KGZ,Kyrgyzstan,Kyrgyzstan,1992,1596100,-0.43594265,18.068584
KGZ,Kyrgyzstan,Kyrgyzstan,1993,1537600,-0.8944917,146.67847
KGZ,Kyrgyzstan,Kyrgyzstan,1994,1059790,-0.5814545,-3.856028
KGZ,Kyrgyzstan,Kyrgyzstan,1995,911080,-0.55431026,-51.66621
KGZ,Kyrgyzstan,Kyrgyzstan,1996,1325419,-0.9551465,14.971838
KGZ,Kyrgyzstan,Kyrgyzstan,1997,1610388,0.49780428,-168.10603
KGZ,Kyrgyzstan,Kyrgyzstan,1998,1607530,0.44578156,153.32164
KGZ,Kyrgyzstan,Kyrgyzstan,1999,1617630,-0.06555843,122.11398
KGZ,Kyrgyzstan,Kyrgyzstan,2000,1550090,-0.2948748,55.73143
KGZ,Kyrgyzstan,Kyrgyzstan,2001,1794556,0.1262229,22.327013
KGZ,Kyrgyzstan,Kyrgyzstan,2002,1712217,0.5520287,43.015438
KGZ,Kyrgyzstan,Kyrgyzstan,2003,1633632,-0.32556173,84.22943
KGZ,Kyrgyzstan,Kyrgyzstan,2004,1708898,0.3968456,-7.1167836
KGZ,Kyrgyzstan,Kyrgyzstan,2005,1621549,-0.16237345,-38.696354
KGZ,Kyrgyzstan,Kyrgyzstan,2006,1504006,0.58855623,-54.18921
KGZ,Kyrgyzstan,Kyrgyzstan,2007,1417557,0.5899001,-48.863438
KGZ,Kyrgyzstan,Kyrgyzstan,2008,1440359,0.12098041,-72.48019
KGZ,Kyrgyzstan,Kyrgyzstan,2009,1858103,-0.25955883,17.984152
KGZ,Kyrgyzstan,Kyrgyzstan,2010,1510268.3,0.33710185,115.13309
KGZ,Kyrgyzstan,Kyrgyzstan,2011,1504682.8,0.06573379,23.909391
KGZ,Kyrgyzstan,Kyrgyzstan,2012,1357040.8,-0.701492,-127.90196
KGZ,Kyrgyzstan,Kyrgyzstan,2013,1728265,0.48496988,-89.22103
KGZ,Kyrgyzstan,Kyrgyzstan,2014,1355798.3,-0.43436465,-90.7569
KGZ,Kyrgyzstan,Kyrgyzstan,2015,1753400.4,0.4849732,-0.52262044
KGZ,Kyrgyzstan,Kyrgyzstan,2016,1763628.6,0.9073615,155.30106
KGZ,Kyrgyzstan,Kyrgyzstan,2017,1720953.8,0.06622958,-61.340965
KGZ,Kyrgyzstan,Kyrgyzstan,2018,1783480,-0.08229879,2.259128
KGZ,Kyrgyzstan,Kyrgyzstan,2019,1823496.7,0.5477996,-69.10607
KGZ,Kyrgyzstan,Kyrgyzstan,2020,1901323.1,0.01511391,-41.041462
KGZ,Kyrgyzstan,Kyrgyzstan,2021,1376366.8,0.3239061,-111.63721
KGZ,Kyrgyzstan,Kyrgyzstan,2022,1912670.4,0.99214244,9.758407
KGZ,Kyrgyzstan,Kyrgyzstan,2023,1671692.2,1.194569,-69.186966
KGZ,Kyrgyzstan,Kyrgyzstan,2024,2133604,0.95222735,77.47384
KHM,Cambodia,Cambodia,1961,2557300,-0.97269946,-154.36203
KHM,Cambodia,Cambodia,1962,2190800,-1.3259864,-53.510487
KHM,Cambodia,Cambodia,1963,2805200,-1.3551267,-90.71665
KHM,Cambodia,Cambodia,1964,2963900,-0.94348556,-39.153217
KHM,Cambodia,Cambodia,1965,2639000,-1.0889745,-56.8155
KHM,Cambodia,Cambodia,1966,2511800,-0.9825096,58.20375
KHM,Cambodia,Cambodia,1967,2606900,-1.4161242,-352.52728
KHM,Cambodia,Cambodia,1968,3405000,-0.9221757,-391.41104
KHM,Cambodia,Cambodia,1969,2620600,-0.63405496,-267.9003
KHM,Cambodia,Cambodia,1970,3951000,-0.74025774,-265.7086
KHM,Cambodia,Cambodia,1971,2853700,-1.5670904,-31.124737
KHM,Cambodia,Cambodia,1972,2006600,-0.968569,464.1866
KHM,Cambodia,Cambodia,1973,1122700,-0.6805539,70.45266
KHM,Cambodia,Cambodia,1974,705000,-1.1741263,45.57094
KHM,Cambodia,Cambodia,1975,1145000,-1.2428573,288.20566
KHM,Cambodia,Cambodia,1976,1175000,-1.2460041,27.974756
KHM,Cambodia,Cambodia,1977,1080000,-0.603463,-228.03122
KHM,Cambodia,Cambodia,1978,1080000,-0.628675,128.43065
KHM,Cambodia,Cambodia,1979,608000,-0.2610283,-23.516975
KHM,Cambodia,Cambodia,1980,1818000,-0.30529913,255.73775
KHM,Cambodia,Cambodia,1981,1575000,-0.56986266,110.46225
KHM,Cambodia,Cambodia,1982,2000000,-0.7765169,-70.051155
KHM,Cambodia,Cambodia,1983,2082000,-0.33287764,27.974892
KHM,Cambodia,Cambodia,1984,1308000,-0.69902277,-47.71659
KHM,Cambodia,Cambodia,1985,1854000,-0.6852233,172.33482
KHM,Cambodia,Cambodia,1986,2144000,-0.7451191,208.83441
KHM,Cambodia,Cambodia,1987,1853000,-0.11380053,43.600883
KHM,Cambodia,Cambodia,1988,2541000,-0.3438778,49.02198
KHM,Cambodia,Cambodia,1989,2726000,-0.5235799,-33.96201
KHM,Cambodia,Cambodia,1990,2588000,-0.16148536,23.616238
KHM,Cambodia,Cambodia,1991,2460000,-0.16962703,-65.77908
KHM,Cambodia,Cambodia,1992,2281000,-0.40002665,-214.24802
KHM,Cambodia,Cambodia,1993,2428764,-0.77332383,-21.518105
KHM,Cambodia,Cambodia,1994,2268500,-0.47707334,-101.78329
KHM,Cambodia,Cambodia,1995,3502700,-0.26568475,-109.25859
KHM,Cambodia,Cambodia,1996,3468563,-0.5579378,123.59152
KHM,Cambodia,Cambodia,1997,3457340,-0.22492202,-62.946075
KHM,Cambodia,Cambodia,1998,3558381,0.59366673,-67.846466
KHM,Cambodia,Cambodia,1999,4136174,-0.87833136,355.7547
KHM,Cambodia,Cambodia,2000,4183064,-0.43030772,242.06628
KHM,Cambodia,Cambodia,2001,4284605,-0.012455463,-32.036045
KHM,Cambodia,Cambodia,2002,3971406,0.36816072,-93.1422
KHM,Cambodia,Cambodia,2003,5025548,0.16233857,-10.421361
KHM,Cambodia,Cambodia,2004,4426949,0.06197198,-264.45255
KHM,Cambodia,Cambodia,2005,6233960,0.02350696,-139.43465
KHM,Cambodia,Cambodia,2006,6641061,0.0824844,50.700714
KHM,Cambodia,Cambodia,2007,7250000,-0.20969899,237.0965
KHM,Cambodia,Cambodia,2008,7787338,-0.47141123,110.59987
KHM,Cambodia,Cambodia,2009,8509896,-0.38102213,177.73949
KHM,Cambodia,Cambodia,2010,9018589,0.56451684,-58.31225
KHM,Cambodia,Cambodia,2011,9496000,-0.21684933,74.691
KHM,Cambodia,Cambodia,2012,10241849,0.46193728,60.571716
KHM,Cambodia,Cambodia,2013,10238400,0.15534432,221.89575
KHM,Cambodia,Cambodia,2014,9798000,0.13317251,-122.24373
KHM,Cambodia,Cambodia,2015,9668100,0.67371655,-307.6228
KHM,Cambodia,Cambodia,2016,10494300,0.70016605,108.62748
KHM,Cambodia,Cambodia,2017,11749500,0.1648782,190.87044
KHM,Cambodia,Cambodia,2018,12123500,0.32897916,72.04008
KHM,Cambodia,Cambodia,2019,11780700,0.6816371,-219.81732
KHM,Cambodia,Cambodia,2020,11836000,0.3121945,-135.38297
KHM,Cambodia,Cambodia,2021,12906000,-0.11402639,42.198494
KHM,Cambodia,Cambodia,2022,13014700,-0.10384893,365.331
KHM,Cambodia,Cambodia,2023,14699400,0.32120052,147.5088
KHM,Cambodia,Cambodia,2024,15580000,0.8946822,-62.36872
KOR,South Korea,Republic of Korea,1961,6629757,-0.04656058,89.86452
KOR,South Korea,Republic of Korea,1962,5902917,-0.83631706,52.195347
KOR,South Korea,Republic of Korea,1963,6377585,-1.4815372,291.3845
KOR,South Korea,Republic of Korea,1964,7380506,-0.25149283,188.11517
KOR,South Korea,Republic of Korea,1965,7212458,-1.2009144,-103.20181
KOR,South Korea,Republic of Korea,1966,8041079,-0.9462001,-152.54585
KOR,South Korea,Republic of Korea,1967,7453095,-0.97230387,-213.13846
KOR,South Korea,Republic of Korea,1968,7156833,-0.9472949,-275.6555
KOR,South Korea,Republic of Korea,1969,8375894,-1.5273651,207.98073
KOR,South Korea,Republic of Korea,1970,8034292,-1.2482529,-31.503393
KOR,South Korea,Republic of Korea,1971,7968165,-1.0483167,-3.2870579
KOR,South Korea,Republic of Korea,1972,7979340,-0.76497364,529.6204
KOR,South Korea,Republic of Korea,1973,8056924,-0.5624539,-210.57823
KOR,South Korea,Republic of Korea,1974,8281408,-1.5883201,242.61685
KOR,South Korea,Republic of Korea,1975,9044456,-0.33209705,128.84947
KOR,South Korea,Republic of Korea,1976,9882637,-1.2359129,31.220993
KOR,South Korea,Republic of Korea,1977,9643628,-0.4833623,-143.00676
KOR,South Korea,Republic of Korea,1978,10541876,-0.07231913,3.8587656
KOR,South Korea,Republic of Korea,1979,10148227,-0.31739697,135.56564
KOR,South Korea,Republic of Korea,1980,6676479,-1.7031204,272.30585
KOR,South Korea,Republic of Korea,1981,8530055,-1.4441649,149.41525
KOR,South Korea,Republic of Korea,1982,8583504,-0.4480802,-140.53276
KOR,South Korea,Republic of Korea,1983,8995642,-0.6171277,54.425755
KOR,South Korea,Republic of Korea,1984,9269310,-1.200394,35.741703
KOR,South Korea,Republic of Korea,1985,8807552,-0.90530246,444.72864
KOR,South Korea,Republic of Korea,1986,8637576,-1.452655,121.75601
KOR,South Korea,Republic of Korea,1987,8467053,-0.67108583,334.84097
KOR,South Korea,Republic of Korea,1988,9163507,-0.7335799,-320.83234
KOR,South Korea,Republic of Korea,1989,8950058,0.030251304,315.53165
KOR,South Korea,Republic of Korea,1990,8434015,0.26320574,271.47223
KOR,South Korea,Republic of Korea,1991,7720465,-0.6064573,191.42184
KOR,South Korea,Republic of Korea,1992,7677307,-0.34883842,-82.555435
KOR,South Korea,Republic of Korea,1993,6814911,-0.9217375,242.71104
KOR,South Korea,Republic of Korea,1994,7158465,0.53232765,-385.46283
KOR,South Korea,Republic of Korea,1995,6767246,-0.68889165,-239.61494
KOR,South Korea,Republic of Korea,1996,7505223,-0.7892259,-115.11797
KOR,South Korea,Republic of Korea,1997,7607782,-0.17455596,-29.441963
KOR,South Korea,Republic of Korea,1998,7070638,0.6915061,400.62988
KOR,South Korea,Republic of Korea,1999,7395754,0.07111294,347.1177
KOR,South Korea,Republic of Korea,2000,7435175,-0.3026724,17.888624
KOR,South Korea,Republic of Korea,2001,7746435,-0.076653875,-198.10983
KOR,South Korea,Republic of Korea,2002,6990361,-0.15973352,163.58618
KOR,South Korea,Republic of Korea,2003,6400167,-0.2748154,446.83957
KOR,South Korea,Republic of Korea,2004,7014673,0.5218611,11.821729
KOR,South Korea,Republic of Korea,2005,6721823,-0.49227893,-140.12154
KOR,South Korea,Republic of Korea,2006,6541077,0.13621067,21.754824
KOR,South Korea,Republic of Korea,2007,6235335,0.43172768,142.28925
KOR,South Korea,Republic of Korea,2008,6752447,0.18438987,-344.2318
KOR,South Korea,Republic of Korea,2009,6757669.5,0.17902148,-126.12259
KOR,South Korea,Republic of Korea,2010,6020702,-0.21154374,-10.130349
KOR,South Korea,Republic of Korea,2011,5825775.8,-0.47984672,176.25214
KOR,South Korea,Republic of Korea,2012,5604303.9,-0.5501518,184.76129
KOR,South Korea,Republic of Korea,2013,5810450.7,0.016314423,-150.26704
KOR,South Korea,Republic of Korea,2014,5852499.2,0.30009538,-153.69125
KOR,South Korea,Republic of Korea,2015,5976258.9,0.63785356,-268.03024
KOR,South Korea,Republic of Korea,2016,5831045.8,0.83620757,-14.975786
KOR,South Korea,Republic of Korea,2017,5487987.7,0.25297046,-320.32642
KOR,South Korea,Republic of Korea,2018,5418712.1,0.16504778,27.468636
KOR,South Korea,Republic of Korea,2019,5272979.2,0.68173116,-61.35684
KOR,South Korea,Republic of Korea,2020,4945457.6,0.4390225,265.01413
KOR,South Korea,Republic of Korea,2021,5443076.2,0.7750292,-7.1698194
KOR,South Korea,Republic of Korea,2022,5219729.4,0.38366652,-154.16074
KOR,South Korea,Republic of Korea,2023,5134359.5,1.087463,352.29898
KOR,South Korea,Republic of Korea,2024,4984350.8,1.7615885,146.44722
KWT,Kuwait,Kuwait,1961,0,-1.4495937,17.590054
KWT,Kuwait,Kuwait,1962,0,-0.27165675,-72.40954
KWT,Kuwait,Kuwait,1963,0,-1.2092658,-18.603981
KWT,Kuwait,Kuwait,1964,0,-1.9814659,-87.83345
KWT,Kuwait,Kuwait,1965,0,-1.2153953,-61.432957
KWT,Kuwait,Kuwait,1966,0,-0.5635281,-57.6442
KWT,Kuwait,Kuwait,1967,0,-2.4899359,-11.226386
KWT,Kuwait,Kuwait,1968,3,-1.4244901,-49.342884
KWT,Kuwait,Kuwait,1969,5,-1.2981513,-15.519184
KWT,Kuwait,Kuwait,1970,8,-1.1808623,-52.124157
KWT,Kuwait,Kuwait,1971,10,-1.7534022,-11.026839
KWT,Kuwait,Kuwait,1972,20,-2.5942547,58.075336
KWT,Kuwait,Kuwait,1973,24,-1.4374285,-69.73121
KWT,Kuwait,Kuwait,1974,9,-1.8442024,41.27829
KWT,Kuwait,Kuwait,1975,28,-1.698885,-4.5669036
KWT,Kuwait,Kuwait,1976,32,-1.8570639,50.12304
KWT,Kuwait,Kuwait,1977,27,-0.99497,-19.939413
KWT,Kuwait,Kuwait,1978,131,-1.0993446,-24.449053
KWT,Kuwait,Kuwait,1979,225,-0.22794358,0.6514027
KWT,Kuwait,Kuwait,1980,220,-0.9387122,23.685717
KWT,Kuwait,Kuwait,1981,413,-0.46281466,-48.018078
KWT,Kuwait,Kuwait,1982,505,-1.5095329,4.1192718
KWT,Kuwait,Kuwait,1983,780,-1.2399396,-48.712242
KWT,Kuwait,Kuwait,1984,776,-0.9826395,-5.656487
KWT,Kuwait,Kuwait,1985,3109,-0.5937917,-44.37124
KWT,Kuwait,Kuwait,1986,3148,-0.78654724,33.106716
KWT,Kuwait,Kuwait,1987,3415,0.016264439,-60.49684
KWT,Kuwait,Kuwait,1988,3687,-0.3545363,-55.851597
KWT,Kuwait,Kuwait,1989,2472,-1.091446,-24.06477
KWT,Kuwait,Kuwait,1990,1830,-0.3574245,-80.19719
KWT,Kuwait,Kuwait,1991,884.95,-0.84561867,23.251446
KWT,Kuwait,Kuwait,1992,136.6,-2.137252,-15.998889
KWT,Kuwait,Kuwait,1993,787,-0.7845139,6.361088
KWT,Kuwait,Kuwait,1994,1235,-0.4233137,-13.951465
KWT,Kuwait,Kuwait,1995,1961,-0.79246926,15.069552
KWT,Kuwait,Kuwait,1996,3417,-0.04894908,118.36947
KWT,Kuwait,Kuwait,1997,3616,-1.0654379,129.51312
KWT,Kuwait,Kuwait,1998,6148,0.35961476,-17.858688
KWT,Kuwait,Kuwait,1999,6343,0.39502612,53.234215
KWT,Kuwait,Kuwait,2000,7996,-0.19476135,-7.581836
KWT,Kuwait,Kuwait,2001,9251,0.3509694,-25.59613
KWT,Kuwait,Kuwait,2002,13633,0.047456264,-22.933407
KWT,Kuwait,Kuwait,2003,21809,0.08527764,-25.899143
KWT,Kuwait,Kuwait,2004,9630,-0.11558159,46.633247
KWT,Kuwait,Kuwait,2005,10078,-0.15650184,38.31251
KWT,Kuwait,Kuwait,2006,14576,0.1644818,-33.853886
KWT,Kuwait,Kuwait,2007,23234,-0.037555933,-23.462042
KWT,Kuwait,Kuwait,2008,15747,-0.055687744,-84.170494
KWT,Kuwait,Kuwait,2009,13651,-0.10773015,-8.89725
KWT,Kuwait,Kuwait,2010,20303,1.2447596,-99.87099
KWT,Kuwait,Kuwait,2011,35457,-0.49076375,-49.404778
KWT,Kuwait,Kuwait,2012,26862,0.145895,4.0571427
KWT,Kuwait,Kuwait,2013,33254,-0.28651723,33.901615
KWT,Kuwait,Kuwait,2014,53636,0.34563175,-10.50744
KWT,Kuwait,Kuwait,2015,9312,0.65623,-11.728897
KWT,Kuwait,Kuwait,2016,5257,0.5584678,-73.65931
KWT,Kuwait,Kuwait,2017,6103,0.7474392,-72.679565
KWT,Kuwait,Kuwait,2018,11217,1.0954088,131.08879
KWT,Kuwait,Kuwait,2019,31382,0.6202953,1.7517021
KWT,Kuwait,Kuwait,2020,31395,0.7257065,-3.4897108
KWT,Kuwait,Kuwait,2021,24680,1.4768425,-82.594734
KWT,Kuwait,Kuwait,2022,27540,0.93363935,-17.870737
KWT,Kuwait,Kuwait,2023,31392.89,0.7411601,43.272602
KWT,Kuwait,Kuwait,2024,35265.96,0.83079606,3.6747272
LAO,Laos,Lao People's Democratic Republic,1961,557000,-0.7522416,321.36606
LAO,Laos,Lao People's Democratic Republic,1962,528000,-1.1161536,-134.65
LAO,Laos,Lao People's Democratic Republic,1963,535000,-1.1903768,193.74686
LAO,Laos,Lao People's Democratic Republic,1964,754000,-0.93025845,119.11427
LAO,Laos,Lao People's Democratic Republic,1965,763000,-0.8102539,59.25898
LAO,Laos,Lao People's Democratic Republic,1966,774000,-0.4529694,-94.72471
LAO,Laos,Lao People's Democratic Republic,1967,833000,-1.0377836,-272.31198
LAO,Laos,Lao People's Democratic Republic,1968,796000,-0.6593838,-34.25506
LAO,Laos,Lao People's Democratic Republic,1969,921503,-0.39812294,-82.948685
LAO,Laos,Lao People's Democratic Republic,1970,928231,-0.5032732,-37.491356
LAO,Laos,Lao People's Democratic Republic,1971,837284,-1.3310052,138.23067
LAO,Laos,Lao People's Democratic Republic,1972,843330,-0.7201915,370.272
LAO,Laos,Lao People's Democratic Republic,1973,910310,-0.3378857,223.80534
LAO,Laos,Lao People's Democratic Republic,1974,931914,-1.0169016,230.43472
LAO,Laos,Lao People's Democratic Republic,1975,938000,-0.96596605,305.29953
LAO,Laos,Lao People's Democratic Republic,1976,691325,-1.1186662,106.52665
LAO,Laos,Lao People's Democratic Republic,1977,727621,-0.9801316,70.568016
LAO,Laos,Lao People's Democratic Republic,1978,753380,-0.72230655,513.7941
LAO,Laos,Lao People's Democratic Republic,1979,898610,-0.26197147,59.204433
LAO,Laos,Lao People's Democratic Republic,1980,1081495,-0.14893611,147.18982
LAO,Laos,Lao People's Democratic Republic,1981,1187445,-0.46381107,580.178
LAO,Laos,Lao People's Democratic Republic,1982,1127049,-0.54418945,216.16818
LAO,Laos,Lao People's Democratic Republic,1983,1132450,-0.4711736,14.95554
LAO,Laos,Lao People's Democratic Republic,1984,1355005,-0.6113089,133.85104
LAO,Laos,Lao People's Democratic Republic,1985,1428510,-0.6012411,82.00361
LAO,Laos,Lao People's Democratic Republic,1986,1490981,-0.6151449,196.13094
LAO,Laos,Lao People's Democratic Republic,1987,1242881,-0.14092477,16.82852
LAO,Laos,Lao People's Democratic Republic,1988,1054211,-0.22064018,-117.8637
LAO,Laos,Lao People's Democratic Republic,1989,1447954,-0.48191276,66.06061
LAO,Laos,Lao People's Democratic Republic,1990,1558061,-0.28696617,195.32248
LAO,Laos,Lao People's Democratic Republic,1991,1292405,-0.015263081,-21.175495
LAO,Laos,Lao People's Democratic Republic,1992,1561060,-0.59652853,-67.90671
LAO,Laos,Lao People's Democratic Republic,1993,1298250,-0.60692567,-146.04819
LAO,Laos,Lao People's Democratic Republic,1994,1632811,-0.32653984,356.2074
LAO,Laos,Lao People's Democratic Republic,1995,1468204,-0.39408937,86.626564
LAO,Laos,Lao People's Democratic Republic,1996,1491595,-0.5979168,128.51822
LAO,Laos,Lao People's Democratic Republic,1997,1738300,-0.26308647,71.82424
LAO,Laos,Lao People's Democratic Republic,1998,1784400,0.57972336,-376.26654
LAO,Laos,Lao People's Democratic Republic,1999,2198925,-0.42743668,-30.390896
LAO,Laos,Lao People's Democratic Republic,2000,2318700,-0.40174246,96.79059
LAO,Laos,Lao People's Democratic Republic,2001,2446569,-0.08682728,84.48167
LAO,Laos,Lao People's Democratic Republic,2002,2540622,-0.01891295,273.69464
LAO,Laos,Lao People's Democratic Republic,2003,2518278,0.04871623,-212.40941
LAO,Laos,Lao People's Democratic Republic,2004,2732500,-0.38186917,-93.410355
LAO,Laos,Lao People's Democratic Republic,2005,2940560,0.010400931,31.130278
LAO,Laos,Lao People's Democratic Republic,2006,3113650,0.14349143,-39.96956
LAO,Laos,Lao People's Democratic Republic,2007,3398240,-0.031451702,-39.151917
LAO,Laos,Lao People's Democratic Republic,2008,4077685,-0.6801839,144.77704
LAO,Laos,Lao People's Democratic Republic,2009,4279186,0.03378439,-68.41229
LAO,Laos,Lao People's Democratic Republic,2010,4091515,0.525235,-46.473087
LAO,Laos,Lao People's Democratic Republic,2011,4161995,-0.6599159,197.34546
LAO,Laos,Lao People's Democratic Republic,2012,4614695,0.46623468,-86.114876
LAO,Laos,Lao People's Democratic Republic,2013,4628645,0.038286686,100.26135
LAO,Laos,Lao People's Democratic Republic,2014,5414864.7,0.14289744,-100.70138
LAO,Laos,Lao People's Democratic Republic,2015,5618250,0.5923853,-78.478676
LAO,Laos,Lao People's Democratic Republic,2016,5701160,0.55008173,-53.97252
LAO,Laos,Lao People's Democratic Republic,2017,5232304,0.35887876,159.78703
LAO,Laos,Lao People's Democratic Republic,2018,4566380,0.2086215,311.11276
LAO,Laos,Lao People's Democratic Republic,2019,4328125,1.080379,-364.21786
LAO,Laos,Lao People's Democratic Republic,2020,4202725,0.70957786,-217.4574
LAO,Laos,Lao People's Democratic Republic,2021,4195807,0.34125885,-106.61553
LAO,Laos,Lao People's Democratic Republic,2022,4244390,0.26349702,105.29951
LAO,Laos,Lao People's Democratic Republic,2023,4358683,0.8398712,-137.06973
LAO,Laos,Lao People's Democratic Republic,2024,4266040,1.1396972,-55.586475
LBN,Lebanon,Lebanon,1961,96500,-1.0179615,-22.359137
LBN,Lebanon,Lebanon,1962,106347,0.31060004,-76.50331
LBN,Lebanon,Lebanon,1963,84700,-0.29512104,57.173134
LBN,Lebanon,Lebanon,1964,89000,-1.3037709,-1.1334491
LBN,Lebanon,Lebanon,1965,80905,-0.7719564,1.9065979
LBN,Lebanon,Lebanon,1966,95968,-0.03965004,-64.55992
LBN,Lebanon,Lebanon,1967,91301,-2.157606,248.07549
LBN,Lebanon,Lebanon,1968,64882,-1.0845267,166.9173
LBN,Lebanon,Lebanon,1969,44228,-0.7300401,138.74936
LBN,Lebanon,Lebanon,1970,54092,-0.9621032,-76.54514
LBN,Lebanon,Lebanon,1971,52414,-1.4860777,225.1171
LBN,Lebanon,Lebanon,1972,76416,-1.7433544,50.258015
LBN,Lebanon,Lebanon,1973,65638,-1.3253754,-49.18803
LBN,Lebanon,Lebanon,1974,92444,-1.116546,-42.867115
LBN,Lebanon,Lebanon,1975,82700,-1.3680354,-62.300976
LBN,Lebanon,Lebanon,1976,55700,-1.4300084,24.396877
LBN,Lebanon,Lebanon,1977,60760,-1.0948385,126.21667
LBN,Lebanon,Lebanon,1978,56600,-0.7041824,8.081263
LBN,Lebanon,Lebanon,1979,48600,-0.40131846,-56.013706
LBN,Lebanon,Lebanon,1980,30450,-1.0519446,87.2241
LBN,Lebanon,Lebanon,1981,29575,-0.9292777,55.545578
LBN,Lebanon,Lebanon,1982,30420,-1.873281,-6.44279
LBN,Lebanon,Lebanon,1983,27200,-1.9236704,84.13859
LBN,Lebanon,Lebanon,1984,25831,-1.3097843,20.295563
LBN,Lebanon,Lebanon,1985,34450,-0.8195382,-64.13242
LBN,Lebanon,Lebanon,1986,46530,-0.89779925,42.99284
LBN,Lebanon,Lebanon,1987,70482,-0.91400576,80.40076
LBN,Lebanon,Lebanon,1988,73032,-0.97546196,161.06017
LBN,Lebanon,Lebanon,1989,79361,-0.82298136,-274.207
LBN,Lebanon,Lebanon,1990,77358,-0.68277377,-184.74939
LBN,Lebanon,Lebanon,1991,83213,-0.80677015,69.715996
LBN,Lebanon,Lebanon,1992,88401,-2.2238176,153.46614
LBN,Lebanon,Lebanon,1993,80905,-0.96789676,-94.479034
LBN,Lebanon,Lebanon,1994,79109,-0.22265899,225.29263
LBN,Lebanon,Lebanon,1995,100385,-0.659161,-168.04195
LBN,Lebanon,Lebanon,1996,93796,-0.14943743,-16.678513
LBN,Lebanon,Lebanon,1997,89657,-0.9858732,33.4266
LBN,Lebanon,Lebanon,1998,102843,0.36134794,-35.03849
LBN,Lebanon,Lebanon,1999,93000,0.48935065,-232.12416
LBN,Lebanon,Lebanon,2000,122800,-0.24354438,-6.987275
LBN,Lebanon,Lebanon,2001,152950,0.6096164,-83.87186
LBN,Lebanon,Lebanon,2002,140144,0.07334622,112.9297
LBN,Lebanon,Lebanon,2003,145835.93,-0.07378892,223.68724
LBN,Lebanon,Lebanon,2004,165056.82,-0.31875244,38.667465
LBN,Lebanon,Lebanon,2005,177240,-0.60890573,2.0681665
LBN,Lebanon,Lebanon,2006,189400,-0.53041023,-64.1385
LBN,Lebanon,Lebanon,2007,153370,-0.13315256,-15.026967
LBN,Lebanon,Lebanon,2008,177000,0.11639484,-168.27496
LBN,Lebanon,Lebanon,2009,146600,0.009315173,33.555984
LBN,Lebanon,Lebanon,2010,111785.21,1.7078663,-177.89299
LBN,Lebanon,Lebanon,2011,158640.25,-0.5191326,37.521656
LBN,Lebanon,Lebanon,2012,188638.24,0.1290162,226.49211
LBN,Lebanon,Lebanon,2013,178670.85,0.1622669,-23.760473
LBN,Lebanon,Lebanon,2014,176642.21,0.45417866,-146.82964
LBN,Lebanon,Lebanon,2015,180120.55,0.14549355,-11.151351
LBN,Lebanon,Lebanon,2016,181177.12,0.7945277,-29.724058
LBN,Lebanon,Lebanon,2017,166840.28,0.537998,-157.36635
LBN,Lebanon,Lebanon,2018,160788.25,1.3139714,70.04613
LBN,Lebanon,Lebanon,2019,136928.22,0.5399226,131.23517
LBN,Lebanon,Lebanon,2020,189021.25,0.9986841,73.28158
LBN,Lebanon,Lebanon,2021,190288.24,1.1374384,-41.581722
LBN,Lebanon,Lebanon,2022,195310.57,0.42526892,-83.575905
LBN,Lebanon,Lebanon,2023,193177.69,1.1703404,47.1083
LBN,Lebanon,Lebanon,2024,119830.17,1.4741483,-33.561554
LBR,Liberia,Liberia,1961,115000,-0.51038235,-382.31976
LBR,Liberia,Liberia,1962,120000,-0.62573034,-201.79308
LBR,Liberia,Liberia,1963,125000,-0.45949778,178.77182
LBR,Liberia,Liberia,1964,130000,-0.58854675,-382.5267
LBR,Liberia,Liberia,1965,135000,-0.8596737,-112.3169
LBR,Liberia,Liberia,1966,141000,-0.32107273,-144.50484
LBR,Liberia,Liberia,1967,142000,-0.57294303,-28.51543
LBR,Liberia,Liberia,1968,152000,-0.6000183,776.6221
LBR,Liberia,Liberia,1969,163000,-0.4290174,129.58115
LBR,Liberia,Liberia,1970,190000,-0.33019924,32.39447
LBR,Liberia,Liberia,1971,200000,-0.676373,108.80555
LBR,Liberia,Liberia,1972,210000,-0.34595394,249.34714
LBR,Liberia,Liberia,1973,225000,0.17732096,-2.4718895
LBR,Liberia,Liberia,1974,248000,-0.44149765,-118.70843
LBR,Liberia,Liberia,1975,229000,-0.5260248,-54.793823
LBR,Liberia,Liberia,1976,245000,-0.79220074,17.84084
LBR,Liberia,Liberia,1977,256000,-0.20534833,-87.40863
LBR,Liberia,Liberia,1978,244000,-0.37373146,139.78644
LBR,Liberia,Liberia,1979,249000,-0.10715166,355.3296
LBR,Liberia,Liberia,1980,243000,-0.17465846,435.39133
LBR,Liberia,Liberia,1981,269000,-0.10942856,102.76263
LBR,Liberia,Liberia,1982,284000,-0.26349306,-96.48087
LBR,Liberia,Liberia,1983,290000,0.06549231,-238.96472
LBR,Liberia,Liberia,1984,298000,-0.19890833,318.6106
LBR,Liberia,Liberia,1985,289000,-0.2530837,103.86439
LBR,Liberia,Liberia,1986,288000,-0.18235731,-167.2803
LBR,Liberia,Liberia,1987,297700,0.3786119,139.15207
LBR,Liberia,Liberia,1988,297700,0.15258598,200.74805
LBR,Liberia,Liberia,1989,294090,0.022687754,39.24896
LBR,Liberia,Liberia,1990,180000,-0.09338728,-75.92868
LBR,Liberia,Liberia,1991,100000,-0.29807138,-82.85099
LBR,Liberia,Liberia,1992,110000,-0.43074545,-172.00906
LBR,Liberia,Liberia,1993,65000,-0.25360012,24.381344
LBR,Liberia,Liberia,1994,50000,-0.322237,-163.76855
LBR,Liberia,Liberia,1995,56200,-0.056981724,137.12318
LBR,Liberia,Liberia,1996,94450,-0.30074438,124.78495
LBR,Liberia,Liberia,1997,168400,-0.19126892,-149.64389
LBR,Liberia,Liberia,1998,209400,0.2818451,35.130424
LBR,Liberia,Liberia,1999,196300,-0.33287016,-120.71343
LBR,Liberia,Liberia,2000,183400,-0.39842415,-238.15549
LBR,Liberia,Liberia,2001,145000,-0.29267216,-105.88953
LBR,Liberia,Liberia,2002,110000,-0.14290254,105.90803
LBR,Liberia,Liberia,2003,100000,-0.012696584,134.71927
LBR,Liberia,Liberia,2004,110000,-0.015416781,93.11341
LBR,Liberia,Liberia,2005,154800,0.031603813,142.10048
LBR,Liberia,Liberia,2006,164000,0.045557182,6.8657236
LBR,Liberia,Liberia,2007,231800,0.08439382,92.57168
LBR,Liberia,Liberia,2008,295150,-0.04412858,127.36493
LBR,Liberia,Liberia,2009,293000,-0.0284578,-316.66367
LBR,Liberia,Liberia,2010,296100,0.16669099,202.94003
LBR,Liberia,Liberia,2011,290600,-0.12206841,-190.49792
LBR,Liberia,Liberia,2012,297200,-0.16489999,-107.19961
LBR,Liberia,Liberia,2013,269600,0.076711975,-179.7499
LBR,Liberia,Liberia,2014,262600,-0.07818826,14.972187
LBR,Liberia,Liberia,2015,295500,0.13696337,-208.90976
LBR,Liberia,Liberia,2016,269300,0.53719693,-101.61765
LBR,Liberia,Liberia,2017,247495,0.46958828,275.5609
LBR,Liberia,Liberia,2018,257995,0.30289412,290.54642
LBR,Liberia,Liberia,2019,276400,0.650753,449.3643
LBR,Liberia,Liberia,2020,279000,0.70219785,-119.77782
LBR,Liberia,Liberia,2021,255600,0.5828994,239.95943
LBR,Liberia,Liberia,2022,256000,0.4654223,67.23512
LBR,Liberia,Liberia,2023,324000,0.8618884,-31.43513
LBR,Liberia,Liberia,2024,322400,1.1583204,-187.24794
LBY,Libya,Libya,1961,104992,-2.0768652,-1.3198948
LBY,Libya,Libya,1962,124400,-0.9974318,6.5628586
LBY,Libya,Libya,1963,128400,-0.7101163,6.593287
LBY,Libya,Libya,1964,118200,-1.2908558,-1.5843837
LBY,Libya,Libya,1965,155601,-1.5620794,-0.143489
LBY,Libya,Libya,1966,159615,-0.9941613,13.797876
LBY,Libya,Libya,1967,174883,-1.5751089,4.0816054
LBY,Libya,Libya,1968,152963,-0.88370156,-1.0374743
LBY,Libya,Libya,1969,205174,-0.2664311,21.695251
LBY,Libya,Libya,1970,82458,-1.1656696,-8.654408
LBY,Libya,Libya,1971,50804,-1.0373976,-0.493109
LBY,Libya,Libya,1972,160131,-0.50627285,26.38712
LBY,Libya,Libya,1973,274089,-1.2001619,-6.18652
LBY,Libya,Libya,1974,186860,-1.1803681,5.9367394
LBY,Libya,Libya,1975,270184,-1.3500196,-1.5965314
LBY,Libya,Libya,1976,332909,-1.1891649,31.297215
LBY,Libya,Libya,1977,110732,-1.0003358,-8.893152
LBY,Libya,Libya,1978,299221,-0.8997404,6.242829
LBY,Libya,Libya,1979,213486,-0.6268801,-2.5431082
LBY,Libya,Libya,1980,214831,-0.8637876,-0.18305819
LBY,Libya,Libya,1981,247730,-0.79737157,-7.2900105
LBY,Libya,Libya,1982,292800,-1.1179274,7.9198227
LBY,Libya,Libya,1983,417587,-1.2722301,-3.8833928
LBY,Libya,Libya,1984,275134,-0.9695554,1.9199071
LBY,Libya,Libya,1985,234575,-0.7213281,14.77605
LBY,Libya,Libya,1986,284850,-0.8789219,7.0825086
LBY,Libya,Libya,1987,275970,-0.63323116,-3.389604
LBY,Libya,Libya,1988,283231,-0.17265432,11.036763
LBY,Libya,Libya,1989,321878,-0.70543045,-6.2493024
LBY,Libya,Libya,1990,272536,-0.31799778,3.787696
LBY,Libya,Libya,1991,257988.97,-0.6549687,17.131178
LBY,Libya,Libya,1992,218124.02,-1.2049775,-1.299743
LBY,Libya,Libya,1993,180161.03,-0.45348668,4.237506
LBY,Libya,Libya,1994,165154.92,-0.55718,5.438884
LBY,Libya,Libya,1995,146510.94,-0.33494797,2.4023705
LBY,Libya,Libya,1996,159800,-0.13542938,2.0432491
LBY,Libya,Libya,1997,206200,-0.3793665,-2.2452567
LBY,Libya,Libya,1998,212700,-0.17671521,-3.525145
LBY,Libya,Libya,1999,212700,0.1173009,-0.755352
LBY,Libya,Libya,2000,221780,-0.7571444,0.0037657581
LBY,Libya,Libya,2001,217800,0.019940695,-11.023294
LBY,Libya,Libya,2002,217100,-0.09352239,-2.270509
LBY,Libya,Libya,2003,216700,-0.16415484,-1.8566314
LBY,Libya,Libya,2004,218465,-0.18108606,-3.3691113
LBY,Libya,Libya,2005,233600,0.077709116,6.5187626
LBY,Libya,Libya,2006,213470,-0.012754838,5.393714
LBY,Libya,Libya,2007,213770,0.20772736,-1.258186
LBY,Libya,Libya,2008,213200,0.28377843,5.332508
LBY,Libya,Libya,2009,215350,0.25131154,-8.293709
LBY,Libya,Libya,2010,243539.07,1.6494874,-9.797451
LBY,Libya,Libya,2011,275210,-0.44408265,7.607104
LBY,Libya,Libya,2012,308472.65,0.06641134,-2.82343
LBY,Libya,Libya,2013,305900,0.47080883,-4.7963753
LBY,Libya,Libya,2014,304363.03,0.51009816,-5.2013025
LBY,Libya,Libya,2015,254599.99,-0.11453295,3.513671
LBY,Libya,Libya,2016,299287.67,0.82758516,-10.404081
LBY,Libya,Libya,2017,209512.43,-0.5856118,6.024296
LBY,Libya,Libya,2018,279550,1.2700528,0.8051514
LBY,Libya,Libya,2019,219610,0.28059444,3.9388204
LBY,Libya,Libya,2020,209411,0.21716197,-1.4714031
LBY,Libya,Libya,2021,209452,0.9328115,-12.462921
LBY,Libya,Libya,2022,209824.8,0.23752427,-8.0252
LBY,Libya,Libya,2023,207966.28,0.66451126,-6.6356373
LBY,Libya,Libya,2024,164800.15,1.5572668,-4.5178285
LKA,Sri Lanka,Sri Lanka,1961,951868,-0.9372886,-217.80186
LKA,Sri Lanka,Sri Lanka,1962,1061828,-0.8880666,83.27983
LKA,Sri Lanka,Sri Lanka,1963,1076631,-0.8744281,247.29884
LKA,Sri Lanka,Sri Lanka,1964,1100142,-0.8184274,-10.806321
LKA,Sri Lanka,Sri Lanka,1965,795199,-1.0497459,442.61975
LKA,Sri Lanka,Sri Lanka,1966,1011504,-0.66180897,64.156204
LKA,Sri Lanka,Sri Lanka,1967,1190706,-0.85992175,190.13109
LKA,Sri Lanka,Sri Lanka,1968,1385641,-0.79244757,-174.97037
LKA,Sri Lanka,Sri Lanka,1969,1412377,-0.37478194,87.375175
LKA,Sri Lanka,Sri Lanka,1970,1644193,-0.5346484,-93.879
LKA,Sri Lanka,Sri Lanka,1971,1421355,-0.7844863,-81.69755
LKA,Sri Lanka,Sri Lanka,1972,1342614,-0.35022798,-232.50833
LKA,Sri Lanka,Sri Lanka,1973,1353723,-0.13200586,-212.19861
LKA,Sri Lanka,Sri Lanka,1974,1650815,-0.5662691,-576.18195
LKA,Sri Lanka,Sri Lanka,1975,1211357,-0.6767273,-95.98034
LKA,Sri Lanka,Sri Lanka,1976,1306398,-0.34938654,-344.47513
LKA,Sri Lanka,Sri Lanka,1977,1719023,-0.48790613,-19.647617
LKA,Sri Lanka,Sri Lanka,1978,1932237,-0.41541782,43.050617
LKA,Sri Lanka,Sri Lanka,1979,1955033,0.11314885,-103.7497
LKA,Sri Lanka,Sri Lanka,1980,2170390,0.03239584,-437.2008
LKA,Sri Lanka,Sri Lanka,1981,2265866,-0.30820736,-343.6752
LKA,Sri Lanka,Sri Lanka,1982,2192543,-0.11832174,-283.17438
LKA,Sri Lanka,Sri Lanka,1983,2528616,0.38107395,-498.55466
LKA,Sri Lanka,Sri Lanka,1984,2467570,-0.6129263,311.65247
LKA,Sri Lanka,Sri Lanka,1985,2702001,-0.33332682,-77.20812
LKA,Sri Lanka,Sri Lanka,1986,2638561,-0.14669625,-282.07083
LKA,Sri Lanka,Sri Lanka,1987,2177294,0.1323754,-136.42903
LKA,Sri Lanka,Sri Lanka,1988,2523913,-0.1067001,-144.59862
LKA,Sri Lanka,Sri Lanka,1989,2101237,-0.33843598,-246.86473
LKA,Sri Lanka,Sri Lanka,1990,2578860,0.01403904,-170.14577
LKA,Sri Lanka,Sri Lanka,1991,2429895,-0.016003609,-307.6441
LKA,Sri Lanka,Sri Lanka,1992,2373882,-0.25373554,-397.16684
LKA,Sri Lanka,Sri Lanka,1993,2609310,-0.1779855,6.6802487
LKA,Sri Lanka,Sri Lanka,1994,2722454,-0.38188553,97.379524
LKA,Sri Lanka,Sri Lanka,1995,2850089,-0.08904616,-190.83572
LKA,Sri Lanka,Sri Lanka,1996,2098777,-0.254028,-133.4768
LKA,Sri Lanka,Sri Lanka,1997,2268861,0.016822973,55.751114
LKA,Sri Lanka,Sri Lanka,1998,2730821,0.5559928,-222.6742
LKA,Sri Lanka,Sri Lanka,1999,2893630,-0.42878404,-53.103767
LKA,Sri Lanka,Sri Lanka,2000,2896040,-0.45631185,8.189783
LKA,Sri Lanka,Sri Lanka,2001,2728140,-0.098882996,-197.16902
LKA,Sri Lanka,Sri Lanka,2002,2890180,-0.023588816,-47.15202
LKA,Sri Lanka,Sri Lanka,2003,3106450,0.009011269,-140.49088
LKA,Sri Lanka,Sri Lanka,2004,2668240,-0.015340011,-3.9525003
LKA,Sri Lanka,Sri Lanka,2005,3294530,0.21527545,-132.29845
LKA,Sri Lanka,Sri Lanka,2006,3396030,-0.030255636,147.99345
LKA,Sri Lanka,Sri Lanka,2007,3193100,-0.11062893,-90.25105
LKA,Sri Lanka,Sri Lanka,2008,4017620,-0.18234031,316.6884
LKA,Sri Lanka,Sri Lanka,2009,3788070,0.17350896,-47.462677
LKA,Sri Lanka,Sri Lanka,2010,4469740,0.12427807,436.9886
LKA,Sri Lanka,Sri Lanka,2011,4038207,-0.096101604,544.35504
LKA,Sri Lanka,Sri Lanka,2012,4054851,0.13320589,-33.24913
LKA,Sri Lanka,Sri Lanka,2013,4837225,-0.030727228,-57.104404
LKA,Sri Lanka,Sri Lanka,2014,3631157,0.018504461,490.27924
LKA,Sri Lanka,Sri Lanka,2015,5055088.5,0.08075396,452.3344
LKA,Sri Lanka,Sri Lanka,2016,4672796,0.6369996,-386.00034
LKA,Sri Lanka,Sri Lanka,2017,2584660,0.16207488,-53.954437
LKA,Sri Lanka,Sri Lanka,2018,4208158,-0.21227455,190.35295
LKA,Sri Lanka,Sri Lanka,2019,4843381,0.31891155,-57.10465
LKA,Sri Lanka,Sri Lanka,2020,5441134.5,0.41259637,-195.90175
LKA,Sri Lanka,Sri Lanka,2021,5630773.7,0.024710814,226.78513
LKA,Sri Lanka,Sri Lanka,2022,3663231,-0.13251908,76.91908
LKA,Sri Lanka,Sri Lanka,2023,4744648,0.29929733,578.3104
LKA,Sri Lanka,Sri Lanka,2024,4930803,0.6918435,234.07883
LSO,Lesotho,Lesotho,1961,226648,-0.40675816,148.77728
LSO,Lesotho,Lesotho,1962,223800,-0.2767476,19.916176
LSO,Lesotho,Lesotho,1963,223400,-1.0341257,247.65814
LSO,Lesotho,Lesotho,1964,222000,-1.210358,60.419487
LSO,Lesotho,Lesotho,1965,216800,-1.2326063,-267.28964
LSO,Lesotho,Lesotho,1966,223400,-0.13381678,-65.89185
LSO,Lesotho,Lesotho,1967,217300,-0.9453964,101.70434
LSO,Lesotho,Lesotho,1968,212506,-1.4147872,-69.984535
LSO,Lesotho,Lesotho,1969,211684,-0.48468485,-85.98787
LSO,Lesotho,Lesotho,1970,182536,-0.4066726,28.926456
LSO,Lesotho,Lesotho,1971,197254,-0.8367362,129.8566
LSO,Lesotho,Lesotho,1972,104350,-0.6330182,34.694946
LSO,Lesotho,Lesotho,1973,150350,-0.80272216,36.20101
LSO,Lesotho,Lesotho,1974,264905,-1.471094,224.62602
LSO,Lesotho,Lesotho,1975,154422,-1.1657107,143.74666
LSO,Lesotho,Lesotho,1976,119658,-1.4030594,246.03703
LSO,Lesotho,Lesotho,1977,251026,-0.38493308,126.00898
LSO,Lesotho,Lesotho,1978,288249,-0.81133336,64.396805
LSO,Lesotho,Lesotho,1979,228837,-0.47984537,50.306953
LSO,Lesotho,Lesotho,1980,194497,-0.33754444,-183.48407
LSO,Lesotho,Lesotho,1981,171796,-0.78977937,-34.9241
LSO,Lesotho,Lesotho,1982,125048,-0.098086916,-100.97832
LSO,Lesotho,Lesotho,1983,123097,0.3091121,-14.298845
LSO,Lesotho,Lesotho,1984,131679,-0.32354358,-120.10599
LSO,Lesotho,Lesotho,1985,167107,-0.013983548,94.20872
LSO,Lesotho,Lesotho,1986,132455,-0.22495295,189.84357
LSO,Lesotho,Lesotho,1987,146191,-0.2593885,399.40237
LSO,Lesotho,Lesotho,1988,233910,-0.8569158,440.10962
LSO,Lesotho,Lesotho,1989,199365,-1.0426706,275.1977
LSO,Lesotho,Lesotho,1990,242119,-0.7239322,-48.300446
LSO,Lesotho,Lesotho,1991,67253.8,-0.42894626,236.68567
LSO,Lesotho,Lesotho,1992,93800.14,0.13277997,-299.8414
LSO,Lesotho,Lesotho,1993,153256.22,-0.2208636,130.56705
LSO,Lesotho,Lesotho,1994,222852.81,-1.0594106,-92.75226
LSO,Lesotho,Lesotho,1995,81221,-0.37089047,49.268696
LSO,Lesotho,Lesotho,1996,257418,-1.2807698,275.40997
LSO,Lesotho,Lesotho,1997,206026,-0.96073407,142.15735
LSO,Lesotho,Lesotho,1998,171933,0.017902473,68.83696
LSO,Lesotho,Lesotho,1999,173865,0.27860764,-55.21915
LSO,Lesotho,Lesotho,2000,149723.48,-0.6841416,218.73105
LSO,Lesotho,Lesotho,2001,254959.76,-0.50903076,178.04353
LSO,Lesotho,Lesotho,2002,149947.22,-0.37425867,97.00462
LSO,Lesotho,Lesotho,2003,116475.05,0.26524803,-112.73506
LSO,Lesotho,Lesotho,2004,109279.54,0.0013996959,69.05744
LSO,Lesotho,Lesotho,2005,111647.04,0.3733507,8.454553
LSO,Lesotho,Lesotho,2006,87205,-0.674732,255.9611
LSO,Lesotho,Lesotho,2007,71887,-0.040645916,-130.12216
LSO,Lesotho,Lesotho,2008,72997,0.13876663,-99.55694
LSO,Lesotho,Lesotho,2009,74121,-0.14873464,-57.419827
LSO,Lesotho,Lesotho,2010,173193,0.62201405,39.216263
LSO,Lesotho,Lesotho,2011,103897.43,-0.691992,23.968246
LSO,Lesotho,Lesotho,2012,101382.16,-0.14524098,-30.233574
LSO,Lesotho,Lesotho,2013,107452,0.32217816,-172.58456
LSO,Lesotho,Lesotho,2014,115733.29,0.2766411,-29.34305
LSO,Lesotho,Lesotho,2015,82840.23,1.2791255,-293.28232
LSO,Lesotho,Lesotho,2016,25678.06,0.95798737,-23.613247
LSO,Lesotho,Lesotho,2017,216011.86,0.47517195,-117.39683
LSO,Lesotho,Lesotho,2018,157857.07,0.40981498,-158.31067
LSO,Lesotho,Lesotho,2019,35092.36,1.680797,-256.4734
LSO,Lesotho,Lesotho,2020,28536.09,0.35860673,135.52193
LSO,Lesotho,Lesotho,2021,98326.3,-0.009093682,183.09767
LSO,Lesotho,Lesotho,2022,82449.58,0.2575136,271.2713
LSO,Lesotho,Lesotho,2023,142972.66,0.35470065,90.28515
LSO,Lesotho,Lesotho,2024,67526.85,1.1626004,-253.99615
LTU,Lithuania,Lithuania,1992,2206141.6,0.10504139,-59.32194
LTU,Lithuania,Lithuania,1993,2681041.6,-1.0697075,56.18091
LTU,Lithuania,Lithuania,1994,2106741.6,-0.52395934,54.09794
LTU,Lithuania,Lithuania,1995,1915041.6,-0.3382374,33.187954
LTU,Lithuania,Lithuania,1996,2623641.6,-1.905125,-115.28944
LTU,Lithuania,Lithuania,1997,2953841.6,-0.5534523,9.9086685
LTU,Lithuania,Lithuania,1998,2725441.2,-0.6540057,171.6141
LTU,Lithuania,Lithuania,1999,2057892.1,0.3594903,-21.25517
LTU,Lithuania,Lithuania,2000,2667601.6,0.7454929,-23.541382
LTU,Lithuania,Lithuania,2001,2356159.8,-0.25256768,82.10701
LTU,Lithuania,Lithuania,2002,2539100,0.38479304,-44.41555
LTU,Lithuania,Lithuania,2003,2625800,-0.46137023,-90.89685
LTU,Lithuania,Lithuania,2004,2859400,-0.57043725,59.086666
LTU,Lithuania,Lithuania,2005,2811100,-0.5061295,-23.438515
LTU,Lithuania,Lithuania,2006,1857800,0.004896959,-103.35405
LTU,Lithuania,Lithuania,2007,3017000,0.40348673,80.23038
LTU,Lithuania,Lithuania,2008,3421900,0.8321559,18.194944
LTU,Lithuania,Lithuania,2009,3806600,-0.30407834,7.3809
LTU,Lithuania,Lithuania,2010,2796700,-1.0761298,129.41325
LTU,Lithuania,Lithuania,2011,3225900,0.25900123,-60.90865
LTU,Lithuania,Lithuania,2012,4656600,-0.59695464,108.82147
LTU,Lithuania,Lithuania,2013,4474800,0.08967793,-58.50597
LTU,Lithuania,Lithuania,2014,5123200,0.54219526,-40.069965
LTU,Lithuania,Lithuania,2015,6066749,0.95019984,-79.96777
LTU,Lithuania,Lithuania,2016,5120821,0.26026282,102.82987
LTU,Lithuania,Lithuania,2017,5074188,0.15761061,157.64938
LTU,Lithuania,Lithuania,2018,4052940,0.7452853,-157.19258
LTU,Lithuania,Lithuania,2019,5235500,1.4616747,-91.46509
LTU,Lithuania,Lithuania,2020,6544720,1.7909771,-33.72987
LTU,Lithuania,Lithuania,2021,5340820,-0.098900735,79.4414
LTU,Lithuania,Lithuania,2022,5623660,0.5000076,33.955254
LTU,Lithuania,Lithuania,2023,5629750,1.3008146,61.34781
LTU,Lithuania,Lithuania,2024,5707790,2.0714638,-0.8890984
LUX,Luxembourg,Luxembourg,2000,152830,0.3785794,156.68456
LUX,Luxembourg,Luxembourg,2001,144299,-0.15170364,128.46555
LUX,Luxembourg,Luxembourg,2002,169038,0.3791394,65.29772
LUX,Luxembourg,Luxembourg,2003,164133.42,0.33810398,-156.43768
LUX,Luxembourg,Luxembourg,2004,178984,-0.395458,-97.79802
LUX,Luxembourg,Luxembourg,2005,160569,-0.022355428,-159.46362
LUX,Luxembourg,Luxembourg,2006,161461,0.3849047,-1.1688129
LUX,Luxembourg,Luxembourg,2007,148351,0.4273208,92.03068
LUX,Luxembourg,Luxembourg,2008,190722,-0.25699893,93.988304
LUX,Luxembourg,Luxembourg,2009,188562,-0.030689657,-17.782078
LUX,Luxembourg,Luxembourg,2010,166184,-1.1691517,11.582687
LUX,Luxembourg,Luxembourg,2011,149591,0.5862004,-142.01578
LUX,Luxembourg,Luxembourg,2012,153433,-0.26175454,101.56316
LUX,Luxembourg,Luxembourg,2013,173287,-0.8226912,79.121635
LUX,Luxembourg,Luxembourg,2014,168563,0.97939676,44.24149
LUX,Luxembourg,Luxembourg,2015,176516,0.46607384,-115.1938
LUX,Luxembourg,Luxembourg,2016,139262,-0.07527724,66.26415
LUX,Luxembourg,Luxembourg,2017,149291,0.31131953,-15.684009
LUX,Luxembourg,Luxembourg,2018,157630,1.0511116,-111.36657
LUX,Luxembourg,Luxembourg,2019,163590,0.66837215,62.452778
LUX,Luxembourg,Luxembourg,2020,146230,1.2817918,6.9872704
LUX,Luxembourg,Luxembourg,2021,147160,-0.29285207,211.37602
LUX,Luxembourg,Luxembourg,2022,170660,1.3158196,41.30151
LUX,Luxembourg,Luxembourg,2023,148070,1.2836728,160.4854
LUX,Luxembourg,Luxembourg,2024,140770,1.0365046,272.7484
LVA,Latvia,Latvia,1992,1143400,0.14891991,-68.56699
LVA,Latvia,Latvia,1993,1230700,-1.0632173,35.98169
LVA,Latvia,Latvia,1994,896100,-0.784936,24.948065
LVA,Latvia,Latvia,1995,689040,-0.17568457,-14.610698
LVA,Latvia,Latvia,1996,960800,-1.7418896,-136.24551
LVA,Latvia,Latvia,1997,1035200,-0.5074734,42.342125
LVA,Latvia,Latvia,1998,958900,-0.7528612,149.80266
LVA,Latvia,Latvia,1999,783400,0.3621755,-47.760437
LVA,Latvia,Latvia,2000,923624,0.7527824,-48.250107
LVA,Latvia,Latvia,2001,928000,-0.23670465,65.39111
LVA,Latvia,Latvia,2002,1028500,0.19834237,-74.23161
LVA,Latvia,Latvia,2003,932400,-0.46706614,-47.995857
LVA,Latvia,Latvia,2004,1059500,-0.45721492,16.089958
LVA,Latvia,Latvia,2005,1314300,-0.49222815,-72.802826
LVA,Latvia,Latvia,2006,1158700,0.20943214,-140.17758
LVA,Latvia,Latvia,2007,1535200,0.45914853,48.429314
LVA,Latvia,Latvia,2008,1689400,0.8930511,69.58642
LVA,Latvia,Latvia,2009,1663100,-0.32443163,66.14204
LVA,Latvia,Latvia,2010,1435500,-1.1733255,106.42625
LVA,Latvia,Latvia,2011,1412000,0.3998413,-46.891804
LVA,Latvia,Latvia,2012,2124500,-0.77020186,166.2944
LVA,Latvia,Latvia,2013,1948700,0.09748147,-75.047676
LVA,Latvia,Latvia,2014,2227200,0.48035443,22.235058
LVA,Latvia,Latvia,2015,3021500,0.93566036,-68.532196
LVA,Latvia,Latvia,2016,2703200,0.22977407,69.19251
LVA,Latvia,Latvia,2017,2692500,-0.021633824,141.70393
LVA,Latvia,Latvia,2018,2057300,0.72644633,-193.4495
LVA,Latvia,Latvia,2019,3163200,1.2765776,8.8187895
LVA,Latvia,Latvia,2020,3497100,1.8659915,-13.127522
LVA,Latvia,Latvia,2021,2994600,0.08194196,33.71314
LVA,Latvia,Latvia,2022,3243700,0.5138952,-8.558107
LVA,Latvia,Latvia,2023,2715800,1.0216986,88.55272
LVA,Latvia,Latvia,2024,3152400,1.9292632,-33.348988
MAR,Morocco,Morocco,1961,1537830,-0.3843142,-56.852238
MAR,Morocco,Morocco,1962,3511979,-1.0222127,86.79699
MAR,Morocco,Morocco,1963,3856071,-1.5985928,173.80472
MAR,Morocco,Morocco,1964,3403305,-1.0553536,-19.876547
MAR,Morocco,Morocco,1965,3486365,-1.3414807,121.92092
MAR,Morocco,Morocco,1966,2179840,-0.7556283,-35.2328
MAR,Morocco,Morocco,1967,3523200,-1.3241137,119.00074
MAR,Morocco,Morocco,1968,6352730,-1.0699676,96.65843
MAR,Morocco,Morocco,1969,4089600,-1.1581818,170.64114
MAR,Morocco,Morocco,1970,4251560,-0.7079453,63.330887
MAR,Morocco,Morocco,1971,5352461,-1.990816,158.07568
MAR,Morocco,Morocco,1972,5167140,-2.5558107,161.75168
MAR,Morocco,Morocco,1973,3228970,-1.272732,42.756947
MAR,Morocco,Morocco,1974,4809380,-1.5706497,-7.5846786
MAR,Morocco,Morocco,1975,3728620,-1.4297457,20.472118
MAR,Morocco,Morocco,1976,5713380,-2.0303452,120.90736
MAR,Morocco,Morocco,1977,2888140,-1.1141566,28.420061
MAR,Morocco,Morocco,1978,4744560,-0.8630777,-14.491165
MAR,Morocco,Morocco,1979,4103160,-1.1021777,57.951622
MAR,Morocco,Morocco,1980,4514720,-0.6539765,17.061777
MAR,Morocco,Morocco,1981,2130300,-0.43835244,-78.93078
MAR,Morocco,Morocco,1982,4916509,-1.1060345,22.182724
MAR,Morocco,Morocco,1983,3581070,-0.051765997,-61.55788
MAR,Morocco,Morocco,1984,3759130,-0.89219093,-39.149555
MAR,Morocco,Morocco,1985,5312160,-0.42913714,36.50993
MAR,Morocco,Morocco,1986,7824550,-0.9250679,2.8904777
MAR,Morocco,Morocco,1987,4336810,0.10929553,34.283127
MAR,Morocco,Morocco,1988,7958960,-0.47921085,34.847755
MAR,Morocco,Morocco,1989,7428590,-0.4495783,109.35248
MAR,Morocco,Morocco,1990,6275864,-0.14130624,-16.242464
MAR,Morocco,Morocco,1991,8664685,-1.2098844,35.303856
MAR,Morocco,Morocco,1992,2950232.2,-1.2077799,-61.049248
MAR,Morocco,Morocco,1993,2817864,-1.4187946,-0.33245325
MAR,Morocco,Morocco,1994,9638630,-0.14496247,-40.056633
MAR,Morocco,Morocco,1995,1783230,-0.014075518,-12.347639
MAR,Morocco,Morocco,1996,10103304,-0.6682276,208.97897
MAR,Morocco,Morocco,1997,4097670.6,-0.07683762,46.604523
MAR,Morocco,Morocco,1998,6629516.4,0.16746743,-57.93151
MAR,Morocco,Morocco,1999,3843292.3,-0.2894919,-29.381721
MAR,Morocco,Morocco,2000,1996648.9,-0.0050236383,-62.105545
MAR,Morocco,Morocco,2001,4603349.7,0.65738076,-108.4455
MAR,Morocco,Morocco,2002,5287814.6,0.1119829,13.453847
MAR,Morocco,Morocco,2003,7969118.3,0.20331915,44.479675
MAR,Morocco,Morocco,2004,8598634.6,-0.25348035,-33.435196
MAR,Morocco,Morocco,2005,4279354.3,-0.008265813,-84.738396
MAR,Morocco,Morocco,2006,9236077.1,0.087955035,34.68194
MAR,Morocco,Morocco,2007,2505021.9,-0.19562165,-56.258076
MAR,Morocco,Morocco,2008,5330290.4,-0.31373087,54.10566
MAR,Morocco,Morocco,2009,10443719,0.2893459,66.874794
MAR,Morocco,Morocco,2010,7834479.2,0.7229974,141.86546
MAR,Morocco,Morocco,2011,8689334,0.11861674,38.530483
MAR,Morocco,Morocco,2012,5311218.8,0.15164821,-17.268953
MAR,Morocco,Morocco,2013,9874542.9,0.014418364,-25.944532
MAR,Morocco,Morocco,2014,6936819.2,0.29475823,69.04964
MAR,Morocco,Morocco,2015,11687922,0.2973937,-26.197695
MAR,Morocco,Morocco,2016,3560828.3,0.5457318,-4.1861544
MAR,Morocco,Morocco,2017,9787464.7,1.1338575,-105.49423
MAR,Morocco,Morocco,2018,10389767,-0.5108149,116.56522
MAR,Morocco,Morocco,2019,5316450.6,0.45614567,-73.01304
MAR,Morocco,Morocco,2020,3325862.5,1.0639627,-72.307556
MAR,Morocco,Morocco,2021,10452983,0.713444,-54.358505
MAR,Morocco,Morocco,2022,3511705.3,1.3499552,-78.13941
MAR,Morocco,Morocco,2023,5626027.3,1.4530835,-112.08164
MAR,Morocco,Morocco,2024,3205380.8,1.4857854,-59.874466
MDA,Moldova,Republic of Moldova,1992,1978255,-0.7277337,-56.55748
MDA,Moldova,Republic of Moldova,1993,3218589,-1.4364549,23.039022
MDA,Moldova,Republic of Moldova,1994,1627891,0.37912202,-124.7262
MDA,Moldova,Republic of Moldova,1995,2610779,-0.8320257,64.789536
MDA,Moldova,Republic of Moldova,1996,1976169,-1.7674333,154.2283
MDA,Moldova,Republic of Moldova,1997,3486746,-1.5289458,121.8224
MDA,Moldova,Republic of Moldova,1998,2428062,-0.66585517,56.15965
MDA,Moldova,Republic of Moldova,1999,2141579,0.23692484,26.58803
MDA,Moldova,Republic of Moldova,2000,1905097,0.52313334,-28.721241
MDA,Moldova,Republic of Moldova,2001,2550044,-0.41611734,54.444542
MDA,Moldova,Republic of Moldova,2002,2539059,0.08284235,1.5232761
MDA,Moldova,Republic of Moldova,2003,2000680.2,-0.88739616,-86.58177
MDA,Moldova,Republic of Moldova,2004,2942574,-0.34127745,5.295587
MDA,Moldova,Republic of Moldova,2005,2771711,-0.35309848,78.582214
MDA,Moldova,Republic of Moldova,2006,2222357,-0.61654,-35.458794
MDA,Moldova,Republic of Moldova,2007,1825348.3,1.2618426,-63.848747
MDA,Moldova,Republic of Moldova,2008,3132303,0.63373774,70.650406
MDA,Moldova,Republic of Moldova,2009,2149173,0.5773739,-131.53337
MDA,Moldova,Republic of Moldova,2010,2386009,0.009785433,166.99986
MDA,Moldova,Republic of Moldova,2011,2466400,-0.21963799,-149.36264
MDA,Moldova,Republic of Moldova,2012,1190061,0.53415483,-42.826256
MDA,Moldova,Republic of Moldova,2013,2654337,0.55331546,57.04574
MDA,Moldova,Republic of Moldova,2014,2886891,0.2698426,23.261692
MDA,Moldova,Republic of Moldova,2015,2183323,1.2888585,-100.10639
MDA,Moldova,Republic of Moldova,2016,2954175,0.670847,73.806854
MDA,Moldova,Republic of Moldova,2017,3285836,0.5116375,-4.1073523
MDA,Moldova,Republic of Moldova,2018,3421119,0.45909336,-72.51819
MDA,Moldova,Republic of Moldova,2019,3498682,1.3895426,-127.65022
MDA,Moldova,Republic of Moldova,2020,1478349,1.7053567,-95.74438
MDA,Moldova,Republic of Moldova,2021,4651182,-0.33117586,50.305527
MDA,Moldova,Republic of Moldova,2022,1758059,0.8812782,-149.56256
MDA,Moldova,Republic of Moldova,2023,3177124.1,1.8946081,-110.22382
MDA,Moldova,Republic of Moldova,2024,2129863.2,2.1701155,-7.6306643
MDG,Madagascar,Madagascar,1961,1584920,-0.5165499,-34.57019
MDG,Madagascar,Madagascar,1962,1657700,-1.047563,-59.652195
MDG,Madagascar,Madagascar,1963,1670300,-1.1340202,-96.26475
MDG,Madagascar,Madagascar,1964,1784510,-1.1914825,-190.33965
MDG,Madagascar,Madagascar,1965,1714600,-1.548819,21.329628
MDG,Madagascar,Madagascar,1966,1746795,-0.82042027,-250.49516
MDG,Madagascar,Madagascar,1967,1855015,-0.76260614,125.26482
MDG,Madagascar,Madagascar,1968,1940490,-1.0581914,-25.765833
MDG,Madagascar,Madagascar,1969,1989965,-0.5340093,82.00901
MDG,Madagascar,Madagascar,1970,2056645,-0.77718085,-40.43464
MDG,Madagascar,Madagascar,1971,2008805,-1.0301362,140.7719
MDG,Madagascar,Madagascar,1972,2032600,-0.6973794,316.9179
MDG,Madagascar,Madagascar,1973,2021780,-0.49739918,233.64417
MDG,Madagascar,Madagascar,1974,2133205,-1.002227,-12.909719
MDG,Madagascar,Madagascar,1975,2094080,-1.0436333,80.27452
MDG,Madagascar,Madagascar,1976,2178985,-0.5895211,21.347622
MDG,Madagascar,Madagascar,1977,2189893,-0.25405678,131.07681
MDG,Madagascar,Madagascar,1978,2038310,-0.27235636,-116.82385
MDG,Madagascar,Madagascar,1979,2162612,-0.4284819,-79.46792
MDG,Madagascar,Madagascar,1980,2237803,-0.42775998,-53.68447
MDG,Madagascar,Madagascar,1981,2133725,-0.54732436,-40.597572
MDG,Madagascar,Madagascar,1982,2084520,-0.55981904,266.1534
MDG,Madagascar,Madagascar,1983,2280960,-0.14432256,0.29639727
MDG,Madagascar,Madagascar,1984,2273900,-0.84239024,276.55478
MDG,Madagascar,Madagascar,1985,2319560,-0.79758435,13.649406
MDG,Madagascar,Madagascar,1986,2385058,-0.77392083,33.796307
MDG,Madagascar,Madagascar,1987,2337849,-0.12151813,-234.42636
MDG,Madagascar,Madagascar,1988,2307600,-0.14099486,-115.16904
MDG,Madagascar,Madagascar,1989,2544675,-0.47079468,127.9807
MDG,Madagascar,Madagascar,1990,2581217,-0.25908852,-240.33446
MDG,Madagascar,Madagascar,1991,2497183.9,-0.31301847,-98.32875
MDG,Madagascar,Madagascar,1992,2590967.1,-0.50752544,-192.71742
MDG,Madagascar,Madagascar,1993,2723977.3,-0.53359574,-105.25928
MDG,Madagascar,Madagascar,1994,2517000,-0.429046,170.48207
MDG,Madagascar,Madagascar,1995,2641973.8,-0.17644088,3.5532632
MDG,Madagascar,Madagascar,1996,2684976.8,-0.3767015,-1.2106491
MDG,Madagascar,Madagascar,1997,2741980.2,-0.22759263,84.8491
MDG,Madagascar,Madagascar,1998,2609983.9,0.07634592,40.475376
MDG,Madagascar,Madagascar,1999,2755988.2,-0.2895805,-281.57217
MDG,Madagascar,Madagascar,2000,2660170,-0.25221524,50.99967
MDG,Madagascar,Madagascar,2001,2853015,-0.061424095,-125.64281
MDG,Madagascar,Madagascar,2002,2786948.9,0.0055797896,60.14828
MDG,Madagascar,Madagascar,2003,3127724.5,-0.023148218,142.1261
MDG,Madagascar,Madagascar,2004,3389544.5,-0.023809275,207.90445
MDG,Madagascar,Madagascar,2005,3794599.2,-0.002690792,-168.0126
MDG,Madagascar,Madagascar,2006,3904369.5,0.21900336,-214.64548
MDG,Madagascar,Madagascar,2007,4024722,0.030670485,276.08978
MDG,Madagascar,Madagascar,2008,4355509,-0.19471343,35.565437
MDG,Madagascar,Madagascar,2009,4975572.7,0.17689896,-15.908277
MDG,Madagascar,Madagascar,2010,5159720.6,0.419964,-30.092842
MDG,Madagascar,Madagascar,2011,4739752,0.18770234,-30.124214
MDG,Madagascar,Madagascar,2012,5009947,0.0690732,100.88352
MDG,Madagascar,Madagascar,2013,3997774,0.067410626,-125.14624
MDG,Madagascar,Madagascar,2014,4350378.5,0.17921655,-6.3969717
MDG,Madagascar,Madagascar,2015,4057987.4,0.21515115,368.6445
MDG,Madagascar,Madagascar,2016,4138500.2,0.13514249,-138.18817
MDG,Madagascar,Madagascar,2017,3888315.1,0.43232074,7.6929126
MDG,Madagascar,Madagascar,2018,4251342.8,0.17833026,16.967653
MDG,Madagascar,Madagascar,2019,4136206.8,0.6272767,64.81889
MDG,Madagascar,Madagascar,2020,4455179.7,0.39141527,-97.955124
MDG,Madagascar,Madagascar,2021,4805081.8,0.34493813,-281.67032
MDG,Madagascar,Madagascar,2022,5144257.7,-0.012064775,-7.485876
MDG,Madagascar,Madagascar,2023,5388080.8,0.5971287,34.500134
MDG,Madagascar,Madagascar,2024,5237387.2,0.7745455,9.467316
MEX,Mexico,Mexico,1961,8516733,-1.0572072,-157.69746
MEX,Mexico,Mexico,1962,8605792,-0.70812696,-241.49089
MEX,Mexico,Mexico,1963,9539077,-0.83683914,-150.05225
MEX,Mexico,Mexico,1964,11710533,-1.1430651,-171.5873
MEX,Mexico,Mexico,1965,12488283,-1.0470904,-147.50067
MEX,Mexico,Mexico,1966,12987982,-1.4022478,-90.76475
MEX,Mexico,Mexico,1967,13068481,-0.9014918,-64.904724
MEX,Mexico,Mexico,1968,13925652,-1.2944506,-94.74961
MEX,Mexico,Mexico,1969,13843149,-0.669141,-104.5521
MEX,Mexico,Mexico,1970,15006401,-1.0052658,-123.97602
MEX,Mexico,Mexico,1971,14805568,-0.9331308,-92.06414
MEX,Mexico,Mexico,1972,14394049,-0.62825483,-44.486
MEX,Mexico,Mexico,1973,14863720,-1.2755786,86.7689
MEX,Mexico,Mexico,1974,14618927,-1.0088232,-27.455082
MEX,Mexico,Mexico,1975,16625618,-1.1106694,-59.966022
MEX,Mexico,Mexico,1976,16478100,-1.4373001,18.620932
MEX,Mexico,Mexico,1977,17967775,-0.7108026,-99.973274
MEX,Mexico,Mexico,1978,18897475,-0.7933671,84.47001
MEX,Mexico,Mexico,1979,15653065,-0.75421214,-75.548065
MEX,Mexico,Mexico,1980,20893795,-0.3728064,-26.72565
MEX,Mexico,Mexico,1981,24626699,-0.7403672,203.55257
MEX,Mexico,Mexico,1982,20256026,-0.3266518,-47.322277
MEX,Mexico,Mexico,1983,22683293,-0.84092736,77.78681
MEX,Mexico,Mexico,1984,23638106,-0.98234963,222.18262
MEX,Mexico,Mexico,1985,27403856,-0.92674965,66.5634
MEX,Mexico,Mexico,1986,22708051,-0.72910094,80.22147
MEX,Mexico,Mexico,1987,23696541,-1.0621542,-4.6505833
MEX,Mexico,Mexico,1988,21113156,-0.6721201,65.718925
MEX,Mexico,Mexico,1989,21425181,-0.4497353,0.31294096
MEX,Mexico,Mexico,1990,25562272,-0.46468687,101.21059
MEX,Mexico,Mexico,1991,23672210,-0.6684852,103.73006
MEX,Mexico,Mexico,1992,26889368,-0.7987671,122.26465
MEX,Mexico,Mexico,1993,25201020,-0.4028376,48.010033
MEX,Mexico,Mexico,1994,26810967,0.08355633,-99.414246
MEX,Mexico,Mexico,1995,26883809,0.1208446,14.619462
MEX,Mexico,Mexico,1996,29312360,-0.10700131,-9.894526
MEX,Mexico,Mexico,1997,28065537,-0.5071818,30.318228
MEX,Mexico,Mexico,1998,29124932,0.13149627,-24.97226
MEX,Mexico,Mexico,1999,27435666,-0.20713647,-36.19765
MEX,Mexico,Mexico,2000,27995057,-0.068119206,-76.50958
MEX,Mexico,Mexico,2001,31060786,-0.19803953,-75.229965
MEX,Mexico,Mexico,2002,28773237,-0.05205639,-64.12279
MEX,Mexico,Mexico,2003,31336229,0.0016064644,-40.66394
MEX,Mexico,Mexico,2004,32315035,-0.5026088,-36.952774
MEX,Mexico,Mexico,2005,29062836,0.098521866,-50.051544
MEX,Mexico,Mexico,2006,32158037,0.16161378,25.11379
MEX,Mexico,Mexico,2007,34313189,-0.17936222,16.068758
MEX,Mexico,Mexico,2008,36109144,-0.13464873,87.22928
MEX,Mexico,Mexico,2009,31285670,0.31760845,-90.123184
MEX,Mexico,Mexico,2010,34925200,-0.4134086,129.61496
MEX,Mexico,Mexico,2011,28408737,0.39000264,-102.84776
MEX,Mexico,Mexico,2012,33614212,0.37427998,-63.79676
MEX,Mexico,Mexico,2013,33210301,-0.0639325,153.52792
MEX,Mexico,Mexico,2014,36526602,0.12290406,54.0587
MEX,Mexico,Mexico,2015,34704514,0.19557564,68.08413
MEX,Mexico,Mexico,2016,38464938,0.37046942,11.27198
MEX,Mexico,Mexico,2017,37487836,0.5263314,7.5362415
MEX,Mexico,Mexico,2018,36068402,0.2021048,30.783257
MEX,Mexico,Mexico,2019,36164102,0.4839848,-72.227516
MEX,Mexico,Mexico,2020,36374790,0.7226882,-59.226936
MEX,Mexico,Mexico,2021,36582135,0.38083363,10.391524
MEX,Mexico,Mexico,2022,36330007,0.1055479,-32.30829
MEX,Mexico,Mexico,2023,37015879,0.82084066,-193.29172
MEX,Mexico,Mexico,2024,32642051,1.0877486,-31.674849
MKD,North Macedonia,North Macedonia,1992,623663,-0.6981902,-131.26921
MKD,North Macedonia,North Macedonia,1993,478926,-0.49936318,-206.71753
MKD,North Macedonia,North Macedonia,1994,647716,0.6641849,-163.1425
MKD,North Macedonia,North Macedonia,1995,724919,-1.0138934,131.17636
MKD,North Macedonia,North Macedonia,1996,545632,-0.8659696,75.94336
MKD,North Macedonia,North Macedonia,1997,609613,-0.9287519,-105.83465
MKD,North Macedonia,North Macedonia,1998,659838,-0.38430133,18.97049
MKD,North Macedonia,North Macedonia,1999,637839,-0.12878935,18.424046
MKD,North Macedonia,North Macedonia,2000,564005,0.00013038516,-257.8568
MKD,North Macedonia,North Macedonia,2001,474500,-0.19565393,-54.307045
MKD,North Macedonia,North Macedonia,2002,555591,-0.13584699,88.89344
MKD,North Macedonia,North Macedonia,2003,471689,-0.20616563,-12.50112
MKD,North Macedonia,North Macedonia,2004,681933,-0.3515431,66.257256
MKD,North Macedonia,North Macedonia,2005,644627,-0.9433007,105.43085
MKD,North Macedonia,North Macedonia,2006,602171,-0.65646774,30.951069
MKD,North Macedonia,North Macedonia,2007,468652,0.6229513,-9.274611
MKD,North Macedonia,North Macedonia,2008,613044,0.60358137,-152.13356
MKD,North Macedonia,North Macedonia,2009,609056.62,0.15748934,219.17398
MKD,North Macedonia,North Macedonia,2010,541567,0.35338354,208.38539
MKD,North Macedonia,North Macedonia,2011,554880.86,-0.14498933,-208.20325
MKD,North Macedonia,North Macedonia,2012,459788.04,0.5488265,-6.3475537
MKD,North Macedonia,North Macedonia,2013,561902.73,0.73018104,-0.7568824
MKD,North Macedonia,North Macedonia,2014,629234.68,0.7442419,222.66173
MKD,North Macedonia,North Macedonia,2015,483878.81,0.5562609,38.057705
MKD,North Macedonia,North Macedonia,2016,640978.4,0.56881493,45.584442
MKD,North Macedonia,North Macedonia,2017,447776.98,0.46777904,3.2030587
MKD,North Macedonia,North Macedonia,2018,598373.4,0.9644807,140.79799
MKD,North Macedonia,North Macedonia,2019,563116.93,1.122594,-53.924835
MKD,North Macedonia,North Macedonia,2020,578835.44,0.674836,12.141969
MKD,North Macedonia,North Macedonia,2021,562239.48,0.3213127,164.5214
MKD,North Macedonia,North Macedonia,2022,542163.76,0.601212,8.679263
MKD,North Macedonia,North Macedonia,2023,522971.6,1.0746588,134.78687
MKD,North Macedonia,North Macedonia,2024,532133.64,1.6314411,-26.284636
MLI,Mali,Mali,1961,1106550,-1.3292617,17.104263
MLI,Mali,Mali,1962,1168200,-1.2666563,66.765144
MLI,Mali,Mali,1963,1058200,-0.9674816,42.169903
MLI,Mali,Mali,1964,947700,-1.2325324,67.18618
MLI,Mali,Mali,1965,991700,-1.5441922,105.57948
MLI,Mali,Mali,1966,1053013,-0.74315196,38.505226
MLI,Mali,Mali,1967,1153900,-1.3925548,133.63187
MLI,Mali,Mali,1968,1013900,-0.95901203,89.33689
MLI,Mali,Mali,1969,1179058,-0.29612508,119.21474
MLI,Mali,Mali,1970,991241,-0.4775281,63.34822
MLI,Mali,Mali,1971,983742,-0.9465699,63.70342
MLI,Mali,Mali,1972,817000,-0.7638974,36.04266
MLI,Mali,Mali,1973,890000,-0.7671323,6.2935586
MLI,Mali,Mali,1974,1154000,-1.6325197,47.73371
MLI,Mali,Mali,1975,1306628,-1.453723,47.4903
MLI,Mali,Mali,1976,1183620,-1.8131083,51.059322
MLI,Mali,Mali,1977,1075000,-0.82302314,16.520578
MLI,Mali,Mali,1978,1212502,-0.7434829,98.09466
MLI,Mali,Mali,1979,1081330,-0.60595495,71.253075
MLI,Mali,Mali,1980,967911,-0.22366507,59.967613
MLI,Mali,Mali,1981,1197000,-0.7088315,42.45938
MLI,Mali,Mali,1982,1281686,-1.0715517,-10.159265
MLI,Mali,Mali,1983,1481621,-0.24288495,-38.276188
MLI,Mali,Mali,1984,1113368,-0.75689715,4.70928
MLI,Mali,Mali,1985,1724909,-0.8654742,28.272505
MLI,Mali,Mali,1986,1727744,-0.9330848,22.310326
MLI,Mali,Mali,1987,1639653,0.34531894,-12.644315
MLI,Mali,Mali,1988,2196345,-0.52851343,70.6375
MLI,Mali,Mali,1989,2156710,-0.38866982,50.71214
MLI,Mali,Mali,1990,1771419,-0.08084711,-17.121058
MLI,Mali,Mali,1991,2414210,-0.41269827,26.873068
MLI,Mali,Mali,1992,1809361.5,-0.86406547,11.974525
MLI,Mali,Mali,1993,2227998,-0.23990567,-15.187695
MLI,Mali,Mali,1994,2457451,-0.8424066,93.07067
MLI,Mali,Mali,1995,2188973,-0.49973345,22.894234
MLI,Mali,Mali,1996,2219312,-0.08684826,-18.40171
MLI,Mali,Mali,1997,2137259,-0.4131155,-17.49707
MLI,Mali,Mali,1998,2548018.8,0.15393972,5.281691
MLI,Mali,Mali,1999,2893716.4,-0.7988345,58.030228
MLI,Mali,Mali,2000,2310195.6,-0.32789865,-4.254375
MLI,Mali,Mali,2001,2584032.8,0.049244404,-42.032635
MLI,Mali,Mali,2002,2518354,0.27067423,-37.127098
MLI,Mali,Mali,2003,3409360.2,0.312548,39.548782
MLI,Mali,Mali,2004,2845019.7,0.2087148,-49.33413
MLI,Mali,Mali,2005,3398743.2,0.3579966,-6.039449
MLI,Mali,Mali,2006,3693357,-0.16367324,-28.252018
MLI,Mali,Mali,2007,3885587,-0.017693996,-15.734804
MLI,Mali,Mali,2008,4814995.5,-0.32644257,4.52831
MLI,Mali,Mali,2009,6057353.9,0.2780652,-18.5392
MLI,Mali,Mali,2010,5338937.2,1.0955124,45.67076
MLI,Mali,Mali,2011,5777865.1,0.3678794,-44.221603
MLI,Mali,Mali,2012,6555027,-0.27370453,12.192665
MLI,Mali,Mali,2013,6993980,0.11086718,-32.84315
MLI,Mali,Mali,2014,6980884.5,0.028841654,-37.155056
MLI,Mali,Mali,2015,8055051.8,-0.008336544,2.8547838
MLI,Mali,Mali,2016,8849710,0.5978082,-6.516408
MLI,Mali,Mali,2017,9296131.7,0.4169189,-32.21688
MLI,Mali,Mali,2018,10159697,0.3741406,25.652832
MLI,Mali,Mali,2019,10451433,0.09500599,32.460186
MLI,Mali,Mali,2020,10352058,0.5571928,24.320545
MLI,Mali,Mali,2021,8819413.8,1.11214,-62.576885
MLI,Mali,Mali,2022,10289006,0.213885,-2.6384053
MLI,Mali,Mali,2023,9979190.7,0.85145265,-54.669205
MLI,Mali,Mali,2024,10440301,0.98139113,56.72493
MMR,Myanmar,Myanmar,1961,6936974,-0.83501625,254.60396
MMR,Myanmar,Myanmar,1962,7803006,-0.7997449,45.012978
MMR,Myanmar,Myanmar,1963,7952501,-0.9498126,241.78598
MMR,Myanmar,Myanmar,1964,8664696,-0.6857813,125.90322
MMR,Myanmar,Myanmar,1965,8227347,-1.1932265,435.53613
MMR,Myanmar,Myanmar,1966,6833424,-0.9386299,199.2177
MMR,Myanmar,Myanmar,1967,7957755,-0.9102103,234.43037
MMR,Myanmar,Myanmar,1968,8200906,-1.0228549,179.11858
MMR,Myanmar,Myanmar,1969,8127052,-0.47365317,-14.243197
MMR,Myanmar,Myanmar,1970,8305587,-0.6407695,229.97935
MMR,Myanmar,Myanmar,1971,8320493,-1.1538424,219.74696
MMR,Myanmar,Myanmar,1972,7488512,-0.5499986,-67.24023
MMR,Myanmar,Myanmar,1973,8739541,-0.5233135,225.02925
MMR,Myanmar,Myanmar,1974,8733016,-0.95327634,260.6724
MMR,Myanmar,Myanmar,1975,9391721,-0.80001,199.07399
MMR,Myanmar,Myanmar,1976,9500779,-1.0118226,353.8166
MMR,Myanmar,Myanmar,1977,9693499,-0.8001075,-6.7514706
MMR,Myanmar,Myanmar,1978,10770027,-0.64101076,-8.543847
MMR,Myanmar,Myanmar,1979,10705395,-0.058898132,-263.84308
MMR,Myanmar,Myanmar,1980,13680630,-0.13475752,-113.97951
MMR,Myanmar,Myanmar,1981,14571071,-0.4724121,26.17533
MMR,Myanmar,Myanmar,1982,14838886,-0.7059863,20.51852
MMR,Myanmar,Myanmar,1983,15024136,-0.69267446,179.72246
MMR,Myanmar,Myanmar,1984,14960176,-0.6365428,160.18481
MMR,Myanmar,Myanmar,1985,15066662,-0.6759054,178.26685
MMR,Myanmar,Myanmar,1986,14861999,-0.40474114,-65.19759
MMR,Myanmar,Myanmar,1987,14220309,-0.20635907,62.633415
MMR,Myanmar,Myanmar,1988,13647252,-0.1147941,177.1168
MMR,Myanmar,Myanmar,1989,14259141,-0.58668995,-64.30377
MMR,Myanmar,Myanmar,1990,14423776,-0.4989446,196.76282
MMR,Myanmar,Myanmar,1991,13661934,-0.23908234,299.2515
MMR,Myanmar,Myanmar,1992,15324551,-0.8340125,-125.61114
MMR,Myanmar,Myanmar,1993,17219677,-0.45775175,8.9510975
MMR,Myanmar,Myanmar,1994,18692538,-0.15308905,173.38887
MMR,Myanmar,Myanmar,1995,18456300,0.03093338,78.96234
MMR,Myanmar,Myanmar,1996,18199400,-0.21236818,152.50291
MMR,Myanmar,Myanmar,1997,17386500,-0.49872446,-36.6409
MMR,Myanmar,Myanmar,1998,17774500,0.5349267,-189.3744
MMR,Myanmar,Myanmar,1999,20928000,0.12319422,165.06532
MMR,Myanmar,Myanmar,2000,22118200,-0.4224685,106.53359
MMR,Myanmar,Myanmar,2001,22856400,-0.13655694,-8.505814
MMR,Myanmar,Myanmar,2002,22844449,-0.12045225,11.985895
MMR,Myanmar,Myanmar,2003,24311061,-0.06447665,-89.10365
MMR,Myanmar,Myanmar,2004,26039773,-0.29593563,0.83832073
MMR,Myanmar,Myanmar,2005,29172696,0.33674225,-147.29791
MMR,Myanmar,Myanmar,2006,32502379,-0.06787523,-33.87394
MMR,Myanmar,Myanmar,2007,33122008,-0.28321615,204.68968
MMR,Myanmar,Myanmar,2008,34320428,-0.21470149,209.53957
MMR,Myanmar,Myanmar,2009,34522607,0.326437,-64.12137
MMR,Myanmar,Myanmar,2010,34557652,0.59205943,-82.50773
MMR,Myanmar,Myanmar,2011,31094385,-0.26682314,181.17056
MMR,Myanmar,Myanmar,2012,28762652,0.17901786,6.701557
MMR,Myanmar,Myanmar,2013,29045647,0.12866783,-5.7267666
MMR,Myanmar,Myanmar,2014,29218918,0.3306465,-307.25266
MMR,Myanmar,Myanmar,2015,29055198,0.15377808,-23.860119
MMR,Myanmar,Myanmar,2016,28521820,0.38895336,-65.0653
MMR,Myanmar,Myanmar,2017,28500084,0.22833395,32.938305
MMR,Myanmar,Myanmar,2018,30463881,-0.06743733,103.88339
MMR,Myanmar,Myanmar,2019,29104237,0.48871565,-296.34372
MMR,Myanmar,Myanmar,2020,28912459,0.4925704,-261.11752
MMR,Myanmar,Myanmar,2021,30140001,0.6089303,-278.42712
MMR,Myanmar,Myanmar,2022,30705496,0.34414816,-239.34647
MMR,Myanmar,Myanmar,2023,28283371,0.7395399,-287.22916
MMR,Myanmar,Myanmar,2024,30128822,0.7602746,36.808987
MNE,Montenegro,Montenegro,2006,14351,-0.70564723,-164.43558
MNE,Montenegro,Montenegro,2007,2345,0.4520063,-88.3909
MNE,Montenegro,Montenegro,2008,3865,0.390131,-67.60604
MNE,Montenegro,Montenegro,2009,4061,0.32109705,297.6549
MNE,Montenegro,Montenegro,2010,3793,0.1725174,685.7645
MNE,Montenegro,Montenegro,2011,6294,0.25587863,-586.74866
MNE,Montenegro,Montenegro,2012,4895,0.57304764,-79.98021
MNE,Montenegro,Montenegro,2013,7587.8,0.6121859,258.87363
MNE,Montenegro,Montenegro,2014,7614,0.9117599,241.1605
MNE,Montenegro,Montenegro,2015,6658,0.74898624,-348.77267
MNE,Montenegro,Montenegro,2016,7019.6,0.5312674,255.13235
MNE,Montenegro,Montenegro,2017,7215.2,0.3446547,-131.39084
MNE,Montenegro,Montenegro,2018,7300.5,1.07361,161.65688
MNE,Montenegro,Montenegro,2019,6910,1.020497,53.02157
MNE,Montenegro,Montenegro,2020,6683,0.87284225,-79.556175
MNE,Montenegro,Montenegro,2021,6473,0.37833178,146.59958
MNE,Montenegro,Montenegro,2022,6632.9,1.0090896,9.354526
MNE,Montenegro,Montenegro,2023,7067,1.1834886,243.84718
MNE,Montenegro,Montenegro,2024,6906.6,1.9249722,-114.92852
MNG,Mongolia,Mongolia,1961,124400,-0.9411598,21.202522
MNG,Mongolia,Mongolia,1962,327400,-0.81480926,-0.35600814
MNG,Mongolia,Mongolia,1963,322200,-0.16006751,19.136562
MNG,Mongolia,Mongolia,1964,371000,-1.0247215,75.34894
MNG,Mongolia,Mongolia,1965,323200,0.010131687,-25.917595
MNG,Mongolia,Mongolia,1966,264000,-1.1361376,12.173411
MNG,Mongolia,Mongolia,1967,332100,-1.3647274,44.05312
MNG,Mongolia,Mongolia,1968,215700,-1.6688329,7.6424103
MNG,Mongolia,Mongolia,1969,131600,-2.353444,46.963737
MNG,Mongolia,Mongolia,1970,284800,-1.7398006,13.485114
MNG,Mongolia,Mongolia,1971,372900,-1.3646579,55.72884
MNG,Mongolia,Mongolia,1972,205000,-0.91078526,20.045393
MNG,Mongolia,Mongolia,1973,455400,-0.5053383,75.28402
MNG,Mongolia,Mongolia,1974,315800,-1.643684,12.674605
MNG,Mongolia,Mongolia,1975,482400,-0.7434481,34.531445
MNG,Mongolia,Mongolia,1976,374100,-1.7589687,46.47071
MNG,Mongolia,Mongolia,1977,412600,-1.040644,34.509277
MNG,Mongolia,Mongolia,1978,354300,-0.53692406,-9.433788
MNG,Mongolia,Mongolia,1979,330300,-0.48517546,31.473381
MNG,Mongolia,Mongolia,1980,286800,-1.079813,-2.036667
MNG,Mongolia,Mongolia,1981,342700,-1.1094112,40.473297
MNG,Mongolia,Mongolia,1982,550600,-0.1361713,12.562586
MNG,Mongolia,Mongolia,1983,812800,-0.72111803,33.84413
MNG,Mongolia,Mongolia,1984,596700,-2.1668692,81.66679
MNG,Mongolia,Mongolia,1985,884000,-1.678078,17.918118
MNG,Mongolia,Mongolia,1986,869400,-0.89504415,28.37493
MNG,Mongolia,Mongolia,1987,689210,-1.0920624,58.555603
MNG,Mongolia,Mongolia,1988,814273,-0.87693864,20.518665
MNG,Mongolia,Mongolia,1989,839200,0.06646681,9.49417
MNG,Mongolia,Mongolia,1990,718338,-0.10818549,84.92048
MNG,Mongolia,Mongolia,1991,595000,-0.6031562,35.06312
MNG,Mongolia,Mongolia,1992,493900,-0.5684865,24.383524
MNG,Mongolia,Mongolia,1993,478822.5,-1.0601876,78.37512
MNG,Mongolia,Mongolia,1994,333592.48,-0.16130488,70.83484
MNG,Mongolia,Mongolia,1995,262712.91,0.076360784,-0.2684796
MNG,Mongolia,Mongolia,1996,221409.73,-0.9913296,4.029811
MNG,Mongolia,Mongolia,1997,241690.58,0.4930582,7.8623004
MNG,Mongolia,Mongolia,1998,195900,0.7103908,64.19628
MNG,Mongolia,Mongolia,1999,170706.49,0.27101377,5.684381
MNG,Mongolia,Mongolia,2000,143309,-0.43224978,-10.191644
MNG,Mongolia,Mongolia,2001,143412.52,0.04964419,-29.781284
MNG,Mongolia,Mongolia,2002,127175.19,0.4842302,-28.25938
MNG,Mongolia,Mongolia,2003,166479.53,-0.76730686,51.95084
MNG,Mongolia,Mongolia,2004,139798.06,0.40249562,-29.590147
MNG,Mongolia,Mongolia,2005,77837.65,-0.61108166,-36.088104
MNG,Mongolia,Mongolia,2006,138572,0.26721492,-35.334496
MNG,Mongolia,Mongolia,2007,114777,1.447104,-34.279
MNG,Mongolia,Mongolia,2008,212893,0.47025016,-11.486833
MNG,Mongolia,Mongolia,2009,391659,-0.11467329,-42.954376
MNG,Mongolia,Mongolia,2010,355062,-0.934099,-13.118644
MNG,Mongolia,Mongolia,2011,446050,-0.61854476,-25.533293
MNG,Mongolia,Mongolia,2012,479349,-1.2469966,14.17091
MNG,Mongolia,Mongolia,2013,387043,0.14213799,-8.387559
MNG,Mongolia,Mongolia,2014,525473,0.39326236,-27.460443
MNG,Mongolia,Mongolia,2015,219068,0.7209391,-14.538349
MNG,Mongolia,Mongolia,2016,483453.4,-0.027310014,29.322262
MNG,Mongolia,Mongolia,2017,238101.9,1.0015512,-52.24143
MNG,Mongolia,Mongolia,2018,453849.21,0.19584374,22.983538
MNG,Mongolia,Mongolia,2019,433305.44,0.5451019,-13.638326
MNG,Mongolia,Mongolia,2020,430317.92,0.46613216,4.2948513
MNG,Mongolia,Mongolia,2021,614497.24,0.81340283,42.223656
MNG,Mongolia,Mongolia,2022,428648.86,0.16232099,-53.353355
MNG,Mongolia,Mongolia,2023,470337.11,0.5875061,12.325261
MNG,Mongolia,Mongolia,2024,443153.29,1.1377765,44.65696
MOZ,Mozambique,Mozambique,1961,641800,-0.3228666,76.91771
MOZ,Mozambique,Mozambique,1962,603000,-0.5053012,104.41232
MOZ,Mozambique,Mozambique,1963,653000,-0.95167273,55.255585
MOZ,Mozambique,Mozambique,1964,661000,-0.79209167,-163.88705
MOZ,Mozambique,Mozambique,1965,684000,-1.1687989,-91.80341
MOZ,Mozambique,Mozambique,1966,724000,-0.30987868,-152.20343
MOZ,Mozambique,Mozambique,1967,791624,-0.6253335,-21.814169
MOZ,Mozambique,Mozambique,1968,718758,-0.7641279,-68.552345
MOZ,Mozambique,Mozambique,1969,719867,-0.19217937,-11.834688
MOZ,Mozambique,Mozambique,1970,685874,-0.19681199,-130.85764
MOZ,Mozambique,Mozambique,1971,649343,-0.6407582,-41.606705
MOZ,Mozambique,Mozambique,1972,758000,-0.7699439,62.983387
MOZ,Mozambique,Mozambique,1973,900000,-0.48908758,-13.102611
MOZ,Mozambique,Mozambique,1974,801000,-1.0626367,218.18631
MOZ,Mozambique,Mozambique,1975,542000,-0.86572886,-89.36361
MOZ,Mozambique,Mozambique,1976,756000,-0.93189126,89.166084
MOZ,Mozambique,Mozambique,1977,738000,-0.36341128,81.365364
MOZ,Mozambique,Mozambique,1978,682000,-0.6772625,321.73755
MOZ,Mozambique,Mozambique,1979,621940,-0.5020887,-77.14514
MOZ,Mozambique,Mozambique,1980,663000,-0.5657131,-6.3173194
MOZ,Mozambique,Mozambique,1981,663000,-0.8797981,16.34768
MOZ,Mozambique,Mozambique,1982,633000,-0.5821007,37.91402
MOZ,Mozambique,Mozambique,1983,623000,0.20658271,-102.52786
MOZ,Mozambique,Mozambique,1984,665000,-0.61059076,81.766525
MOZ,Mozambique,Mozambique,1985,746000,-0.76707333,130.81857
MOZ,Mozambique,Mozambique,1986,829000,-0.71504354,93.050095
MOZ,Mozambique,Mozambique,1987,569000,0.08559624,-140.2952
MOZ,Mozambique,Mozambique,1988,562000,-0.2785298,-16.288948
MOZ,Mozambique,Mozambique,1989,607000,-0.55728644,212.6545
MOZ,Mozambique,Mozambique,1990,738050,-0.15572135,-145.5784
MOZ,Mozambique,Mozambique,1991,551080.44,-0.30357122,14.761164
MOZ,Mozambique,Mozambique,1992,244554.12,0.3934048,-240.63216
MOZ,Mozambique,Mozambique,1993,765216.14,-0.11780182,-31.544188
MOZ,Mozambique,Mozambique,1994,790926.67,-0.31667694,-144.53798
MOZ,Mozambique,Mozambique,1995,1126331.2,0.06678486,-95.93286
MOZ,Mozambique,Mozambique,1996,1378290.7,-0.36894894,67.14922
MOZ,Mozambique,Mozambique,1997,1529972.5,-0.36089167,238.57596
MOZ,Mozambique,Mozambique,1998,1687210.6,0.07061402,-13.255068
MOZ,Mozambique,Mozambique,1999,1813596.1,-0.5591464,131.33435
MOZ,Mozambique,Mozambique,2000,1587548,-0.59937525,315.07846
MOZ,Mozambique,Mozambique,2001,1507208,-0.10929123,129.80301
MOZ,Mozambique,Mozambique,2002,1423975,-0.020670256,-126.95455
MOZ,Mozambique,Mozambique,2003,1593462,-0.1254425,38.240467
MOZ,Mozambique,Mozambique,2004,1410611,-0.27371487,51.36299
MOZ,Mozambique,Mozambique,2005,1185536,0.45996937,-225.10362
MOZ,Mozambique,Mozambique,2006,1790998,0.021695614,0.9074253
MOZ,Mozambique,Mozambique,2007,1507597,0.008127849,149.38506
MOZ,Mozambique,Mozambique,2008,1513907,-0.18058889,-53.759804
MOZ,Mozambique,Mozambique,2009,2239000,-0.095160164,-80.36676
MOZ,Mozambique,Mozambique,2010,2669055,0.3416308,-16.956572
MOZ,Mozambique,Mozambique,2011,2790539,0.028536478,-74.98154
MOZ,Mozambique,Mozambique,2012,2702581,-0.008960724,-53.70637
MOZ,Mozambique,Mozambique,2013,1535308,-0.15036456,2.2305908
MOZ,Mozambique,Mozambique,2014,1822426,-0.11462577,53.15977
MOZ,Mozambique,Mozambique,2015,1502596,0.38165918,-37.813534
MOZ,Mozambique,Mozambique,2016,1530755,0.62394077,-124.1166
MOZ,Mozambique,Mozambique,2017,1548552,0.062303703,115.22877
MOZ,Mozambique,Mozambique,2018,1775517,0.2291177,-23.706541
MOZ,Mozambique,Mozambique,2019,1848259,0.5054739,129.19295
MOZ,Mozambique,Mozambique,2020,1986744,0.5119662,-93.04205
MOZ,Mozambique,Mozambique,2021,2216565,0.20384757,-57.062786
MOZ,Mozambique,Mozambique,2022,2832309,0.13489501,129.06667
MOZ,Mozambique,Mozambique,2023,2459322,0.5674122,192.70602
MOZ,Mozambique,Mozambique,2024,2656063,1.0030007,-167.61958
MRT,Mauritania,Mauritania,1961,91000,-0.68683165,-5.527878
MRT,Mauritania,Mauritania,1962,93200,-0.9307081,11.566759
MRT,Mauritania,Mauritania,1963,94595,-1.5498881,12.484472
MRT,Mauritania,Mauritania,1964,95000,-1.1049519,7.61273
MRT,Mauritania,Mauritania,1965,104750,-1.4635268,43.744225
MRT,Mauritania,Mauritania,1966,95100,-0.76503295,24.944136
MRT,Mauritania,Mauritania,1967,96530,-1.4242853,43.105698
MRT,Mauritania,Mauritania,1968,99964,-1.0988649,11.860093
MRT,Mauritania,Mauritania,1969,114957,-0.5468645,81.98243
MRT,Mauritania,Mauritania,1970,88630,-0.043881577,6.0394154
MRT,Mauritania,Mauritania,1971,55590,-1.316804,-3.631382
MRT,Mauritania,Mauritania,1972,43900,-1.3008142,2.893525
MRT,Mauritania,Mauritania,1973,29800,-0.76742095,-17.145508
MRT,Mauritania,Mauritania,1974,55310,-1.5859909,-0.9747061
MRT,Mauritania,Mauritania,1975,51660,-1.2975469,-2.309705
MRT,Mauritania,Mauritania,1976,44890,-2.0747197,10.785871
MRT,Mauritania,Mauritania,1977,29100,-0.7009115,-19.501488
MRT,Mauritania,Mauritania,1978,39430,-0.7495189,2.4672377
MRT,Mauritania,Mauritania,1979,37700,-0.3012193,25.466486
MRT,Mauritania,Mauritania,1980,47230,-0.38336706,6.457752
MRT,Mauritania,Mauritania,1981,59600,-0.31422663,10.293236
MRT,Mauritania,Mauritania,1982,61620,-1.1497688,-27.093767
MRT,Mauritania,Mauritania,1983,47640,0.40840164,-36.713943
MRT,Mauritania,Mauritania,1984,51840,-0.794288,-8.350134
MRT,Mauritania,Mauritania,1985,107850,-0.66727716,-10.32957
MRT,Mauritania,Mauritania,1986,126850,-1.2075676,6.6193647
MRT,Mauritania,Mauritania,1987,151790,0.70085317,-22.547571
MRT,Mauritania,Mauritania,1988,174256,-0.4599692,30.752337
MRT,Mauritania,Mauritania,1989,183734,-0.10879882,20.484093
MRT,Mauritania,Mauritania,1990,103443,0.067326866,-12.563966
MRT,Mauritania,Mauritania,1991,105125,-0.56823236,-6.6298704
MRT,Mauritania,Mauritania,1992,106573,-0.8015857,-22.918056
MRT,Mauritania,Mauritania,1993,168682,-0.7590291,1.5435618
MRT,Mauritania,Mauritania,1994,206867.73,-0.55653524,40.210133
MRT,Mauritania,Mauritania,1995,221643.67,-0.503074,32.33078
MRT,Mauritania,Mauritania,1996,234354.74,-0.18936491,-8.527972
MRT,Mauritania,Mauritania,1997,153762,-0.26362357,2.897452
MRT,Mauritania,Mauritania,1998,189507.46,0.2563119,7.2939386
MRT,Mauritania,Mauritania,1999,193940.37,-0.6088874,24.15436
MRT,Mauritania,Mauritania,2000,179686.96,-0.11538108,8.345163
MRT,Mauritania,Mauritania,2001,124159.18,0.46483994,-19.35001
MRT,Mauritania,Mauritania,2002,112767,-0.018698692,-26.142027
MRT,Mauritania,Mauritania,2003,180350,0.12551737,47.619823
MRT,Mauritania,Mauritania,2004,115017,-0.18383615,-17.42063
MRT,Mauritania,Mauritania,2005,170771,0.3299831,10.491799
MRT,Mauritania,Mauritania,2006,167333,-0.08702914,-6.647106
MRT,Mauritania,Mauritania,2007,182406,-0.19478257,-15.176403
MRT,Mauritania,Mauritania,2008,189537,-0.10562595,-6.2106223
MRT,Mauritania,Mauritania,2009,170503,0.14446704,-11.822377
MRT,Mauritania,Mauritania,2010,278473.41,1.2489349,28.974249
MRT,Mauritania,Mauritania,2011,199092.35,0.26062918,-20.625458
MRT,Mauritania,Mauritania,2012,343848.35,-0.23689032,12.203169
MRT,Mauritania,Mauritania,2013,311756.02,0.21421003,-1.0804136
MRT,Mauritania,Mauritania,2014,373295,0.14824057,-20.142183
MRT,Mauritania,Mauritania,2015,316152.29,0.34122705,14.736981
MRT,Mauritania,Mauritania,2016,309050,0.6897774,-3.5493917
MRT,Mauritania,Mauritania,2017,374733.3,0.64909744,-25.86099
MRT,Mauritania,Mauritania,2018,433522.22,-0.39702716,-10.967629
MRT,Mauritania,Mauritania,2019,352584.21,-0.2263306,-2.3390343
MRT,Mauritania,Mauritania,2020,411052.94,0.9427039,-5.3912334
MRT,Mauritania,Mauritania,2021,500873.58,0.965219,-34.758907
MRT,Mauritania,Mauritania,2022,544116.52,0.55808336,12.76405
MRT,Mauritania,Mauritania,2023,579977.53,0.9984452,-31.602396
MRT,Mauritania,Mauritania,2024,570226.68,1.0272064,1.6704121
MUS,Mauritius,Mauritius,1961,180,-0.31006828,304.7153
MUS,Mauritius,Mauritius,1962,203,-0.5562841,226.02696
MUS,Mauritius,Mauritius,1963,147,-0.7776758,-62.29813
MUS,Mauritius,Mauritius,1964,25,-0.69070053,297.0491
MUS,Mauritius,Mauritius,1965,296,-0.66865844,259.1425
MUS,Mauritius,Mauritius,1966,457,-0.3755088,-49.290592
MUS,Mauritius,Mauritius,1967,462,-0.23043156,270.10022
MUS,Mauritius,Mauritius,1968,494,-0.4963436,58.587307
MUS,Mauritius,Mauritius,1969,1275,0.10461426,194.90073
MUS,Mauritius,Mauritius,1970,1435,-0.22365601,365.6437
MUS,Mauritius,Mauritius,1971,1588,-0.40930524,8.014849
MUS,Mauritius,Mauritius,1972,1619,-0.024468899,629.3865
MUS,Mauritius,Mauritius,1973,1325,-0.011447589,101.46861
MUS,Mauritius,Mauritius,1974,2352,-0.66525793,154.70584
MUS,Mauritius,Mauritius,1975,1690,-0.36319208,67.54787
MUS,Mauritius,Mauritius,1976,2049,0.0013426145,27.78991
MUS,Mauritius,Mauritius,1977,1603,0.26971355,137.95158
MUS,Mauritius,Mauritius,1978,1341,0.01890421,-190.61958
MUS,Mauritius,Mauritius,1979,1209,0.20301978,114.95956
MUS,Mauritius,Mauritius,1980,891,0.07954407,342.11688
MUS,Mauritius,Mauritius,1981,1208,0.08254496,234.65862
MUS,Mauritius,Mauritius,1982,1385,-0.21847408,372.06256
MUS,Mauritius,Mauritius,1983,1340,-0.30477095,41.96982
MUS,Mauritius,Mauritius,1984,3540,-0.6993173,-250.4568
MUS,Mauritius,Mauritius,1985,5025,-0.58310336,188.4313
MUS,Mauritius,Mauritius,1986,8145,-0.5570612,185.43233
MUS,Mauritius,Mauritius,1987,3905,0.10186831,584.3142
MUS,Mauritius,Mauritius,1988,3807,0.0023584366,-32.90516
MUS,Mauritius,Mauritius,1989,2415,-0.34837326,204.54071
MUS,Mauritius,Mauritius,1990,2284,-0.31446996,-140.66322
MUS,Mauritius,Mauritius,1991,2130,-0.24710862,-126.29644
MUS,Mauritius,Mauritius,1992,2000,-0.73312616,-84.114914
MUS,Mauritius,Mauritius,1993,1816,-0.6419681,-93.08802
MUS,Mauritius,Mauritius,1994,880,-0.3016982,-260.4244
MUS,Mauritius,Mauritius,1995,289,-0.38953814,541.412
MUS,Mauritius,Mauritius,1996,438,-0.5968248,-78.96618
MUS,Mauritius,Mauritius,1997,232,-0.42983308,-128.91634
MUS,Mauritius,Mauritius,1998,259,-0.1496679,-147.92561
MUS,Mauritius,Mauritius,1999,201,-0.42997757,-462.43942
MUS,Mauritius,Mauritius,2000,623,-0.62562674,-68.5394
MUS,Mauritius,Mauritius,2001,389,-0.20905478,-113.89207
MUS,Mauritius,Mauritius,2002,295,0.07662503,10.61318
MUS,Mauritius,Mauritius,2003,177,0.41190687,-45.640995
MUS,Mauritius,Mauritius,2004,369,0.14418507,88.856445
MUS,Mauritius,Mauritius,2005,475,0.17323287,117.41254
MUS,Mauritius,Mauritius,2006,452,0.24501006,46.40364
MUS,Mauritius,Mauritius,2007,1021,-0.042177677,28.529844
MUS,Mauritius,Mauritius,2008,460,-0.13466375,174.24144
MUS,Mauritius,Mauritius,2009,112,0.2784845,149.96013
MUS,Mauritius,Mauritius,2010,328,0.36820364,-157.01315
MUS,Mauritius,Mauritius,2011,636,0.24548404,-159.79875
MUS,Mauritius,Mauritius,2012,1244,0.083911896,-163.54388
MUS,Mauritius,Mauritius,2013,1278,0.24816132,-41.225002
MUS,Mauritius,Mauritius,2014,1811,0.52179605,102.42344
MUS,Mauritius,Mauritius,2015,1108,0.5643485,286.50702
MUS,Mauritius,Mauritius,2016,767,0.23707183,-105.58401
MUS,Mauritius,Mauritius,2017,602,0.45481524,143.45264
MUS,Mauritius,Mauritius,2018,406,0.32880688,439.7905
MUS,Mauritius,Mauritius,2019,516,0.630387,-7.8455353
MUS,Mauritius,Mauritius,2020,778,-0.08116595,115.65134
MUS,Mauritius,Mauritius,2021,1106,0.19074042,-100.76048
MUS,Mauritius,Mauritius,2022,823.1,-0.2210563,-4.00127
MUS,Mauritius,Mauritius,2023,1501.5,0.5368171,341.7655
MUS,Mauritius,Mauritius,2024,1288.9,0.3671368,44.1055
MWI,Malawi,Malawi,1961,864554,-0.7120597,401.41965
MWI,Malawi,Malawi,1962,899751,-0.6001404,118.59419
MWI,Malawi,Malawi,1963,780781,-0.84267455,261.49786
MWI,Malawi,Malawi,1964,967017,-0.819102,-191.35435
MWI,Malawi,Malawi,1965,950943,-1.2311969,-64.24025
MWI,Malawi,Malawi,1966,1021611,-0.41368786,-109.54048
MWI,Malawi,Malawi,1967,1342764,-0.7413373,5.574463
MWI,Malawi,Malawi,1968,1168730,-0.706322,-41.584824
MWI,Malawi,Malawi,1969,1145565,-0.2544403,-89.47416
MWI,Malawi,Malawi,1970,995286,-0.43649817,-13.772742
MWI,Malawi,Malawi,1971,1362665,-0.86812085,22.38741
MWI,Malawi,Malawi,1972,1451555,-0.6480325,119.97971
MWI,Malawi,Malawi,1973,1446611,-0.409362,-87.31561
MWI,Malawi,Malawi,1974,1441544,-1.0325294,330.17426
MWI,Malawi,Malawi,1975,1177635,-0.7158721,-129.36186
MWI,Malawi,Malawi,1976,1293919,-0.85825425,75.89346
MWI,Malawi,Malawi,1977,1526407,-0.23682149,122.43388
MWI,Malawi,Malawi,1978,1542500,-0.6143972,538.4219
MWI,Malawi,Malawi,1979,1464500,-0.5341881,100.75429
MWI,Malawi,Malawi,1980,1251500,-0.5643185,95.02601
MWI,Malawi,Malawi,1981,1307688,-0.659756,-76.94904
MWI,Malawi,Malawi,1982,1482700,-0.597764,235.60521
MWI,Malawi,Malawi,1983,1404504,0.30708218,-68.76528
MWI,Malawi,Malawi,1984,1457065,-0.5089493,128.38423
MWI,Malawi,Malawi,1985,1422875,-0.86312884,172.2029
MWI,Malawi,Malawi,1986,1363545,-0.7521145,320.8684
MWI,Malawi,Malawi,1987,1255066,0.16781187,-207.6903
MWI,Malawi,Malawi,1988,1491655,-0.17251952,-1.0796347
MWI,Malawi,Malawi,1989,1587917,-0.61403304,447.18613
MWI,Malawi,Malawi,1990,1413293,0.018943628,-213.25348
MWI,Malawi,Malawi,1991,1679752,-0.30416632,54.125004
MWI,Malawi,Malawi,1992,688786,0.2944592,-317.64835
MWI,Malawi,Malawi,1993,2137147,-0.09221824,-91.572624
MWI,Malawi,Malawi,1994,1107716,-0.06727394,-188.93102
MWI,Malawi,Malawi,1995,1773119,0.26187944,-168.33214
MWI,Malawi,Malawi,1996,1943377,-0.12152418,-7.4232073
MWI,Malawi,Malawi,1997,1474809,-0.16379578,285.6344
MWI,Malawi,Malawi,1998,1904024,0.18119828,-172.16916
MWI,Malawi,Malawi,1999,2635519,-0.5046814,5.745042
MWI,Malawi,Malawi,2000,2631034,-0.48625183,192.2782
MWI,Malawi,Malawi,2001,1865675,-0.11626673,-3.515687
MWI,Malawi,Malawi,2002,1710577,-0.13579337,29.036972
MWI,Malawi,Malawi,2003,2143179,-0.22917955,27.615541
MWI,Malawi,Malawi,2004,1717993,-0.4802774,110.37233
MWI,Malawi,Malawi,2005,1302379,0.31477085,-348.75775
MWI,Malawi,Malawi,2006,2786281,-0.20994537,117.18265
MWI,Malawi,Malawi,2007,3440138,-0.20049445,153.20122
MWI,Malawi,Malawi,2008,2845840,-0.46952295,12.410975
MWI,Malawi,Malawi,2009,3807971,-0.22323799,18.629196
MWI,Malawi,Malawi,2010,3610283,0.18210666,-19.359064
MWI,Malawi,Malawi,2011,3924971,0.06647714,-63.250347
MWI,Malawi,Malawi,2012,3832659,-0.010937055,37.367317
MWI,Malawi,Malawi,2013,3892310,0.11194643,12.61772
MWI,Malawi,Malawi,2014,4246674,0.17234819,7.741644
MWI,Malawi,Malawi,2015,3001731,0.4906257,-86.35186
MWI,Malawi,Malawi,2016,2531749,0.57319146,-131.46243
MWI,Malawi,Malawi,2017,3711454,0.25733104,162.3782
MWI,Malawi,Malawi,2018,2925168,0.18277137,106.70542
MWI,Malawi,Malawi,2019,3703148,0.33252606,269.21347
MWI,Malawi,Malawi,2020,4028211.5,0.39393535,-3.4816442
MWI,Malawi,Malawi,2021,4896942,0.19005235,-65.85977
MWI,Malawi,Malawi,2022,4010714,-0.12130228,305.18735
MWI,Malawi,Malawi,2023,3810291,0.63065386,262.533
MWI,Malawi,Malawi,2024,3279465.2,0.6648159,-13.722059
MYS,Malaysia,Malaysia,1961,1097075,-0.9033742,-526.16675
MYS,Malaysia,Malaysia,1962,1133343,-0.99534464,-23.99862
MYS,Malaysia,Malaysia,1963,1205214,-0.90585375,-239.18573
MYS,Malaysia,Malaysia,1964,1121782,-0.86449987,-176.11989
MYS,Malaysia,Malaysia,1965,1265608,-1.1425294,-298.43576
MYS,Malaysia,Malaysia,1966,1236617,-1.2813506,414.50952
MYS,Malaysia,Malaysia,1967,1217718,-1.2232839,-128.05719
MYS,Malaysia,Malaysia,1968,1448255,-1.0582296,-202.44266
MYS,Malaysia,Malaysia,1969,1607152,-0.8172488,23.551247
MYS,Malaysia,Malaysia,1970,1697623,-0.8702574,94.33916
MYS,Malaysia,Malaysia,1971,1829005,-1.1950507,-96.70841
MYS,Malaysia,Malaysia,1972,1852324,-0.80945855,-391.72684
MYS,Malaysia,Malaysia,1973,1995463,-0.6066802,-13.671686
MYS,Malaysia,Malaysia,1974,2118257,-1.0525001,-260.02386
MYS,Malaysia,Malaysia,1975,2011318,-0.98092955,-156.99716
MYS,Malaysia,Malaysia,1976,2020500,-0.9512488,-332.11343
MYS,Malaysia,Malaysia,1977,1916000,-0.69249517,-204.53142
MYS,Malaysia,Malaysia,1978,1509900,-0.48173285,-333.67053
MYS,Malaysia,Malaysia,1979,2103000,-0.39850616,-203.22351
MYS,Malaysia,Malaysia,1980,2052604,-0.44787613,-186.56477
MYS,Malaysia,Malaysia,1981,2027900,-0.4601461,-329.68796
MYS,Malaysia,Malaysia,1982,1892604,-0.50722265,-496.64536
MYS,Malaysia,Malaysia,1983,1754325,-0.12241125,-318.94336
MYS,Malaysia,Malaysia,1984,1593674,-0.8933738,357.83908
MYS,Malaysia,Malaysia,1985,1770367,-0.692976,-111.60284
MYS,Malaysia,Malaysia,1986,1744215,-0.6025157,-85.20164
MYS,Malaysia,Malaysia,1987,1656699,-0.24467881,-82.235275
MYS,Malaysia,Malaysia,1988,1728239,-0.36093935,293.25137
MYS,Malaysia,Malaysia,1989,1777444,-0.6143686,-114.60939
MYS,Malaysia,Malaysia,1990,1919984,-0.2514259,-374.69986
MYS,Malaysia,Malaysia,1991,1926354,-0.4022851,0.38912868
MYS,Malaysia,Malaysia,1992,2012732,-0.4314742,-387.46985
MYS,Malaysia,Malaysia,1993,2104447,-0.4755354,-17.40837
MYS,Malaysia,Malaysia,1994,2138788,-0.354009,-81.198
MYS,Malaysia,Malaysia,1995,2127271,-0.30027246,287.1097
MYS,Malaysia,Malaysia,1996,2228489,-0.39976454,201.4907
MYS,Malaysia,Malaysia,1997,2119615,-0.20604913,-372.7547
MYS,Malaysia,Malaysia,1998,1944240,0.48377466,-110.18067
MYS,Malaysia,Malaysia,1999,2036641,-0.37667957,227.57593
MYS,Malaysia,Malaysia,2000,2140800,-0.24594815,71.299164
MYS,Malaysia,Malaysia,2001,2094995,-0.17031574,96.714745
MYS,Malaysia,Malaysia,2002,2197351,0.097561836,-571.00366
MYS,Malaysia,Malaysia,2003,2257000,-0.020161629,-302.85797
MYS,Malaysia,Malaysia,2004,2264000,0.0036551158,-530.939
MYS,Malaysia,Malaysia,2005,2314000,0.15822299,-416.589
MYS,Malaysia,Malaysia,2006,2187000,-0.10014597,52.15822
MYS,Malaysia,Malaysia,2007,2375000,-0.11808157,388.0276
MYS,Malaysia,Malaysia,2008,2353000,-0.3124396,625.8169
MYS,Malaysia,Malaysia,2009,2511043,0.058842022,29.676003
MYS,Malaysia,Malaysia,2010,2464830,0.2637205,223.53302
MYS,Malaysia,Malaysia,2011,2575988,-0.10801029,241.53781
MYS,Malaysia,Malaysia,2012,2599382,-0.035161495,276.4324
MYS,Malaysia,Malaysia,2013,2603654,0.12038279,212.62746
MYS,Malaysia,Malaysia,2014,2844983,0.08141327,-41.978104
MYS,Malaysia,Malaysia,2015,2741404,0.31094027,-205.47011
MYS,Malaysia,Malaysia,2016,2739606,0.75983495,-158.68666
MYS,Malaysia,Malaysia,2017,2570513,0.27453503,364.45004
MYS,Malaysia,Malaysia,2018,2639202,0.32621798,16.46095
MYS,Malaysia,Malaysia,2019,2352870,0.6228344,-369.69406
MYS,Malaysia,Malaysia,2020,2356391.9,0.4944024,250.93042
MYS,Malaysia,Malaysia,2021,2442070.8,0.19860204,267.7689
MYS,Malaysia,Malaysia,2022,2282576,0.11286545,551.64374
MYS,Malaysia,Malaysia,2023,2175717,0.5606961,263.17523
MYS,Malaysia,Malaysia,2024,2104277.2,0.9048068,440.81427
NAM,Namibia,Namibia,1961,35592,-0.78642297,-70.60746
NAM,Namibia,Namibia,1962,37068,-0.6502077,-96.51967
NAM,Namibia,Namibia,1963,37208,-1.3073082,171.8121
NAM,Namibia,Namibia,1964,39600,-0.9851801,-141.06943
NAM,Namibia,Namibia,1965,43900,-1.0248705,-91.11076
NAM,Namibia,Namibia,1966,46000,-0.65097624,-18.288185
NAM,Namibia,Namibia,1967,48200,-1.3757544,112.8447
NAM,Namibia,Namibia,1968,51400,-1.1087276,-94.68651
NAM,Namibia,Namibia,1969,52700,-0.7346423,-24.193357
NAM,Namibia,Namibia,1970,52900,-0.42230806,-70.57864
NAM,Namibia,Namibia,1971,55100,-0.97469467,-4.4963717
NAM,Namibia,Namibia,1972,56300,-0.7928684,-2.9768143
NAM,Namibia,Namibia,1973,58500,-0.4421064,-76.17712
NAM,Namibia,Namibia,1974,59800,-2.072773,152.86488
NAM,Namibia,Namibia,1975,63000,-1.0167621,-86.23914
NAM,Namibia,Namibia,1976,63200,-1.7958736,89.36341
NAM,Namibia,Namibia,1977,67400,-1.0495486,14.481017
NAM,Namibia,Namibia,1978,68600,-1.4677495,-31.08132
NAM,Namibia,Namibia,1979,71000,-0.8447783,-15.50625
NAM,Namibia,Namibia,1980,73700,-0.7234852,-73.28927
NAM,Namibia,Namibia,1981,75400,-0.9535088,-150.4152
NAM,Namibia,Namibia,1982,78100,-0.6784849,-53.031033
NAM,Namibia,Namibia,1983,83800,-0.29536915,-83.747894
NAM,Namibia,Namibia,1984,87500,-0.1917247,-81.68301
NAM,Namibia,Namibia,1985,62900,-0.6689546,-17.210249
NAM,Namibia,Namibia,1986,81129,-0.42385864,37.36493
NAM,Namibia,Namibia,1987,69239,0.07337332,-50.284187
NAM,Namibia,Namibia,1988,83383,-0.30902562,49.689297
NAM,Namibia,Namibia,1989,96757,-0.5722303,-38.101116
NAM,Namibia,Namibia,1990,97948,-0.10094889,13.864512
NAM,Namibia,Namibia,1991,114785,-0.69308466,86.88328
NAM,Namibia,Namibia,1992,31031,-0.012042682,-160.08032
NAM,Namibia,Namibia,1993,74900,-0.08786273,19.958021
NAM,Namibia,Namibia,1994,116234,-0.35493326,-57.663338
NAM,Namibia,Namibia,1995,70885,0.050013304,-101.97013
NAM,Namibia,Namibia,1996,89320,-0.6320999,-81.01545
NAM,Namibia,Namibia,1997,157984,-0.514499,65.39432
NAM,Namibia,Namibia,1998,121180,0.5993154,-91.52599
NAM,Namibia,Namibia,1999,73899,-0.015124719,17.314228
NAM,Namibia,Namibia,2000,120979,-0.5835747,8.106495
NAM,Namibia,Namibia,2001,121744,-0.6380615,49.92835
NAM,Namibia,Namibia,2002,87998,-0.15275104,-28.481756
NAM,Namibia,Namibia,2003,97334,0.22314398,-68.87411
NAM,Namibia,Namibia,2004,127535,-0.064247526,48.265457
NAM,Namibia,Namibia,2005,129138,0.4413418,-10.252488
NAM,Namibia,Namibia,2006,186008.3,-0.92064506,235.84108
NAM,Namibia,Namibia,2007,116183,0.16656978,-151.09091
NAM,Namibia,Namibia,2008,112580,-0.2712326,96.7948
NAM,Namibia,Namibia,2009,111738,-0.24561898,78.52133
NAM,Namibia,Namibia,2010,118357.63,0.051578205,77.54659
NAM,Namibia,Namibia,2011,118338.71,-1.1439623,306.3634
NAM,Namibia,Namibia,2012,165800,-0.43762898,61.19245
NAM,Namibia,Namibia,2013,86599.74,0.4089291,-105.18784
NAM,Namibia,Namibia,2014,111718.32,-0.21430056,28.900085
NAM,Namibia,Namibia,2015,113528.8,0.73375875,-108.85043
NAM,Namibia,Namibia,2016,74368,1.1312498,-98.35641
NAM,Namibia,Namibia,2017,137559,0.33919916,75.452484
NAM,Namibia,Namibia,2018,152898,0.6396881,-56.123604
NAM,Namibia,Namibia,2019,61400,1.6978159,-154.84254
NAM,Namibia,Namibia,2020,169575,0.49906278,17.85295
NAM,Namibia,Namibia,2021,153028,-0.24745584,98.33663
NAM,Namibia,Namibia,2022,168181,0.06223178,-25.51468
NAM,Namibia,Namibia,2023,121305,0.69126195,-147.09294
NAM,Namibia,Namibia,2024,61229,1.2846528,-162.48462
NCL,New Caledonia,New Caledonia,1961,1380,-0.9910647,352.92664
NCL,New Caledonia,New Caledonia,1962,1380,-0.8984501,782.2294
NCL,New Caledonia,New Caledonia,1963,1380,-1.1142759,-243.56541
NCL,New Caledonia,New Caledonia,1964,1680,-0.5459382,-22.847591
NCL,New Caledonia,New Caledonia,1965,1380,-1.4445909,122.49712
NCL,New Caledonia,New Caledonia,1966,1480,-1.5500937,-194.39912
NCL,New Caledonia,New Caledonia,1967,1080,-0.8265271,922.7285
NCL,New Caledonia,New Caledonia,1968,1066,-0.952775,-295.82806
NCL,New Caledonia,New Caledonia,1969,1087,-0.82471246,158.49971
NCL,New Caledonia,New Caledonia,1970,1280,-0.32935286,7.3233213
NCL,New Caledonia,New Caledonia,1971,1100,-0.4961052,205.73413
NCL,New Caledonia,New Caledonia,1972,1130,-0.99950534,254.2564
NCL,New Caledonia,New Caledonia,1973,1147,0.21392219,-367.90442
NCL,New Caledonia,New Caledonia,1974,1097,-0.47516108,241.811
NCL,New Caledonia,New Caledonia,1975,1068,-0.25528875,573.1724
NCL,New Caledonia,New Caledonia,1976,736,-0.5589137,549.3168
NCL,New Caledonia,New Caledonia,1977,627,-0.93212336,-236.65652
NCL,New Caledonia,New Caledonia,1978,1241,-0.7280976,-237.96352
NCL,New Caledonia,New Caledonia,1979,1790,-0.608905,-76.73745
NCL,New Caledonia,New Caledonia,1980,3225,-0.28789315,-173.88028
NCL,New Caledonia,New Caledonia,1981,3005,-0.217786,28.969315
NCL,New Caledonia,New Caledonia,1982,3050,-0.62600136,-95.99286
NCL,New Caledonia,New Caledonia,1983,2349,0.06181717,-315.09036
NCL,New Caledonia,New Caledonia,1984,1224,-0.08871397,143.33713
NCL,New Caledonia,New Caledonia,1985,2495,-0.32529974,283.35706
NCL,New Caledonia,New Caledonia,1986,1947,-0.3567287,-54.68446
NCL,New Caledonia,New Caledonia,1987,692,-0.31655884,-544.9199
NCL,New Caledonia,New Caledonia,1988,999,0.5038543,517.3909
NCL,New Caledonia,New Caledonia,1989,792,-0.25712237,876.2147
NCL,New Caledonia,New Caledonia,1990,1244,-0.047133923,222.00513
NCL,New Caledonia,New Caledonia,1991,690,-0.4434363,-277.9437
NCL,New Caledonia,New Caledonia,1992,808,-0.43698707,-160.25667
NCL,New Caledonia,New Caledonia,1993,450,-0.4660937,-626.72815
NCL,New Caledonia,New Caledonia,1994,497,-0.6947336,-391.8654
NCL,New Caledonia,New Caledonia,1995,1018,0.28334698,-368.0747
NCL,New Caledonia,New Caledonia,1996,1894,0.14714622,308.8383
NCL,New Caledonia,New Caledonia,1997,1878,-0.12137286,-261.26807
NCL,New Caledonia,New Caledonia,1998,2029,0.9332482,116.11687
NCL,New Caledonia,New Caledonia,1999,2219,-0.07228645,748.71765
NCL,New Caledonia,New Caledonia,2000,4795,-0.35813156,50.324226
NCL,New Caledonia,New Caledonia,2001,4726,-0.14505847,-15.696025
NCL,New Caledonia,New Caledonia,2002,3994,0.10799917,-38.112755
NCL,New Caledonia,New Caledonia,2003,6084,-0.020172277,-167.53418
NCL,New Caledonia,New Caledonia,2004,5312,0.0074251494,-157.406
NCL,New Caledonia,New Caledonia,2005,6290,-0.050943535,48.881847
NCL,New Caledonia,New Caledonia,2006,3956,-0.23379564,-130.30368
NCL,New Caledonia,New Caledonia,2007,5781,0.3432552,-89.49918
NCL,New Caledonia,New Caledonia,2008,4203,0.19308408,349.50168
NCL,New Caledonia,New Caledonia,2009,2664,-0.21829319,342.9933
NCL,New Caledonia,New Caledonia,2010,3335,0.61180526,-185.1884
NCL,New Caledonia,New Caledonia,2011,2597,0.03849538,742.8145
NCL,New Caledonia,New Caledonia,2012,4198,-0.14300235,344.4683
NCL,New Caledonia,New Caledonia,2013,4386,-0.21543884,380.21033
NCL,New Caledonia,New Caledonia,2014,4815,-0.052360218,-84.85156
NCL,New Caledonia,New Caledonia,2015,7074.58,-0.012979507,-54.114098
NCL,New Caledonia,New Caledonia,2016,8782.7,0.626798,-110.37214
NCL,New Caledonia,New Caledonia,2017,9590.73,0.2266016,-147.20988
NCL,New Caledonia,New Caledonia,2018,10308.7,-0.17577076,217.11357
NCL,New Caledonia,New Caledonia,2019,8951,-0.011444569,-401.15878
NCL,New Caledonia,New Caledonia,2020,10124.6,0.35311285,17.60281
NCL,New Caledonia,New Caledonia,2021,7501.5,0.23694961,755.2971
NCL,New Caledonia,New Caledonia,2022,4247,0.97323847,1088.2887
NCL,New Caledonia,New Caledonia,2023,3614.2,-0.13599713,-32.787365
NCL,New Caledonia,New Caledonia,2024,7355.27,0.5602142,75.646194
NER,Niger,Niger,1961,1064534,-2.324864,19.150042
NER,Niger,Niger,1962,1269397,-1.2882489,86.4135
NER,Niger,Niger,1963,1336449,-0.8229372,51.90516
NER,Niger,Niger,1964,1345929,-1.4447393,39.446537
NER,Niger,Niger,1965,1070392,-1.3107847,21.570047
NER,Niger,Niger,1966,1142666,-0.9943692,1.6561089
NER,Niger,Niger,1967,1378187,-1.5609194,118.31029
NER,Niger,Niger,1968,989433,-0.9970897,36.91358
NER,Niger,Niger,1969,1424953,-0.005891005,56.38937
NER,Niger,Niger,1970,1140650,-0.9613226,4.2940803
NER,Niger,Niger,1971,1255710,-0.79116887,19.879152
NER,Niger,Niger,1972,1162245,-0.27314615,-9.119184
NER,Niger,Niger,1973,803477,-0.589911,-9.818381
NER,Niger,Niger,1974,1137773,-1.300922,18.54357
NER,Niger,Niger,1975,870820,-1.2647551,24.159536
NER,Niger,Niger,1976,1348600,-0.765474,17.938684
NER,Niger,Niger,1977,1507400,-1.6107017,37.278946
NER,Niger,Niger,1978,1537562,-0.5506918,56.817303
NER,Niger,Niger,1979,1642628,-0.4741443,2.4598725
NER,Niger,Niger,1980,1775000,-0.4034667,18.100906
NER,Niger,Niger,1981,1688000,-1.1113023,-2.568334
NER,Niger,Niger,1982,1704213,-0.90621203,-15.82276
NER,Niger,Niger,1983,1721945,-1.0254005,-30.83742
NER,Niger,Niger,1984,1070306,-0.8336034,-42.078068
NER,Niger,Niger,1985,1848576,-0.9646004,-3.9480717
NER,Niger,Niger,1986,1834229,-0.5064764,-9.36859
NER,Niger,Niger,1987,1439055,-0.30281338,-21.285446
NER,Niger,Niger,1988,2389287,-0.5599821,38.12328
NER,Niger,Niger,1989,1839930,-1.3226782,-1.9722574
NER,Niger,Niger,1990,2135448,-0.25901493,-24.603304
NER,Niger,Niger,1991,2197164.4,-0.51628304,15.032965
NER,Niger,Niger,1992,2332800,-1.2205418,-2.5779364
NER,Niger,Niger,1993,2267300,-0.48813057,-29.874374
NER,Niger,Niger,1994,1864700,-0.94967014,26.53661
NER,Niger,Niger,1995,2246328,-0.2891868,-6.539908
NER,Niger,Niger,1996,2089056,-0.22201188,-37.73902
NER,Niger,Niger,1997,1850285,-0.25665316,-13.130897
NER,Niger,Niger,1998,2977968,-0.16625531,36.739983
NER,Niger,Niger,1999,2843740,-0.5651695,59.768696
NER,Niger,Niger,2000,2126435,-0.744065,-21.21066
NER,Niger,Niger,2001,3110006,-0.40448013,-16.828436
NER,Niger,Niger,2002,3324123,-0.15438843,-9.767455
NER,Niger,Niger,2003,3368540,0.042752106,-0.23897122
NER,Niger,Niger,2004,2684260.1,0.1126585,-35.062973
NER,Niger,Niger,2005,3667114.4,0.38058123,-3.8190784
NER,Niger,Niger,2006,4028571,0.030317465,-19.302141
NER,Niger,Niger,2007,3847038,-0.031566303,-3.3037026
NER,Niger,Niger,2008,4883823,-0.4878602,-19.251276
NER,Niger,Niger,2009,3507975.6,0.7240904,-27.663986
NER,Niger,Niger,2010,5264113.3,1.1652555,27.6723
NER,Niger,Niger,2011,3619099,0.4123117,-22.32367
NER,Niger,Niger,2012,5334840,0.31181702,11.485892
NER,Niger,Niger,2013,4361285.4,0.50455457,-10.616322
NER,Niger,Niger,2014,4915346.3,0.42610884,1.6121012
NER,Niger,Niger,2015,5464508.6,-0.09632269,8.741706
NER,Niger,Niger,2016,5852503.5,0.89996785,13.819288
NER,Niger,Niger,2017,5899763.5,0.053158283,15.265922
NER,Niger,Niger,2018,6100262.3,0.64680004,16.82422
NER,Niger,Niger,2019,5339053.1,0.43761715,36.00101
NER,Niger,Niger,2020,5775124.3,0.44460297,9.750105
NER,Niger,Niger,2021,3504464.9,0.72120285,-32.664204
NER,Niger,Niger,2022,5962437.7,-0.11872514,-11.071581
NER,Niger,Niger,2023,5062273.5,0.9077794,-32.037487
NER,Niger,Niger,2024,5965898.5,0.6004078,100.19375
NGA,Nigeria,Nigeria,1961,7891000,-0.9000098,-161.10832
NGA,Nigeria,Nigeria,1962,8324000,-0.76200277,-31.434423
NGA,Nigeria,Nigeria,1963,8203000,-0.40406212,-92.64017
NGA,Nigeria,Nigeria,1964,8105000,-0.32721424,-319.85406
NGA,Nigeria,Nigeria,1965,8413000,-0.4550549,-207.13538
NGA,Nigeria,Nigeria,1966,6140000,-0.3127354,-180.67989
NGA,Nigeria,Nigeria,1967,7375000,-0.8358261,81.2819
NGA,Nigeria,Nigeria,1968,7408000,-0.8029289,130.96053
NGA,Nigeria,Nigeria,1969,8799000,-0.5058586,146.20123
NGA,Nigeria,Nigeria,1970,8981000,-0.5234496,11.494101
NGA,Nigeria,Nigeria,1971,8328000,-0.6907368,70.8346
NGA,Nigeria,Nigeria,1972,5809000,-0.4080275,-9.139378
NGA,Nigeria,Nigeria,1973,8243000,0.06705507,6.230551
NGA,Nigeria,Nigeria,1974,10285000,-0.9260867,75.028854
NGA,Nigeria,Nigeria,1975,8348000,-1.0978894,81.61698
NGA,Nigeria,Nigeria,1976,7161000,-0.8912487,53.589092
NGA,Nigeria,Nigeria,1977,6957000,-0.59425133,-100.65205
NGA,Nigeria,Nigeria,1978,6004000,-0.7393851,105.46629
NGA,Nigeria,Nigeria,1979,6439000,-0.42688036,133.80507
NGA,Nigeria,Nigeria,1980,7788000,-0.35024643,229.39215
NGA,Nigeria,Nigeria,1981,8053000,-0.6500152,38.80099
NGA,Nigeria,Nigeria,1982,8468000,-0.5026948,-16.289494
NGA,Nigeria,Nigeria,1983,8828000,-0.19491561,-224.00934
NGA,Nigeria,Nigeria,1984,10503000,-0.2384526,-52.22978
NGA,Nigeria,Nigeria,1985,11889000,-0.4702913,98.312035
NGA,Nigeria,Nigeria,1986,14661322,-0.28751817,0.4783156
NGA,Nigeria,Nigeria,1987,15917000,0.3005983,-29.88328
NGA,Nigeria,Nigeria,1988,16560000,-0.25946984,201.86426
NGA,Nigeria,Nigeria,1989,18007000,-0.8225152,-2.8673983
NGA,Nigeria,Nigeria,1990,17678000,-0.037371475,-41.628563
NGA,Nigeria,Nigeria,1991,18615000,-0.36455026,90.965576
NGA,Nigeria,Nigeria,1992,19597000,-0.8183236,15.429382
NGA,Nigeria,Nigeria,1993,20090600,-0.24917476,-49.39062
NGA,Nigeria,Nigeria,1994,20373200,-0.57370394,202.95653
NGA,Nigeria,Nigeria,1995,22512600,-0.35662317,79.020645
NGA,Nigeria,Nigeria,1996,21665000,-0.24206765,10.896345
NGA,Nigeria,Nigeria,1997,21853000,-0.2708907,-11.526228
NGA,Nigeria,Nigeria,1998,22040000,0.34672007,7.3574305
NGA,Nigeria,Nigeria,1999,22405000,-0.164258,152.08127
NGA,Nigeria,Nigeria,2000,21370000,-0.39900604,-57.367867
NGA,Nigeria,Nigeria,2001,20090000,-0.3368527,-92.63213
NGA,Nigeria,Nigeria,2002,21373000,-0.20084572,-37.93433
NGA,Nigeria,Nigeria,2003,22736000,0.015084584,-82.47428
NGA,Nigeria,Nigeria,2004,24321000,0.08555778,-90.18452
NGA,Nigeria,Nigeria,2005,26031000,0.45596376,-101.35068
NGA,Nigeria,Nigeria,2006,28864000,0.40202045,-81.19445
NGA,Nigeria,Nigeria,2007,27171000,-0.046630066,-50.64477
NGA,Nigeria,Nigeria,2008,30209000,-0.24394019,-2.4040866
NGA,Nigeria,Nigeria,2009,21267630,0.4441328,-54.02892
NGA,Nigeria,Nigeria,2010,24650297,0.68941087,37.004887
NGA,Nigeria,Nigeria,2011,20699526,0.18737333,-104.65327
NGA,Nigeria,Nigeria,2012,21427122,-0.054862976,103.47298
NGA,Nigeria,Nigeria,2013,20612563,0.20300801,-36.37018
NGA,Nigeria,Nigeria,2014,26383664,0.05318133,86.18844
NGA,Nigeria,Nigeria,2015,26069496,0.21944141,-59.33998
NGA,Nigeria,Nigeria,2016,27531583,0.34921598,89.173454
NGA,Nigeria,Nigeria,2017,27102165,0.33097425,-37.54269
NGA,Nigeria,Nigeria,2018,28190605,0.14992888,-9.326408
NGA,Nigeria,Nigeria,2019,29797189,0.19188373,173.5102
NGA,Nigeria,Nigeria,2020,29211452,0.19783704,-89.69171
NGA,Nigeria,Nigeria,2021,29860719,0.43889174,-201.59106
NGA,Nigeria,Nigeria,2022,30314054,-0.09078503,-97.15819
NGA,Nigeria,Nigeria,2023,28048997,0.58413535,-114.17918
NGA,Nigeria,Nigeria,2024,28473079,0.70471764,-106.74226
NIC,Nicaragua,Nicaragua,1961,228822,-0.6501274,-179.17259
NIC,Nicaragua,Nicaragua,1962,235838,-0.7760623,-41.820126
NIC,Nicaragua,Nicaragua,1963,230178,-0.4933982,-38.650963
NIC,Nicaragua,Nicaragua,1964,253631,-0.28245068,-207.37405
NIC,Nicaragua,Nicaragua,1965,271200,-0.34586653,-169.55005
NIC,Nicaragua,Nicaragua,1966,288100,-0.32144642,94.38649
NIC,Nicaragua,Nicaragua,1967,322000,-0.4482514,-167.5206
NIC,Nicaragua,Nicaragua,1968,358400,-0.7186591,121.52727
NIC,Nicaragua,Nicaragua,1969,359483,-0.15181144,248.06618
NIC,Nicaragua,Nicaragua,1970,377739,-0.6560545,282.44562
NIC,Nicaragua,Nicaragua,1971,376284,-0.77971554,47.522423
NIC,Nicaragua,Nicaragua,1972,245162,-0.26531744,-7.392106
NIC,Nicaragua,Nicaragua,1973,313877,-0.42500544,18.176094
NIC,Nicaragua,Nicaragua,1974,334885,-0.91144675,-63.674892
NIC,Nicaragua,Nicaragua,1975,343959,-0.65960664,144.1744
NIC,Nicaragua,Nicaragua,1976,312921,-0.69316816,-113.33585
NIC,Nicaragua,Nicaragua,1977,300313,-0.22859924,-275.06473
NIC,Nicaragua,Nicaragua,1978,403198,-0.3062671,34.527332
NIC,Nicaragua,Nicaragua,1979,350011,-0.31350103,88.255516
NIC,Nicaragua,Nicaragua,1980,381765,-0.32503542,58.593235
NIC,Nicaragua,Nicaragua,1981,445682,-0.5460641,147.81659
NIC,Nicaragua,Nicaragua,1982,450643,-0.34398603,120.79779
NIC,Nicaragua,Nicaragua,1983,436724,0.2040302,-230.94217
NIC,Nicaragua,Nicaragua,1984,451171,-0.5743346,-161.58011
NIC,Nicaragua,Nicaragua,1985,505722,-0.67235804,-130.26422
NIC,Nicaragua,Nicaragua,1986,477546,-0.6903632,6.658517
NIC,Nicaragua,Nicaragua,1987,455113,0.31620803,-285.18106
NIC,Nicaragua,Nicaragua,1988,505590,-0.15225744,120.2454
NIC,Nicaragua,Nicaragua,1989,483941,-0.53112525,-182.18073
NIC,Nicaragua,Nicaragua,1990,487787,-0.21069495,-32.06815
NIC,Nicaragua,Nicaragua,1991,400558,-0.12645753,-274.0793
NIC,Nicaragua,Nicaragua,1992,498180,-0.08192841,-336.61118
NIC,Nicaragua,Nicaragua,1993,587701,-0.3187944,253.63603
NIC,Nicaragua,Nicaragua,1994,521084,-0.16396427,-304.21606
NIC,Nicaragua,Nicaragua,1995,621528,-0.09113979,68.7003
NIC,Nicaragua,Nicaragua,1996,673859,-0.51851016,80.031425
NIC,Nicaragua,Nicaragua,1997,607607,-0.19727547,-199.54587
NIC,Nicaragua,Nicaragua,1998,642120,0.23639345,92.38131
NIC,Nicaragua,Nicaragua,1999,571751,-0.78256243,46.08768
NIC,Nicaragua,Nicaragua,2000,783484,-0.59197015,-270.19623
NIC,Nicaragua,Nicaragua,2001,754945,-0.33019844,-269.4458
NIC,Nicaragua,Nicaragua,2002,910681,0.07011572,-117.84291
NIC,Nicaragua,Nicaragua,2003,1002006,0.12802203,-150.938
NIC,Nicaragua,Nicaragua,2004,798823,-0.035755157,-87.72704
NIC,Nicaragua,Nicaragua,2005,963653,0.2229244,207.12912
NIC,Nicaragua,Nicaragua,2006,894613,0.053442795,-97.559235
NIC,Nicaragua,Nicaragua,2007,864166,0.050552685,63.239697
NIC,Nicaragua,Nicaragua,2008,783571,-0.18926589,176.09526
NIC,Nicaragua,Nicaragua,2009,914273,0.022737026,-73.21206
NIC,Nicaragua,Nicaragua,2010,969740.12,0.10403633,367.14954
NIC,Nicaragua,Nicaragua,2011,1009193.7,-0.12169838,73.14555
NIC,Nicaragua,Nicaragua,2012,982568.01,-0.10970211,-136.78691
NIC,Nicaragua,Nicaragua,2013,965045.27,0.13040113,87.96232
NIC,Nicaragua,Nicaragua,2014,838643.21,0.23095353,-19.357382
NIC,Nicaragua,Nicaragua,2015,747920.39,0.5056465,-94.25801
NIC,Nicaragua,Nicaragua,2016,933034.01,0.5561765,171.751
NIC,Nicaragua,Nicaragua,2017,909045.22,0.21074994,344.53714
NIC,Nicaragua,Nicaragua,2018,893458,0.10897032,10.950752
NIC,Nicaragua,Nicaragua,2019,925610,0.5408146,-119.6987
NIC,Nicaragua,Nicaragua,2020,905198,0.48728117,508.67764
NIC,Nicaragua,Nicaragua,2021,924130.14,0.22474416,-175.52477
NIC,Nicaragua,Nicaragua,2022,949096.63,0.020486197,526.89764
NIC,Nicaragua,Nicaragua,2023,881420.38,0.8009801,-34.74698
NLD,Netherlands,Netherlands (Kingdom of the),1961,1926025,-0.30476335,76.19353
NLD,Netherlands,Netherlands (Kingdom of the),1962,2178426,-2.057327,-90.63423
NLD,Netherlands,Netherlands (Kingdom of the),1963,1947084,-2.3534606,-153.44556
NLD,Netherlands,Netherlands (Kingdom of the),1964,2115764,-1.0269551,-182.19385
NLD,Netherlands,Netherlands (Kingdom of the),1965,1779071,-1.4436182,68.710594
NLD,Netherlands,Netherlands (Kingdom of the),1966,1623393,-0.84056777,143.22339
NLD,Netherlands,Netherlands (Kingdom of the),1967,1840765,-0.32335672,-11.652513
NLD,Netherlands,Netherlands (Kingdom of the),1968,1653767,-1.0966071,60.260506
NLD,Netherlands,Netherlands (Kingdom of the),1969,1617120,-1.0770345,-86.815506
NLD,Netherlands,Netherlands (Kingdom of the),1970,1363046,-1.1495789,8.829143
NLD,Netherlands,Netherlands (Kingdom of the),1971,1511483,-0.6937614,-161.31497
NLD,Netherlands,Netherlands (Kingdom of the),1972,1318841,-1.2676555,-78.01277
NLD,Netherlands,Netherlands (Kingdom of the),1973,1359171,-0.7401381,-94.46287
NLD,Netherlands,Netherlands (Kingdom of the),1974,1313654,-0.48573327,125.74587
NLD,Netherlands,Netherlands (Kingdom of the),1975,1092959,-0.37014166,-104.30195
NLD,Netherlands,Netherlands (Kingdom of the),1976,1147603,-0.47077784,-287.27478
NLD,Netherlands,Netherlands (Kingdom of the),1977,1121220,-0.62849826,14.235602
NLD,Netherlands,Netherlands (Kingdom of the),1978,1360650,-1.3081641,-116.73938
NLD,Netherlands,Netherlands (Kingdom of the),1979,1285000,-1.9302402,45.311695
NLD,Netherlands,Netherlands (Kingdom of the),1980,1275159,-1.2447191,5.1020627
NLD,Netherlands,Netherlands (Kingdom of the),1981,1274867,-1.1167029,72.162445
NLD,Netherlands,Netherlands (Kingdom of the),1982,1379392,-0.42920232,-89.152794
NLD,Netherlands,Netherlands (Kingdom of the),1983,1309118,-0.37118614,-17.945839
NLD,Netherlands,Netherlands (Kingdom of the),1984,1407092,-1.122312,88.45112
NLD,Netherlands,Netherlands (Kingdom of the),1985,1132319,-2.0256255,22.649246
NLD,Netherlands,Netherlands (Kingdom of the),1986,1263482,-1.5555038,-9.591164
NLD,Netherlands,Netherlands (Kingdom of the),1987,1105446,-1.737403,48.44581
NLD,Netherlands,Netherlands (Kingdom of the),1988,1221241,-0.1966129,99.441086
NLD,Netherlands,Netherlands (Kingdom of the),1989,1367961,0.188226,-142.05133
NLD,Netherlands,Netherlands (Kingdom of the),1990,1388200,0.28533378,-64.50787
NLD,Netherlands,Netherlands (Kingdom of the),1991,1339247,-1.003358,-170.97105
NLD,Netherlands,Netherlands (Kingdom of the),1992,1349658,-0.024451613,-9.475806
NLD,Netherlands,Netherlands (Kingdom of the),1993,1466100,-0.92170745,106.42275
NLD,Netherlands,Netherlands (Kingdom of the),1994,1354800,0.079609595,65.902115
NLD,Netherlands,Netherlands (Kingdom of the),1995,1504900,-0.13639306,-78.38774
NLD,Netherlands,Netherlands (Kingdom of the),1996,1659400,-2.036327,-211.77432
NLD,Netherlands,Netherlands (Kingdom of the),1997,1450290,-0.34768686,-135.10907
NLD,Netherlands,Netherlands (Kingdom of the),1998,1497400,-0.21883406,274.04337
NLD,Netherlands,Netherlands (Kingdom of the),1999,1367600,0.3531556,43.370457
NLD,Netherlands,Netherlands (Kingdom of the),2000,1732100,0.3570334,114.99403
NLD,Netherlands,Netherlands (Kingdom of the),2001,1671600,-0.15680318,148.58492
NLD,Netherlands,Netherlands (Kingdom of the),2002,1655207,0.27336296,115.65659
NLD,Netherlands,Netherlands (Kingdom of the),2003,1739331,-0.03732,-189.23035
NLD,Netherlands,Netherlands (Kingdom of the),2004,1748400,-0.081294395,38.9791
NLD,Netherlands,Netherlands (Kingdom of the),2005,1705043,0.11571059,-50.505146
NLD,Netherlands,Netherlands (Kingdom of the),2006,1674669,0.6047681,-22.397774
NLD,Netherlands,Netherlands (Kingdom of the),2007,1547600,0.680974,114.44718
NLD,Netherlands,Netherlands (Kingdom of the),2008,1963010,0.07346497,34.354668
NLD,Netherlands,Netherlands (Kingdom of the),2009,1994422,-0.007530153,-42.553043
NLD,Netherlands,Netherlands (Kingdom of the),2010,1803153,-1.4645848,-18.68028
NLD,Netherlands,Netherlands (Kingdom of the),2011,1609679,0.31892255,-34.452812
NLD,Netherlands,Netherlands (Kingdom of the),2012,1730981,-0.294606,126.2461
NLD,Netherlands,Netherlands (Kingdom of the),2013,1755536,-0.7671511,-58.97262
NLD,Netherlands,Netherlands (Kingdom of the),2014,1700506,1.1159707,23.893303
NLD,Netherlands,Netherlands (Kingdom of the),2015,1671654,0.30096155,15.624176
NLD,Netherlands,Netherlands (Kingdom of the),2016,1355219,0.2073866,-63.491776
NLD,Netherlands,Netherlands (Kingdom of the),2017,1392686,0.40572992,48.42741
NLD,Netherlands,Netherlands (Kingdom of the),2018,1318950,0.78766423,-184.08269
NLD,Netherlands,Netherlands (Kingdom of the),2019,1545910,0.7114961,4.9549265
NLD,Netherlands,Netherlands (Kingdom of the),2020,1368640,1.1118397,-5.81663
NLD,Netherlands,Netherlands (Kingdom of the),2021,1340280,-0.09739858,139.50427
NLD,Netherlands,Netherlands (Kingdom of the),2022,1651500,1.0704597,-39.982594
NLD,Netherlands,Netherlands (Kingdom of the),2023,1503200,1.1754978,265.85907
NLD,Netherlands,Netherlands (Kingdom of the),2024,1044680,1.2579478,206.04622
NOR,Norway,Norway,1961,636853,-1.9922594,-7.4968987
NOR,Norway,Norway,1962,475400,-3.7724373,-125.53713
NOR,Norway,Norway,1963,598736,-3.406371,-166.10347
NOR,Norway,Norway,1964,630051,-2.2813835,62.393723
NOR,Norway,Norway,1965,613599,-3.5165787,-205.54318
NOR,Norway,Norway,1966,503539,-4.3122134,-155.40463
NOR,Norway,Norway,1967,623516,-1.5504605,100.29951
NOR,Norway,Norway,1968,820025,-2.792606,-205.24452
NOR,Norway,Norway,1969,641797,-1.9646126,-224.52527
NOR,Norway,Norway,1970,825996,-2.0683186,-214.41348
NOR,Norway,Norway,1971,864078,-1.7405609,70.23522
NOR,Norway,Norway,1972,810533,-0.3466573,-51.452217
NOR,Norway,Norway,1973,912389,-1.5552297,83.25215
NOR,Norway,Norway,1974,1099286,-0.13133447,-129.18962
NOR,Norway,Norway,1975,765664,-0.8284523,103.94948
NOR,Norway,Norway,1976,846193,-1.4658856,-205.87204
NOR,Norway,Norway,1977,1077885,-1.7972337,-191.89595
NOR,Norway,Norway,1978,1125550,-2.1320493,-149.98474
NOR,Norway,Norway,1979,1104407,-2.3084116,-76.080086
NOR,Norway,Norway,1980,1150900,-1.8193283,-184.87912
NOR,Norway,Norway,1981,1133100,-2.3268735,-127.18334
NOR,Norway,Norway,1982,1200660,-1.0720366,-16.30921
NOR,Norway,Norway,1983,1072450,-0.88247013,184.71986
NOR,Norway,Norway,1984,1407200,-0.20786858,-143.52051
NOR,Norway,Norway,1985,1302100,-2.1732283,-63.90961
NOR,Norway,Norway,1986,1109110,-1.7024168,-66.157745
NOR,Norway,Norway,1987,1285019,-2.0933688,-110.66878
NOR,Norway,Norway,1988,1065792,-1.3848397,-37.78873
NOR,Norway,Norway,1989,1179600,-0.029077807,122.1519
NOR,Norway,Norway,1990,1567856,0.6151367,151.58168
NOR,Norway,Norway,1991,1482090,-0.46810362,-69.289345
NOR,Norway,Norway,1992,1010010,-0.2355393,63.42354
NOR,Norway,Norway,1993,1383645,-1.1378152,-93.65317
NOR,Norway,Norway,1994,1091070,-1.0343982,-72.93239
NOR,Norway,Norway,1995,1227030,-0.9500437,-11.889427
NOR,Norway,Norway,1996,1345340,-1.1966151,-238.4084
NOR,Norway,Norway,1997,1290495,-0.418789,-19.780682
NOR,Norway,Norway,1998,1371430,-1.0448657,-28.717403
NOR,Norway,Norway,1999,1221910,-0.14011155,19.908201
NOR,Norway,Norway,2000,1305420,0.45755085,82.51743
NOR,Norway,Norway,2001,1221040,-0.72240615,-73.19745
NOR,Norway,Norway,2002,1143021,-0.11293934,-179.85081
NOR,Norway,Norway,2003,1287340,-0.17865431,-73.88329
NOR,Norway,Norway,2004,1444570,0.265506,23.101782
NOR,Norway,Norway,2005,1298530,0.6074376,77.26812
NOR,Norway,Norway,2006,1169160,1.02847,7.886427
NOR,Norway,Norway,2007,1202380,0.4365127,96.29908
NOR,Norway,Norway,2008,1386930,0.23580782,-17.715977
NOR,Norway,Norway,2009,1054900,0.008909185,-57.898903
NOR,Norway,Norway,2010,1205800,-1.7120088,-202.1096
NOR,Norway,Norway,2011,1026770,0.72320366,220.46504
NOR,Norway,Norway,2012,1084690,-0.19555123,46.412964
NOR,Norway,Norway,2013,965230,0.10951156,21.046719
NOR,Norway,Norway,2014,1238100,1.2141097,-20.165928
NOR,Norway,Norway,2015,1357900,0.9213483,222.84563
NOR,Norway,Norway,2016,1326000,1.170095,-25.940065
NOR,Norway,Norway,2017,1307300,0.31049636,113.69092
NOR,Norway,Norway,2018,743100,0.7750929,-55.89664
NOR,Norway,Norway,2019,1296400,0.17278369,19.486624
NOR,Norway,Norway,2020,1311300,1.1110052,226.977
NOR,Norway,Norway,2021,1184700,0.11437827,-59.51507
NOR,Norway,Norway,2022,1325000,0.7878116,77.653824
NOR,Norway,Norway,2023,785000,0.19070494,55.49186
NOR,Norway,Norway,2024,1181400,1.1679968,189.92487
NPL,Nepal,Nepal,1961,3167000,-1.0306271,244.88611
NPL,Nepal,Nepal,1962,3177026,-0.9986741,380.28503
NPL,Nepal,Nepal,1963,3181578,-0.9727819,364.16858
NPL,Nepal,Nepal,1964,3280500,-0.3079103,78.330734
NPL,Nepal,Nepal,1965,3335000,-1.1398373,-170.28726
NPL,Nepal,Nepal,1966,3126325,-0.557272,28.548218
NPL,Nepal,Nepal,1967,3165429,-1.0115093,-14.903601
NPL,Nepal,Nepal,1968,3291912,-1.1395649,119.3066
NPL,Nepal,Nepal,1969,3416913,-0.54428977,-211.02396
NPL,Nepal,Nepal,1970,3555902,-0.36391068,78.08611
NPL,Nepal,Nepal,1971,3450714,-0.9313061,292.8641
NPL,Nepal,Nepal,1972,3216502,-0.4655323,-60.019073
NPL,Nepal,Nepal,1973,3708825,-0.4035194,542.7875
NPL,Nepal,Nepal,1974,3755148,-0.48102883,-113.75159
NPL,Nepal,Nepal,1975,3851585,-0.39207816,94.82927
NPL,Nepal,Nepal,1976,3733322,-0.33858466,-151.63087
NPL,Nepal,Nepal,1977,3534858,-0.15147156,-256.12903
NPL,Nepal,Nepal,1978,3648730,-0.62890893,-54.08624
NPL,Nepal,Nepal,1979,3193100,-0.20035945,-269.49313
NPL,Nepal,Nepal,1980,3792060,-0.22978206,-214.60046
NPL,Nepal,Nepal,1981,3933530,-0.92201287,-25.571384
NPL,Nepal,Nepal,1982,3221180,-0.7623496,-326.77887
NPL,Nepal,Nepal,1983,4310790,-0.96353334,-235.49472
NPL,Nepal,Nepal,1984,4309680,-0.28809962,20.952728
NPL,Nepal,Nepal,1985,4373360,-0.16404499,-53.229225
NPL,Nepal,Nepal,1986,3999390,-0.7164235,-165.71373
NPL,Nepal,Nepal,1987,4759120,-0.10402501,-73.528114
NPL,Nepal,Nepal,1988,5306800,0.3196254,78.6414
NPL,Nepal,Nepal,1989,5672510,-0.5611096,-71.51597
NPL,Nepal,Nepal,1990,5847090,-0.27272457,192.89818
NPL,Nepal,Nepal,1991,4882080,-0.3867245,-267.98
NPL,Nepal,Nepal,1992,5812440,-0.46658325,-463.40756
NPL,Nepal,Nepal,1993,5183210,-0.06602695,27.964392
NPL,Nepal,Nepal,1994,6047242,0.01741602,-257.58868
NPL,Nepal,Nepal,1995,6209613,-0.13982356,74.12634
NPL,Nepal,Nepal,1996,6308630,-0.12959652,52.08835
NPL,Nepal,Nepal,1997,6409270,-1.128739,-77.4864
NPL,Nepal,Nepal,1998,6524470,0.20723708,235.62265
NPL,Nepal,Nepal,1999,6972123,0.43827406,-16.449537
NPL,Nepal,Nepal,2000,7063809,-0.38583222,111.19658
NPL,Nepal,Nepal,2001,7087917,-0.02377057,-173.875
NPL,Nepal,Nepal,2002,7220675,-0.24046536,2.8061645
NPL,Nepal,Nepal,2003,7690125,-0.2664444,142.62297
NPL,Nepal,Nepal,2004,7588163,-0.019838631,-133.81116
NPL,Nepal,Nepal,2005,7694042,0.005265832,-244.256
NPL,Nepal,Nepal,2006,7135304,0.4632803,-292.00687
NPL,Nepal,Nepal,2007,7955234,0.15154304,384.85696
NPL,Nepal,Nepal,2008,8301486,0.048295636,107.83659
NPL,Nepal,Nepal,2009,7622561,0.5488584,-203.6725
NPL,Nepal,Nepal,2010,8207431,0.6603814,108.49315
NPL,Nepal,Nepal,2011,9227353,-0.1859356,178.81749
NPL,Nepal,Nepal,2012,8889977,-0.34263507,-66.269394
NPL,Nepal,Nepal,2013,9122829,0.01355652,193.28154
NPL,Nepal,Nepal,2014,9304245,-0.16412163,-98.58368
NPL,Nepal,Nepal,2015,8776707,0.0018011729,-201.36533
NPL,Nepal,Nepal,2016,9545530.8,0.88113433,114.11332
NPL,Nepal,Nepal,2017,9680490.8,0.5590551,40.32874
NPL,Nepal,Nepal,2018,10511825,0.20446385,95.17555
NPL,Nepal,Nepal,2019,10566025,-0.051113624,172.2281
NPL,Nepal,Nepal,2020,11006496,-0.2029097,455.19324
NPL,Nepal,Nepal,2021,10627427,0.39243913,539.7682
NPL,Nepal,Nepal,2022,11128345,0.53464836,72.90597
NPL,Nepal,Nepal,2023,11151028,0.5005951,-216.79044
NPL,Nepal,Nepal,2024,11525107,0.86878735,177.07655
NZL,New Zealand,New Zealand,1961,388705,-0.5853612,-182.28853
NZL,New Zealand,New Zealand,1962,347057,-0.074462295,82.02876
NZL,New Zealand,New Zealand,1963,383614,-1.172415,-193.34897
NZL,New Zealand,New Zealand,1964,456916,-0.95806265,92.54098
NZL,New Zealand,New Zealand,1965,430035,-1.4196091,-30.131298
NZL,New Zealand,New Zealand,1966,478741,-0.98234934,-47.428123
NZL,New Zealand,New Zealand,1967,538443,-0.52718955,51.871933
NZL,New Zealand,New Zealand,1968,752326,-0.6708579,155.66765
NZL,New Zealand,New Zealand,1969,804506,-0.47554114,-151.6219
NZL,New Zealand,New Zealand,1970,581979,0.2820818,-11.99511
NZL,New Zealand,New Zealand,1971,749876,0.31708154,-78.38013
NZL,New Zealand,New Zealand,1972,893829,-0.37633726,7.567486
NZL,New Zealand,New Zealand,1973,833844,0.14548604,-92.40597
NZL,New Zealand,New Zealand,1974,622692,0.14307411,-56.515778
NZL,New Zealand,New Zealand,1975,675573,-0.10794333,179.71127
NZL,New Zealand,New Zealand,1976,919962,-0.86229175,-46.039135
NZL,New Zealand,New Zealand,1977,909547,-0.9821245,-64.94733
NZL,New Zealand,New Zealand,1978,828522,0.0993044,-66.0372
NZL,New Zealand,New Zealand,1979,810855,-0.15405123,201.76991
NZL,New Zealand,New Zealand,1980,755828,-0.34983817,165.6857
NZL,New Zealand,New Zealand,1981,799797,0.22889395,-16.234447
NZL,New Zealand,New Zealand,1982,881870,-0.5940257,-34.799202
NZL,New Zealand,New Zealand,1983,872190,-0.6585108,129.05429
NZL,New Zealand,New Zealand,1984,1118316,0.17555714,41.180775
NZL,New Zealand,New Zealand,1985,1183506,0.12816422,-57.489834
NZL,New Zealand,New Zealand,1986,1187936,0.012252092,45.962646
NZL,New Zealand,New Zealand,1987,1000380,0.046981853,59.19047
NZL,New Zealand,New Zealand,1988,769347,0.20166337,188.96915
NZL,New Zealand,New Zealand,1989,671430,0.24905217,21.226871
NZL,New Zealand,New Zealand,1990,869904,0.31854033,-0.22168112
NZL,New Zealand,New Zealand,1991,809022.16,-0.51363176,2.7867327
NZL,New Zealand,New Zealand,1992,736193,-1.1824864,-54.715595
NZL,New Zealand,New Zealand,1993,803099,-0.7538686,-102.29362
NZL,New Zealand,New Zealand,1994,843015,-0.50368077,64.79735
NZL,New Zealand,New Zealand,1995,752049,-0.2478099,218.3147
NZL,New Zealand,New Zealand,1996,904022,-0.37378815,86.66897
NZL,New Zealand,New Zealand,1997,980100,-0.59352434,-50.34362
NZL,New Zealand,New Zealand,1998,869299.98,0.62170666,142.83992
NZL,New Zealand,New Zealand,1999,872700,0.5075806,-102.74359
NZL,New Zealand,New Zealand,2000,855510.63,0.026988307,14.601101
NZL,New Zealand,New Zealand,2001,940392.84,0.098799944,-88.9482
NZL,New Zealand,New Zealand,2002,939377,-0.14140558,-3.7749956
NZL,New Zealand,New Zealand,2003,944472,-0.16878664,-93.97598
NZL,New Zealand,New Zealand,2004,763040,-0.66039705,193.50272
NZL,New Zealand,New Zealand,2005,871437,0.4544393,-216.26714
NZL,New Zealand,New Zealand,2006,788645,-0.4311005,72.9708
NZL,New Zealand,New Zealand,2007,926928,0.03029271,-171.35019
NZL,New Zealand,New Zealand,2008,999287,0.12233499,-49.613495
NZL,New Zealand,New Zealand,2009,1124280,-0.46657375,-69.50583
NZL,New Zealand,New Zealand,2010,1001296,0.32757708,95.977554
NZL,New Zealand,New Zealand,2011,999389,0.1573116,63.9748
NZL,New Zealand,New Zealand,2012,1168496,-0.2577237,-19.045427
NZL,New Zealand,New Zealand,2013,1103220.9,0.63057935,-10.866781
NZL,New Zealand,New Zealand,2014,1097943,0.09980273,-28.571377
NZL,New Zealand,New Zealand,2015,1114618,-0.042285245,-97.73607
NZL,New Zealand,New Zealand,2016,1096490,0.7006164,114.69637
NZL,New Zealand,New Zealand,2017,936995.3,0.52557176,5.817119
NZL,New Zealand,New Zealand,2018,977780.71,0.6988363,169.994
NZL,New Zealand,New Zealand,2019,1021321.7,0.7210347,46.852757
NZL,New Zealand,New Zealand,2020,1021848.3,0.61358833,-134.04295
NZL,New Zealand,New Zealand,2021,996842.96,0.81715035,110.34939
NZL,New Zealand,New Zealand,2022,968265.4,1.0856025,162.13329
NZL,New Zealand,New Zealand,2023,987124,0.8414204,72.293335
NZL,New Zealand,New Zealand,2024,1102880.6,0.46268156,-45.417362
OMN,Oman,Oman,1961,2900,-0.6660263,6.327018
OMN,Oman,Oman,1962,2900,-0.8782921,-34.180725
OMN,Oman,Oman,1963,3000,-0.9195552,34.953976
OMN,Oman,Oman,1964,3100,-1.3149902,-18.097322
OMN,Oman,Oman,1965,3100,-1.2785498,-9.977695
OMN,Oman,Oman,1966,3400,-1.2049727,2.6271234
OMN,Oman,Oman,1967,3550,-1.3169357,85.612495
OMN,Oman,Oman,1968,3700,-1.2420582,-13.20498
OMN,Oman,Oman,1969,3700,-0.5409398,-34.416466
OMN,Oman,Oman,1970,3900,-0.7107978,-26.687529
OMN,Oman,Oman,1971,3900,-1.2052702,-13.819691
OMN,Oman,Oman,1972,3950,-1.3528438,81.383026
OMN,Oman,Oman,1973,5000,-0.9056344,-27.571001
OMN,Oman,Oman,1974,5000,-0.95681447,-34.25947
OMN,Oman,Oman,1975,5000,-0.9563982,-27.705984
OMN,Oman,Oman,1976,4000,-0.8303502,-15.880112
OMN,Oman,Oman,1977,2600,-0.6567197,32.51215
OMN,Oman,Oman,1978,2375,-0.7902457,-4.398565
OMN,Oman,Oman,1979,2250,-0.39566788,-10.49384
OMN,Oman,Oman,1980,2459,0.13012011,-35.221466
OMN,Oman,Oman,1981,1209,-0.22925186,-27.901054
OMN,Oman,Oman,1982,1991,-0.59926194,50.54017
OMN,Oman,Oman,1983,1991,-1.0418725,129.69373
OMN,Oman,Oman,1984,1991,-0.5456564,-40.722054
OMN,Oman,Oman,1985,1101,-0.25346646,-32.6703
OMN,Oman,Oman,1986,3689,-0.45422283,-12.61911
OMN,Oman,Oman,1987,3969,-0.24717538,-9.043108
OMN,Oman,Oman,1988,4350,-0.11510213,6.2723136
OMN,Oman,Oman,1989,4700,-0.7398097,20.009882
OMN,Oman,Oman,1990,5140,0.12872696,1.3368328
OMN,Oman,Oman,1991,32918.16,-0.33726373,-27.553637
OMN,Oman,Oman,1992,32795.81,-1.0505077,55.08492
OMN,Oman,Oman,1993,32683.59,-0.2567266,-29.847517
OMN,Oman,Oman,1994,32811.3,0.030438742,-26.265015
OMN,Oman,Oman,1995,32949.02,-0.13513613,67.7566
OMN,Oman,Oman,1996,32991.73,-0.52405614,37.108315
OMN,Oman,Oman,1997,32964.44,-0.07967695,93.60343
OMN,Oman,Oman,1998,32452.53,0.53150576,-10.881283
OMN,Oman,Oman,1999,33016.76,0.17571671,-19.89064
OMN,Oman,Oman,2000,33162.75,-0.1455609,-36.130856
OMN,Oman,Oman,2001,33460.85,-0.1121397,-40.132168
OMN,Oman,Oman,2002,33534.35,-0.16078012,-11.710207
OMN,Oman,Oman,2003,33304.6,0.07240486,-12.214159
OMN,Oman,Oman,2004,37746.43,-0.0686752,-16.061611
OMN,Oman,Oman,2005,32858.07,-0.031839848,-15.904688
OMN,Oman,Oman,2006,31176.37,-0.06089242,0.2703211
OMN,Oman,Oman,2007,32482.46,0.2220416,31.678074
OMN,Oman,Oman,2008,30428.95,-0.46084484,-25.349249
OMN,Oman,Oman,2009,61769.45,0.33582368,-18.514084
OMN,Oman,Oman,2010,42204.4,0.41347298,-0.05997342
OMN,Oman,Oman,2011,58014.77,0.06270584,32.70366
OMN,Oman,Oman,2012,52463.66,0.1657006,-25.169113
OMN,Oman,Oman,2013,50873,-0.27569675,-3.60245
OMN,Oman,Oman,2014,40664.49,-0.12172111,-22.532164
OMN,Oman,Oman,2015,78950.34,0.49152613,-19.6478
OMN,Oman,Oman,2016,63202.94,0.17610566,-10.350054
OMN,Oman,Oman,2017,68228,0.32338,-24.99617
OMN,Oman,Oman,2018,74339,0.40264496,29.731228
OMN,Oman,Oman,2019,75306,0.35728756,0.9289136
OMN,Oman,Oman,2020,212258,0.060756523,47.94738
OMN,Oman,Oman,2021,146211,0.34728608,-19.702362
OMN,Oman,Oman,2022,236293,0.21341515,30.127954
OMN,Oman,Oman,2023,225134,0.681468,-7.913347
OMN,Oman,Oman,2024,241658,0.92674035,32.732304
PAK,Pakistan,Pakistan,1961,6729680,-1.1634487,81.20012
PAK,Pakistan,Pakistan,1962,6941600,-1.0392145,-49.969093
PAK,Pakistan,Pakistan,1963,7208300,-0.11223674,-123.65592
PAK,Pakistan,Pakistan,1964,7565300,-1.0884482,13.457638
PAK,Pakistan,Pakistan,1965,7866500,-0.41471115,-104.13823
PAK,Pakistan,Pakistan,1966,7281250,-0.5393351,-72.51075
PAK,Pakistan,Pakistan,1967,8166500,-1.0181674,97.867165
PAK,Pakistan,Pakistan,1968,10791900,-0.9099844,-87.63125
PAK,Pakistan,Pakistan,1969,11569500,-0.2674702,-78.79657
PAK,Pakistan,Pakistan,1970,12097337,-0.168907,-55.660374
PAK,Pakistan,Pakistan,1971,11336393,-0.20518844,-101.67418
PAK,Pakistan,Pakistan,1972,11800886,-1.128949,-19.3747
PAK,Pakistan,Pakistan,1973,12730806,-0.51094985,39.703285
PAK,Pakistan,Pakistan,1974,12515833,-0.784956,-138.19012
PAK,Pakistan,Pakistan,1975,13127967,-1.1198632,54.969963
PAK,Pakistan,Pakistan,1976,14262949,-0.92481464,97.07229
PAK,Pakistan,Pakistan,1977,15115120,-0.06902901,7.352865
PAK,Pakistan,Pakistan,1978,14764206,-0.5549749,42.186943
PAK,Pakistan,Pakistan,1979,16304600,-0.7042248,19.081858
PAK,Pakistan,Pakistan,1980,17073600,0.009825309,6.8671637
PAK,Pakistan,Pakistan,1981,18222050,-0.25975895,33.9412
PAK,Pakistan,Pakistan,1982,18075950,-1.0923494,77.4495
PAK,Pakistan,Pakistan,1983,19100750,-1.0747602,89.3585
PAK,Pakistan,Pakistan,1984,17535900,-0.593391,2.189084
PAK,Pakistan,Pakistan,1985,17699400,-0.21200545,-14.687679
PAK,Pakistan,Pakistan,1986,20866100,-0.8639861,29.906765
PAK,Pakistan,Pakistan,1987,18428100,0.016485611,-55.411987
PAK,Pakistan,Pakistan,1988,19240300,0.4704453,20.357145
PAK,Pakistan,Pakistan,1989,21017550,-0.8624902,-12.267432
PAK,Pakistan,Pakistan,1990,20957200,-0.055479366,42.766586
PAK,Pakistan,Pakistan,1991,21137950,-0.7523927,-17.405455
PAK,Pakistan,Pakistan,1992,22123350,-0.9716468,152.88208
PAK,Pakistan,Pakistan,1993,23869650,-0.06446171,-44.16257
PAK,Pakistan,Pakistan,1994,22338150,-0.6124026,173.14944
PAK,Pakistan,Pakistan,1995,25036450,-0.62913436,78.342224
PAK,Pakistan,Pakistan,1996,25394800,-0.6250308,8.282518
PAK,Pakistan,Pakistan,1997,25259600,-1.1217076,87.40448
PAK,Pakistan,Pakistan,1998,27985200,0.11354836,-3.775693
PAK,Pakistan,Pakistan,1999,27756417,0.18614753,-53.493706
PAK,Pakistan,Pakistan,2000,30460700,0.1719029,-159.0985
PAK,Pakistan,Pakistan,2001,27048000,0.3417882,-81.84561
PAK,Pakistan,Pakistan,2002,27172850,0.58466977,-141.80174
PAK,Pakistan,Pakistan,2003,28963500,-0.06915315,17.420412
PAK,Pakistan,Pakistan,2004,30311300,0.7069325,-100.02821
PAK,Pakistan,Pakistan,2005,33507800,-0.49295405,3.6919887
PAK,Pakistan,Pakistan,2006,33027900,0.60470027,66.01063
PAK,Pakistan,Pakistan,2007,35812200,0.1640516,35.017708
PAK,Pakistan,Pakistan,2008,35528100,-0.03493452,13.364109
PAK,Pakistan,Pakistan,2009,38147050,0.3029213,-72.56156
PAK,Pakistan,Pakistan,2010,34811258,0.55145854,59.86608
PAK,Pakistan,Pakistan,2011,39304580,0.13671446,59.171165
PAK,Pakistan,Pakistan,2012,36496350,-0.4428874,-20.224062
PAK,Pakistan,Pakistan,2013,40109711,0.03913021,17.039839
PAK,Pakistan,Pakistan,2014,41895811,-0.27861643,-54.79356
PAK,Pakistan,Pakistan,2015,41081682,0.014834563,64.10983
PAK,Pakistan,Pakistan,2016,42555022,0.8891742,-66.05331
PAK,Pakistan,Pakistan,2017,44299994,0.6567568,-27.826904
PAK,Pakistan,Pakistan,2018,43254398,0.76549655,-137.857
PAK,Pakistan,Pakistan,2019,43912063,-0.048251152,75.26547
PAK,Pakistan,Pakistan,2020,47226053,-0.08666074,69.90991
PAK,Pakistan,Pakistan,2021,51304736,0.6807809,-141.71494
PAK,Pakistan,Pakistan,2022,48519329,0.7671749,133.9515
PAK,Pakistan,Pakistan,2023,53065396,0.41301993,-40.70331
PAK,Pakistan,Pakistan,2024,55933133,0.704758,39.24969
PAN,Panama,Panama,1961,182887,-0.25550237,-847.17224
PAN,Panama,Panama,1962,181590,-0.84365845,-232.26677
PAN,Panama,Panama,1963,186997,-0.73306304,-71.627846
PAN,Panama,Panama,1964,209645,-0.770057,-387.37503
PAN,Panama,Panama,1965,235846,-0.6433449,-96.11087
PAN,Panama,Panama,1966,224475,-0.4849426,95.397766
PAN,Panama,Panama,1967,239809,-0.71615237,-19.715862
PAN,Panama,Panama,1968,246777,-0.64003724,-138.38542
PAN,Panama,Panama,1969,252747,-0.10532474,226.42752
PAN,Panama,Panama,1970,187579,-0.53032655,1135.2076
PAN,Panama,Panama,1971,190253,-0.9186263,647.56836
PAN,Panama,Panama,1972,169569,-0.27538714,-74.42332
PAN,Panama,Panama,1973,216844,-0.32671246,1086.7482
PAN,Panama,Panama,1974,237697,-0.5998934,252.15265
PAN,Panama,Panama,1975,250009,-0.9245927,603.678
PAN,Panama,Panama,1976,208406,-0.6739581,-30.674902
PAN,Panama,Panama,1977,265887,-0.21547492,-315.89636
PAN,Panama,Panama,1978,226873,-0.64536685,283.10397
PAN,Panama,Panama,1979,242761,-0.52165633,207.9635
PAN,Panama,Panama,1980,243771,-0.15830787,-285.4787
PAN,Panama,Panama,1981,271270,-0.34930596,481.66312
PAN,Panama,Panama,1982,256212,-0.412395,-371.6886
PAN,Panama,Panama,1983,290906,-0.053446133,-258.60156
PAN,Panama,Panama,1984,262549,-1.017152,93.16381
PAN,Panama,Panama,1985,301225,-0.9159581,-270.68152
PAN,Panama,Panama,1986,293033,-0.6020196,-462.5612
PAN,Panama,Panama,1987,304106,0.030347666,38.7106
PAN,Panama,Panama,1988,297910,-0.5086176,259.5283
PAN,Panama,Panama,1989,327850,-0.72255725,-268.2987
PAN,Panama,Panama,1990,344628,-0.35567284,-184.15184
PAN,Panama,Panama,1991,324953,-0.3704276,-281.47577
PAN,Panama,Panama,1992,325403,-0.2993709,-439.6457
PAN,Panama,Panama,1993,328912,-0.37304607,-221.54996
PAN,Panama,Panama,1994,342890,-0.4086542,-179.00293
PAN,Panama,Panama,1995,352390,-0.40670443,291.61835
PAN,Panama,Panama,1996,355881,-0.6484887,148.09642
PAN,Panama,Panama,1997,236828,0.032532692,-636.1777
PAN,Panama,Panama,1998,322431,0.22198232,151.18292
PAN,Panama,Panama,1999,306524,-0.8661787,664.12006
PAN,Panama,Panama,2000,339302,-0.6979389,5.578799
PAN,Panama,Panama,2001,418146,-0.4187077,-186.58084
PAN,Panama,Panama,2002,437733,0.01021703,-352.39
PAN,Panama,Panama,2003,501310,-0.066594124,123.35887
PAN,Panama,Panama,2004,381784.7,0.13811636,-39.16236
PAN,Panama,Panama,2005,380591.3,0.18353923,220.10188
PAN,Panama,Panama,2006,385980,0.06484938,15.684135
PAN,Panama,Panama,2007,382577,0.05915578,478.02536
PAN,Panama,Panama,2008,399609,-0.24962933,335.49838
PAN,Panama,Panama,2009,389582,0.2433273,-8.430017
PAN,Panama,Panama,2010,346388,0.33162084,882.4326
PAN,Panama,Panama,2011,400174,-0.07494831,524.3129
PAN,Panama,Panama,2012,370023,0.13978069,-47.18259
PAN,Panama,Panama,2013,423781,0.2564977,-239.02037
PAN,Panama,Panama,2014,401220,0.42573562,-143.53021
PAN,Panama,Panama,2015,388183,0.8123584,-239.22978
PAN,Panama,Panama,2016,450357,0.5960986,20.212393
PAN,Panama,Panama,2017,433472,0.35728326,-82.976135
PAN,Panama,Panama,2018,479139,0.13413954,-169.30502
PAN,Panama,Panama,2019,498966,0.48907837,-560.756
PAN,Panama,Panama,2020,528363,0.3843697,-33.80775
PAN,Panama,Panama,2021,542610,0.05304305,118.92426
PAN,Panama,Panama,2022,520917,-0.11246634,351.57687
PAN,Panama,Panama,2023,493200,0.7075011,-372.6311
PAN,Panama,Panama,2024,461850,0.77382755,351.72708
PER,Peru,Peru,1961,1070135,-0.6405039,-210.76248
PER,Peru,Peru,1962,1130621,-0.7545946,-399.02332
PER,Peru,Peru,1963,1014480,-0.48925623,-346.9578
PER,Peru,Peru,1964,1203288,-0.6997471,-375.65442
PER,Peru,Peru,1965,1205808,-0.5604021,-277.69034
PER,Peru,Peru,1966,1272463,-0.4830583,-251.4656
PER,Peru,Peru,1967,1396739,-0.92215556,-70.603
PER,Peru,Peru,1968,1079371,-0.98532313,-74.17399
PER,Peru,Peru,1969,1346787,-0.23955901,-159.3877
PER,Peru,Peru,1970,1517922,-0.5766069,-125.22503
PER,Peru,Peru,1971,1514428,-1.09229,141.79576
PER,Peru,Peru,1972,1425225,-0.25241914,-140.89554
PER,Peru,Peru,1973,1397761,-0.5224374,118.7861
PER,Peru,Peru,1974,1407999,-1.0247421,-91.03133
PER,Peru,Peru,1975,1485525,-1.1185738,95.61327
PER,Peru,Peru,1976,1628915,-0.86381644,-148.22383
PER,Peru,Peru,1977,1656983,-0.51450586,-47.437965
PER,Peru,Peru,1978,1362552,-0.61732084,-8.105936
PER,Peru,Peru,1979,1480881,-0.34671688,-267.3796
PER,Peru,Peru,1980,1163342,-0.31212917,-215.16609
PER,Peru,Peru,1981,1644864,-0.5916001,114.13642
PER,Peru,Peru,1982,1754139,-0.37204966,168.42117
PER,Peru,Peru,1983,1618556,0.38735422,16.238369
PER,Peru,Peru,1984,2164950,-0.7886359,221.30594
PER,Peru,Peru,1985,1829499,-0.86917096,65.31307
PER,Peru,Peru,1986,1890684,-0.7719243,234.90903
PER,Peru,Peru,1987,2353946,-0.02438148,91.98801
PER,Peru,Peru,1988,2368250,-0.30455127,48.536503
PER,Peru,Peru,1989,2439960,-0.6575489,139.47542
PER,Peru,Peru,1990,1778458,-0.47577477,96.90944
PER,Peru,Peru,1991,1729083,-0.2907044,-18.888557
PER,Peru,Peru,1992,1521728,-0.15333271,-33.436687
PER,Peru,Peru,1993,2013066,-0.3811935,238.14214
PER,Peru,Peru,1994,2405339,-0.32535425,312.45593
PER,Peru,Peru,1995,2132281,0.014386018,-105.11556
PER,Peru,Peru,1996,2541198,-0.45117235,-15.510599
PER,Peru,Peru,1997,2593234,0.22467296,-31.657927
PER,Peru,Peru,1998,2845066,0.5681489,85.607834
PER,Peru,Peru,1999,3395445,-0.52384377,-24.708187
PER,Peru,Peru,2000,3554034,-0.40905428,18.125252
PER,Peru,Peru,2001,3737483,-0.37875828,-74.79598
PER,Peru,Peru,2002,3844443,-0.08123127,-53.97625
PER,Peru,Peru,2003,3920080,-0.06261667,-120.14558
PER,Peru,Peru,2004,3438251,-0.12633689,-164.39873
PER,Peru,Peru,2005,4131905,0.14139588,-252.19691
PER,Peru,Peru,2006,4063601,-0.015551885,-126.5615
PER,Peru,Peru,2007,4032733,-0.12450965,-91.58977
PER,Peru,Peru,2008,4698251.4,-0.12563212,-35.72344
PER,Peru,Peru,2009,5049848,0.12309933,132.23769
PER,Peru,Peru,2010,4868327.2,0.38295522,-217.85664
PER,Peru,Peru,2011,4616640.7,-0.1422944,-12.345594
PER,Peru,Peru,2012,5223285.3,0.0015095075,116.00024
PER,Peru,Peru,2013,5249331.9,-0.0080736475,48.559593
PER,Peru,Peru,2014,5009103.1,0.10503086,107.702
PER,Peru,Peru,2015,5469456.6,0.49408722,106.12625
PER,Peru,Peru,2016,5283994.7,0.61626196,-98.102554
PER,Peru,Peru,2017,5140707.3,0.23284848,202.7199
PER,Peru,Peru,2018,5654930.2,-0.10306183,48.123352
PER,Peru,Peru,2019,5284110,0.23282354,205.7923
PER,Peru,Peru,2020,5403798.9,0.5654993,-144.582
PER,Peru,Peru,2021,5681654.7,0.211308,66.88331
PER,Peru,Peru,2022,5540009.5,0.09007311,-154.71854
PER,Peru,Peru,2023,5538591.3,0.8735545,-59.986694
PER,Peru,Peru,2024,5923490.5,1.2191558,-208.65475
PHL,Philippines,Philippines,1961,5176370,-0.68623656,-606.9711
PHL,Philippines,Philippines,1962,5239880,-0.771197,-503.3156
PHL,Philippines,Philippines,1963,5135570,-0.9076316,-719.6617
PHL,Philippines,Philippines,1964,5305080,-1.2344378,-130.37375
PHL,Philippines,Philippines,1965,5452464,-1.4967831,-615.0241
PHL,Philippines,Philippines,1966,5583972,-0.9648641,-715.67816
PHL,Philippines,Philippines,1967,6179853,-0.9182442,-851.0197
PHL,Philippines,Philippines,1968,6177456,-0.70678824,-985.84235
PHL,Philippines,Philippines,1969,7472275,-0.4069395,-696.83624
PHL,Philippines,Philippines,1970,7595768,-0.395617,-253.55365
PHL,Philippines,Philippines,1971,7374862,-0.9039097,-110.71428
PHL,Philippines,Philippines,1972,6459350,-0.73215276,-354.69327
PHL,Philippines,Philippines,1973,7421393,-0.25158295,-371.41418
PHL,Philippines,Philippines,1974,8146691,-0.73688316,-7.3905935
PHL,Philippines,Philippines,1975,8839298,-0.65370435,-50.56544
PHL,Philippines,Philippines,1976,9327624,-0.8355357,28.439276
PHL,Philippines,Philippines,1977,10083284,-0.49491024,-117.49035
PHL,Philippines,Philippines,1978,10313167,-0.3836527,101.71677
PHL,Philippines,Philippines,1979,10834585,-0.36866108,-212.4973
PHL,Philippines,Philippines,1980,10775175,-0.41493878,11.631357
PHL,Philippines,Philippines,1981,11215910,-0.5041146,-112.28334
PHL,Philippines,Philippines,1982,11670615,-0.6204559,-246.96255
PHL,Philippines,Philippines,1983,10647242,-0.21293624,-531.1499
PHL,Philippines,Philippines,1984,11269139,-0.5981291,136.17036
PHL,Philippines,Philippines,1985,12727856,-0.5175746,-11.417748
PHL,Philippines,Philippines,1986,13337939,-0.47079292,-41.77937
PHL,Philippines,Philippines,1987,12818171,-0.06593752,-528.5307
PHL,Philippines,Philippines,1988,13399121,0.0018065771,54.583298
PHL,Philippines,Philippines,1989,13981140,-0.4069028,-93.759056
PHL,Philippines,Philippines,1990,14987250,-0.15409343,-286.40994
PHL,Philippines,Philippines,1991,14332247,-0.24260123,-598.6279
PHL,Philippines,Philippines,1992,13750627,-0.29399,-648.3788
PHL,Philippines,Philippines,1993,14235789,-0.27736712,-224.35222
PHL,Philippines,Philippines,1994,15062260,-0.2604618,-370.4012
PHL,Philippines,Philippines,1995,14673162,-0.37495676,158.9343
PHL,Philippines,Philippines,1996,15439998,-0.50871944,92.46766
PHL,Philippines,Philippines,1997,15604612,-0.47900692,-577.8204
PHL,Philippines,Philippines,1998,12385314,0.35310268,-353.59354
PHL,Philippines,Philippines,1999,16372331,-0.46000814,533.48505
PHL,Philippines,Philippines,2000,16901159,-0.3397819,475.36566
PHL,Philippines,Philippines,2001,17480299,-0.1474363,68.030846
PHL,Philippines,Philippines,2002,17590069,-0.032221,-433.89862
PHL,Philippines,Philippines,2003,18115690,-0.12069893,-255.09819
PHL,Philippines,Philippines,2004,19910353,-0.06088829,-375.03586
PHL,Philippines,Philippines,2005,19856348,0.042847157,-115.95949
PHL,Philippines,Philippines,2006,21408902,0.16364384,-11.207479
PHL,Philippines,Philippines,2007,22977304,0.15275319,-19.303299
PHL,Philippines,Philippines,2008,23744012,-0.10234245,443.6547
PHL,Philippines,Philippines,2009,23300701,0.02232186,320.91104
PHL,Philippines,Philippines,2010,22149369,0.37425342,-108.67908
PHL,Philippines,Philippines,2011,23655648,-0.12244383,758.75055
PHL,Philippines,Philippines,2012,25440478,0.10454289,255.6037
PHL,Philippines,Philippines,2013,25817441,0.19230509,380.5318
PHL,Philippines,Philippines,2014,26739122,0.026165327,303.57162
PHL,Philippines,Philippines,2015,25669246,0.23982112,-324.9815
PHL,Philippines,Philippines,2016,24846678,0.60189134,101.4195
PHL,Philippines,Philippines,2017,27191819,0.21768045,669.7935
PHL,Philippines,Philippines,2018,26838577,0.3398253,-15.645367
PHL,Philippines,Philippines,2019,26794251,0.45220456,-349.27286
PHL,Philippines,Philippines,2020,27413962,0.53956795,219.73584
PHL,Philippines,Philippines,2021,28247959,0.33609852,459.2841
PHL,Philippines,Philippines,2022,28012712,0.30611482,608.8981
PHL,Philippines,Philippines,2023,28465199,0.5294178,347.9233
PHL,Philippines,Philippines,2024,27225763,0.8273401,360.07333
PNG,Papua New Guinea,Papua New Guinea,1961,1850,-1.0345312,-272.63098
PNG,Papua New Guinea,Papua New Guinea,1962,1891,-0.83117455,-198.67198
PNG,Papua New Guinea,Papua New Guinea,1963,1871,-0.9160926,-779.7458
PNG,Papua New Guinea,Papua New Guinea,1964,1788,-0.8156621,-523.42944
PNG,Papua New Guinea,Papua New Guinea,1965,1886,-1.2430893,-574.14703
PNG,Papua New Guinea,Papua New Guinea,1966,1847,-1.0254512,-94.5008
PNG,Papua New Guinea,Papua New Guinea,1967,1927,-1.1749564,201.07364
PNG,Papua New Guinea,Papua New Guinea,1968,1977,-0.90898067,-334.0806
PNG,Papua New Guinea,Papua New Guinea,1969,2251,-0.80943155,50.455624
PNG,Papua New Guinea,Papua New Guinea,1970,2963,-0.6678397,51.409393
PNG,Papua New Guinea,Papua New Guinea,1971,4358,-0.85761625,-119.72629
PNG,Papua New Guinea,Papua New Guinea,1972,3127,-0.84781456,-713.00494
PNG,Papua New Guinea,Papua New Guinea,1973,2708,-0.5028712,-142.90184
PNG,Papua New Guinea,Papua New Guinea,1974,2477,-0.85653466,-547.6998
PNG,Papua New Guinea,Papua New Guinea,1975,3826,-0.8854014,99.42875
PNG,Papua New Guinea,Papua New Guinea,1976,2769,-0.9018262,-311.87265
PNG,Papua New Guinea,Papua New Guinea,1977,3616,-0.64998674,137.63708
PNG,Papua New Guinea,Papua New Guinea,1978,4905,-0.37327847,-43.764668
PNG,Papua New Guinea,Papua New Guinea,1979,3434,-0.39786753,-361.04953
PNG,Papua New Guinea,Papua New Guinea,1980,3608,-0.41730356,-304.16006
PNG,Papua New Guinea,Papua New Guinea,1981,4082,-0.34586635,-143.6721
PNG,Papua New Guinea,Papua New Guinea,1982,3486,-0.6367585,-820.7751
PNG,Papua New Guinea,Papua New Guinea,1983,3812,-0.19437313,-148.72801
PNG,Papua New Guinea,Papua New Guinea,1984,2369,-0.5311864,-214.24837
PNG,Papua New Guinea,Papua New Guinea,1985,2278,-0.58835393,-0.93245363
PNG,Papua New Guinea,Papua New Guinea,1986,2199,-0.40936852,-445.28098
PNG,Papua New Guinea,Papua New Guinea,1987,2450,-0.30760017,-509.07297
PNG,Papua New Guinea,Papua New Guinea,1988,2900,-0.073031105,-129.87135
PNG,Papua New Guinea,Papua New Guinea,1989,3500,-0.31674656,-163.59131
PNG,Papua New Guinea,Papua New Guinea,1990,4120,-0.26345143,-91.59538
PNG,Papua New Guinea,Papua New Guinea,1991,4720,-0.33978018,-368.2546
PNG,Papua New Guinea,Papua New Guinea,1992,5420,-0.3957995,-454.93924
PNG,Papua New Guinea,Papua New Guinea,1993,6030,-0.42401743,-561.283
PNG,Papua New Guinea,Papua New Guinea,1994,6850,-0.43260035,-326.08395
PNG,Papua New Guinea,Papua New Guinea,1995,7650,-0.12317816,175.55852
PNG,Papua New Guinea,Papua New Guinea,1996,8650,-0.027734915,-135.17918
PNG,Papua New Guinea,Papua New Guinea,1997,9600,-0.32444653,-1163.4647
PNG,Papua New Guinea,Papua New Guinea,1998,9810.89,0.3707981,77.24676
PNG,Papua New Guinea,Papua New Guinea,1999,10550,-0.07725207,-260.92178
PNG,Papua New Guinea,Papua New Guinea,2000,11300,-0.05087964,-82.58212
PNG,Papua New Guinea,Papua New Guinea,2001,12600,-0.02980725,-114.78608
PNG,Papua New Guinea,Papua New Guinea,2002,12804.86,-0.025124708,-614.9505
PNG,Papua New Guinea,Papua New Guinea,2003,10300,-0.038867313,-147.63281
PNG,Papua New Guinea,Papua New Guinea,2004,10479.67,-0.16089647,-419.31113
PNG,Papua New Guinea,Papua New Guinea,2005,11671.73,0.010679881,44.22305
PNG,Papua New Guinea,Papua New Guinea,2006,12250.1,-0.02741448,90.35109
PNG,Papua New Guinea,Papua New Guinea,2007,13241.84,0.054929417,127.43645
PNG,Papua New Guinea,Papua New Guinea,2008,14300,-0.12057909,75.40495
PNG,Papua New Guinea,Papua New Guinea,2009,15202.12,-0.053706963,78.17824
PNG,Papua New Guinea,Papua New Guinea,2010,15919.12,0.38247967,51.701614
PNG,Papua New Guinea,Papua New Guinea,2011,18204.77,-0.0964543,345.68683
PNG,Papua New Guinea,Papua New Guinea,2012,15270.72,0.0018486977,390.25568
PNG,Papua New Guinea,Papua New Guinea,2013,17364.67,0.14463012,554.2087
PNG,Papua New Guinea,Papua New Guinea,2014,17752.75,0.071137905,387.89337
PNG,Papua New Guinea,Papua New Guinea,2015,18190.15,0.072948776,-412.96756
PNG,Papua New Guinea,Papua New Guinea,2016,17943.56,0.52080184,668.2044
PNG,Papua New Guinea,Papua New Guinea,2017,18502.82,0.25734964,771.95953
PNG,Papua New Guinea,Papua New Guinea,2018,18366.63,0.26199436,203.67928
PNG,Papua New Guinea,Papua New Guinea,2019,19025.8,0.10033957,349.7557
PNG,Papua New Guinea,Papua New Guinea,2020,18784.19,0.49860477,670.6126
PNG,Papua New Guinea,Papua New Guinea,2021,18744.91,0.47956118,363.37198
PNG,Papua New Guinea,Papua New Guinea,2022,18862.9,0.67727757,-351.0324
PNG,Papua New Guinea,Papua New Guinea,2023,18805.66,0.46167168,37.472595
PNG,Papua New Guinea,Papua New Guinea,2024,18808.5,0.860099,378.89557
POL,Poland,Poland,1961,16123000,-0.4225161,-79.24105
POL,Poland,Poland,1962,14045000,-1.8698231,25.601675
POL,Poland,Poland,1963,15178000,-1.9043676,-78.2992
POL,Poland,Poland,1964,14092000,-1.4759372,-79.38044
POL,Poland,Poland,1965,16162000,-2.0768507,5.301436
POL,Poland,Poland,1966,15795100,-0.65482855,116.40469
POL,Poland,Poland,1967,16265600,-0.03366245,76.05014
POL,Poland,Poland,1968,17946200,-0.8004136,13.223561
POL,Poland,Poland,1969,18574200,-1.9348044,-138.45267
POL,Poland,Poland,1970,16262100,-1.7010283,168.4953
POL,Poland,Poland,1971,19870600,-0.5924173,-28.738266
POL,Poland,Poland,1972,20402800,-0.94715047,68.25881
POL,Poland,Poland,1973,21859200,-0.8887682,-4.3875613
POL,Poland,Poland,1974,22977400,-0.49592793,155.81412
POL,Poland,Poland,1975,19557653,0.13891786,-59.078384
POL,Poland,Poland,1976,20863240,-1.6673738,-46.77682
POL,Poland,Poland,1977,19399014,-0.7568423,97.808365
POL,Poland,Poland,1978,21536633,-1.6884699,53.265697
POL,Poland,Poland,1979,17340564,-1.5680779,-7.318904
POL,Poland,Poland,1980,18336070,-2.2326055,141.17888
POL,Poland,Poland,1981,19720795,-1.0027376,147.87955
POL,Poland,Poland,1982,21166289,-0.44361648,-161.43727
POL,Poland,Poland,1983,22098776,0.16105704,-24.053558
POL,Poland,Poland,1984,24392409,-1.0186943,-17.567263
POL,Poland,Poland,1985,23741480,-2.1307442,118.24899
POL,Poland,Poland,1986,25035598,-1.3506736,-1.2739135
POL,Poland,Poland,1987,26059921,-2.2794344,52.787106
POL,Poland,Poland,1988,24504330,-0.4973165,42.66723
POL,Poland,Poland,1989,26957819,0.56583786,-80.20617
POL,Poland,Poland,1990,28013511,0.35209432,-25.540358
POL,Poland,Poland,1991,27811536,-0.9711676,-62.05823
POL,Poland,Poland,1992,19962168,-0.11709907,-73.09394
POL,Poland,Poland,1993,23417080,-0.9903729,-19.33364
POL,Poland,Poland,1994,21763445,0.1021012,10.204378
POL,Poland,Poland,1995,25905314,-0.5504513,-6.0735517
POL,Poland,Poland,1996,25297819,-2.102829,-30.918951
POL,Poland,Poland,1997,25399486,-0.82056266,30.978174
POL,Poland,Poland,1998,27158723,-0.4468681,85.52113
POL,Poland,Poland,1999,25750319,0.23143892,23.438904
POL,Poland,Poland,2000,22340612,0.8251705,15.395465
POL,Poland,Poland,2001,26960313,-0.48628512,118.42354
POL,Poland,Poland,2002,26877272,0.42212543,22.13302
POL,Poland,Poland,2003,23390757,-0.43844345,-152.05646
POL,Poland,Poland,2004,29635147,-0.40954533,-14.980841
POL,Poland,Poland,2005,26927924,-0.40212783,-58.32575
POL,Poland,Poland,2006,21775931,-0.025455454,-58.466652
POL,Poland,Poland,2007,27142811,0.6121189,66.172325
POL,Poland,Poland,2008,27664297,0.6820312,-1.6579611
POL,Poland,Poland,2009,29826416,-0.18377739,28.413101
POL,Poland,Poland,2010,27228098,-1.2136027,202.75188
POL,Poland,Poland,2011,26767403,0.16127743,-69.819534
POL,Poland,Poland,2012,28543870,-0.24672621,-6.038329
POL,Poland,Poland,2013,28455154,-0.23360795,12.702393
POL,Poland,Poland,2014,31945433,0.9064026,-1.3403769
POL,Poland,Poland,2015,28002726,1.0654203,-138.82816
POL,Poland,Poland,2016,29849223,0.49022284,58.246395
POL,Poland,Poland,2017,31924964,0.22434597,172.78912
POL,Poland,Poland,2018,26281580,1.1052234,-115.52213
POL,Poland,Poland,2019,28450920,1.5422002,-68.739044
POL,Poland,Poland,2020,35031300,1.2688414,30.083696
POL,Poland,Poland,2021,33996290,-0.12109902,69.85907
POL,Poland,Poland,2022,34987760,0.7912373,-3.207319
POL,Poland,Poland,2023,35183860,1.3719095,104.41914
POL,Poland,Poland,2024,34345780,2.1880739,6.8466873
PRI,Puerto Rico,Puerto Rico,1961,17982,-0.70038015,10.29513
PRI,Puerto Rico,Puerto Rico,1962,12049,-0.60502607,-214.29073
PRI,Puerto Rico,Puerto Rico,1963,12349,-0.4576831,25.434566
PRI,Puerto Rico,Puerto Rico,1964,16227,-0.27342573,-266.99847
PRI,Puerto Rico,Puerto Rico,1965,16227,-0.5983631,-224.6764
PRI,Puerto Rico,Puerto Rico,1966,13139,-0.42903152,-284.31052
PRI,Puerto Rico,Puerto Rico,1967,11938,-0.4328572,-397.2568
PRI,Puerto Rico,Puerto Rico,1968,7575,-0.6544731,-354.1322
PRI,Puerto Rico,Puerto Rico,1969,8129,-0.19982386,-38.609806
PRI,Puerto Rico,Puerto Rico,1970,5961,-0.31929445,163.50674
PRI,Puerto Rico,Puerto Rico,1971,5734,-0.18572044,-260.82513
PRI,Puerto Rico,Puerto Rico,1972,5689,-0.036435604,-114.80372
PRI,Puerto Rico,Puerto Rico,1973,5103,0.09536425,-103.03961
PRI,Puerto Rico,Puerto Rico,1974,5054,-0.38138184,76.02835
PRI,Puerto Rico,Puerto Rico,1975,5254,-0.51549023,-154.24538
PRI,Puerto Rico,Puerto Rico,1976,5027,-0.50564766,-275.50833
PRI,Puerto Rico,Puerto Rico,1977,5627,-0.3411064,-103.99258
PRI,Puerto Rico,Puerto Rico,1978,5615,-0.17398374,-8.375135
PRI,Puerto Rico,Puerto Rico,1979,6005,-0.5078233,535.16364
PRI,Puerto Rico,Puerto Rico,1980,5950,0.15922546,-92.03937
PRI,Puerto Rico,Puerto Rico,1981,6525,-0.062350273,276.44757
PRI,Puerto Rico,Puerto Rico,1982,6480,-0.45354876,-128.75752
PRI,Puerto Rico,Puerto Rico,1983,6363,0.12476078,56.70838
PRI,Puerto Rico,Puerto Rico,1984,4933,-0.56745833,-12.544311
PRI,Puerto Rico,Puerto Rico,1985,5286,-0.68163633,-24.831383
PRI,Puerto Rico,Puerto Rico,1986,5719,-0.58670455,100.99501
PRI,Puerto Rico,Puerto Rico,1987,2667,-0.025606314,274.9144
PRI,Puerto Rico,Puerto Rico,1988,1910,-0.27640167,39.005447
PRI,Puerto Rico,Puerto Rico,1989,780,-0.57169026,-150.3148
PRI,Puerto Rico,Puerto Rico,1990,540,-0.26494265,-73.2808
PRI,Puerto Rico,Puerto Rico,1991,500,-0.2803696,-243.59796
PRI,Puerto Rico,Puerto Rico,1992,460,-0.34130287,78.24838
PRI,Puerto Rico,Puerto Rico,1993,428,-0.08972963,-0.51107275
PRI,Puerto Rico,Puerto Rico,1994,473.24,-0.086503826,-281.75046
PRI,Puerto Rico,Puerto Rico,1995,528.66,0.10385481,-238.80367
PRI,Puerto Rico,Puerto Rico,1996,572.02,-0.5562215,157.84029
PRI,Puerto Rico,Puerto Rico,1997,616.09,-0.0962828,-263.60867
PRI,Puerto Rico,Puerto Rico,1998,1012,0.03577757,328.06287
PRI,Puerto Rico,Puerto Rico,1999,666.63,-0.54119396,165.98549
PRI,Puerto Rico,Puerto Rico,2000,662.15,-0.41512093,-250.329
PRI,Puerto Rico,Puerto Rico,2001,651.4,-0.16250165,-190.33537
PRI,Puerto Rico,Puerto Rico,2002,637.52,-0.018168768,-263.5483
PRI,Puerto Rico,Puerto Rico,2003,516.97,-0.063681126,31.28828
PRI,Puerto Rico,Puerto Rico,2004,473.86,-0.1341799,-11.766981
PRI,Puerto Rico,Puerto Rico,2005,428.49,0.13120079,405.16415
PRI,Puerto Rico,Puerto Rico,2006,381.22,0.1683402,-15.28166
PRI,Puerto Rico,Puerto Rico,2007,296.29,0.20174503,48.30745
PRI,Puerto Rico,Puerto Rico,2008,257.85,-0.2697018,156.5281
PRI,Puerto Rico,Puerto Rico,2009,221.56,0.14120977,-116.54416
PRI,Puerto Rico,Puerto Rico,2010,188.19,0.3816708,265.80756
PRI,Puerto Rico,Puerto Rico,2011,158.78,-0.2080698,360.31177
PRI,Puerto Rico,Puerto Rico,2012,11,0.23501618,-3.5201488
PRI,Puerto Rico,Puerto Rico,2013,119.99,0.11467648,97.98573
PRI,Puerto Rico,Puerto Rico,2014,58.87,0.33617115,-197.73788
PRI,Puerto Rico,Puerto Rico,2015,305.99,0.31960678,-284.67972
PRI,Puerto Rico,Puerto Rico,2016,623.91,0.2991511,233.44551
PRI,Puerto Rico,Puerto Rico,2017,975,0.23572493,332.24634
PRI,Puerto Rico,Puerto Rico,2018,1407.49,-0.06518062,-140.04298
PRI,Puerto Rico,Puerto Rico,2019,1907.99,0.23014195,-175.43678
PRI,Puerto Rico,Puerto Rico,2020,2429.03,0.39392996,16.27295
PRI,Puerto Rico,Puerto Rico,2021,2946.87,0.2158885,-213.8965
PRI,Puerto Rico,Puerto Rico,2022,3566,0.020303091,186.33218
PRI,Puerto Rico,Puerto Rico,2023,3971.24,0.6159075,-63.595413
PRI,Puerto Rico,Puerto Rico,2024,3730.83,1.0996374,260.52716
PRK,North Korea,Democratic People's Republic of Korea,1961,3583000,-0.06937266,15.240161
PRK,North Korea,Democratic People's Republic of Korea,1962,3725100,-1.042155,400.92657
PRK,North Korea,Democratic People's Republic of Korea,1963,4053500,-1.1281075,259.17575
PRK,North Korea,Democratic People's Republic of Korea,1964,4212100,-0.6963961,489.34433
PRK,North Korea,Democratic People's Republic of Korea,1965,3707000,-1.4224771,18.388191
PRK,North Korea,Democratic People's Republic of Korea,1966,4073300,-1.308705,411.1206
PRK,North Korea,Democratic People's Republic of Korea,1967,3787800,-1.2143925,82.04378
PRK,North Korea,Democratic People's Republic of Korea,1968,3662000,-0.9367179,49.36848
PRK,North Korea,Democratic People's Republic of Korea,1969,4378400,-1.7987591,123.07766
PRK,North Korea,Democratic People's Republic of Korea,1970,4364500,-1.3882831,22.843534
PRK,North Korea,Democratic People's Republic of Korea,1971,4499200,-1.2933289,225.01053
PRK,North Korea,Democratic People's Republic of Korea,1972,4309500,-0.8512152,465.0848
PRK,North Korea,Democratic People's Republic of Korea,1973,4816500,-0.78133124,85.02924
PRK,North Korea,Democratic People's Republic of Korea,1974,5068000,-1.5654141,47.281235
PRK,North Korea,Democratic People's Republic of Korea,1975,5246700,-0.29120943,46.644688
PRK,North Korea,Democratic People's Republic of Korea,1976,5490600,-1.4312243,22.90132
PRK,North Korea,Democratic People's Republic of Korea,1977,5798900,-0.58657366,-236.9446
PRK,North Korea,Democratic People's Republic of Korea,1978,5798200,-0.5761157,115.99051
PRK,North Korea,Democratic People's Republic of Korea,1979,6006100,-0.53419924,223.48808
PRK,North Korea,Democratic People's Republic of Korea,1980,5752400,-1.5614396,-174.87854
PRK,North Korea,Democratic People's Republic of Korea,1981,6254900,-1.2702085,49.824482
PRK,North Korea,Democratic People's Republic of Korea,1982,5329000,-0.40414682,-44.084667
PRK,North Korea,Democratic People's Republic of Korea,1983,5481000,-0.41139936,28.007914
PRK,North Korea,Democratic People's Republic of Korea,1984,5825000,-1.3239588,168.07574
PRK,North Korea,Democratic People's Republic of Korea,1985,5841000,-1.2439091,135.67741
PRK,North Korea,Democratic People's Republic of Korea,1986,6232000,-1.3606628,242.69725
PRK,North Korea,Democratic People's Republic of Korea,1987,6240000,-0.71496415,248.27383
PRK,North Korea,Democratic People's Republic of Korea,1988,6252000,-0.6309328,-148.5597
PRK,North Korea,Democratic People's Republic of Korea,1989,6466000,0.3214052,123.24599
PRK,North Korea,Democratic People's Republic of Korea,1990,6280305,0.33157903,574.8717
PRK,North Korea,Democratic People's Republic of Korea,1991,8823709.6,-0.38936266,-79.8559
PRK,North Korea,Democratic People's Republic of Korea,1992,8681000,-0.3287941,48.60218
PRK,North Korea,Democratic People's Republic of Korea,1993,9137000,-0.66083956,-135.62044
PRK,North Korea,Democratic People's Republic of Korea,1994,7215000,0.28299353,20.346851
PRK,North Korea,Democratic People's Republic of Korea,1995,3805000,-0.6003677,174.33759
PRK,North Korea,Democratic People's Republic of Korea,1996,2614000,-0.78220576,15.881673
PRK,North Korea,Democratic People's Republic of Korea,1997,2886000,-0.2785835,-157.4675
PRK,North Korea,Democratic People's Republic of Korea,1998,4440000,0.6863468,132.5583
PRK,North Korea,Democratic People's Republic of Korea,1999,3852000,0.13607873,-122.00053
PRK,North Korea,Democratic People's Republic of Korea,2000,2942000,-0.5196443,-37.859722
PRK,North Korea,Democratic People's Republic of Korea,2001,3879704,-0.34460768,-60.667225
PRK,North Korea,Democratic People's Republic of Korea,2002,4211000,-0.16921051,-64.504555
PRK,North Korea,Democratic People's Republic of Korea,2003,4393000,0.06840841,-33.96415
PRK,North Korea,Democratic People's Republic of Korea,2004,4485000,0.4338527,36.05039
PRK,North Korea,Democratic People's Republic of Korea,2005,4645400,-0.70418024,22.388401
PRK,North Korea,Democratic People's Republic of Korea,2006,4675500,0.22360055,-77.39792
PRK,North Korea,Democratic People's Republic of Korea,2007,3892500,0.5738764,326.7121
PRK,North Korea,Democratic People's Republic of Korea,2008,4680528.2,0.4549491,-115.17348
PRK,North Korea,Democratic People's Republic of Korea,2009,4437509.7,-0.006636689,-13.443371
PRK,North Korea,Democratic People's Republic of Korea,2010,4514870.9,-0.41545594,324.9348
PRK,North Korea,Democratic People's Republic of Korea,2011,4694507.8,-0.37461734,93.99577
PRK,North Korea,Democratic People's Republic of Korea,2012,5195203.8,-0.715367,206.15054
PRK,North Korea,Democratic People's Republic of Korea,2013,5199405.9,-0.30492258,112.6794
PRK,North Korea,Democratic People's Republic of Korea,2014,5223725.9,0.51370525,-398.6543
PRK,North Korea,Democratic People's Republic of Korea,2015,4481457.5,0.6558053,-148.29463
PRK,North Korea,Democratic People's Republic of Korea,2016,4975484.6,0.48641527,39.55004
PRK,North Korea,Democratic People's Republic of Korea,2017,4844532.3,0.20530398,-245.20737
PRK,North Korea,Democratic People's Republic of Korea,2018,4238820.4,0.12837528,23.981234
PRK,North Korea,Democratic People's Republic of Korea,2019,5707075,1.0023189,-263.03128
PRK,North Korea,Democratic People's Republic of Korea,2020,4664959.2,0.7427737,374.97308
PRK,North Korea,Democratic People's Republic of Korea,2021,4737034.8,0.8671805,33.88669
PRK,North Korea,Democratic People's Republic of Korea,2022,4777898.3,0.1495688,283.81827
PRK,North Korea,Democratic People's Republic of Korea,2023,4787300.9,1.2147437,149.79326
PRK,North Korea,Democratic People's Republic of Korea,2024,4885461.4,1.8356419,100.32935
PRT,Portugal,Portugal,1961,1483275,0.31840244,62.63696
PRT,Portugal,Portugal,1962,1764009,-0.5465563,-53.45144
PRT,Portugal,Portugal,1963,1665281,-0.80374783,437.26672
PRT,Portugal,Portugal,1964,1537996,-0.5730919,-66.78766
PRT,Portugal,Portugal,1965,1595082,-0.68587,169.92772
PRT,Portugal,Portugal,1966,1347319,-0.50726193,309.5113
PRT,Portugal,Portugal,1967,1790402,-0.8745518,-148.9483
PRT,Portugal,Portugal,1968,1941496,-0.4981419,86.596054
PRT,Portugal,Portugal,1969,1555225,-1.136073,254.10556
PRT,Portugal,Portugal,1970,1676672,-0.7665778,-5.951926
PRT,Portugal,Portugal,1971,1928939,-1.4096836,5.016474
PRT,Portugal,Portugal,1972,1669134,-1.7259432,277.08014
PRT,Portugal,Portugal,1973,1529337,-0.8950402,-66.75198
PRT,Portugal,Portugal,1974,1524470,-1.1396288,-53.60433
PRT,Portugal,Portugal,1975,1602626,-1.1751416,-101.06224
PRT,Portugal,Portugal,1976,1628897,-0.96005756,-12.130574
PRT,Portugal,Portugal,1977,1017335,-1.1505865,216.41806
PRT,Portugal,Portugal,1978,1119802,-2.3783255,163.91275
PRT,Portugal,Portugal,1979,1134210,-0.8975764,246.88832
PRT,Portugal,Portugal,1980,1407823,-0.7196079,-178.65549
PRT,Portugal,Portugal,1981,1089103,-0.054881096,-60.849396
PRT,Portugal,Portugal,1982,1291407,-0.56131005,-169.01215
PRT,Portugal,Portugal,1983,1145688,-0.5944927,11.571527
PRT,Portugal,Portugal,1984,1469416,-0.93940306,40.38405
PRT,Portugal,Portugal,1985,1379569,-0.3543408,142.91266
PRT,Portugal,Portugal,1986,1656348,-0.7943372,-97.95306
PRT,Portugal,Portugal,1987,1719077,0.14389054,148.72156
PRT,Portugal,Portugal,1988,1465352,-0.44303608,-0.4207977
PRT,Portugal,Portugal,1989,1833280,0.51970476,199.15417
PRT,Portugal,Portugal,1990,1427010,0.13639982,-131.80502
PRT,Portugal,Portugal,1991,1789423,-0.2340436,-155.88387
PRT,Portugal,Portugal,1992,1387311,-0.48172554,-212.1621
PRT,Portugal,Portugal,1993,1478937,-1.1141055,21.649054
PRT,Portugal,Portugal,1994,1630319,-0.27102575,-75.17467
PRT,Portugal,Portugal,1995,1394255,0.8947811,39.754864
PRT,Portugal,Portugal,1996,1607468,-0.26382303,253.54948
PRT,Portugal,Portugal,1997,1509650,0.6323223,270.07477
PRT,Portugal,Portugal,1998,1398328,0.10229969,-137.82211
PRT,Portugal,Portugal,1999,1655612,-0.36592278,-44.477505
PRT,Portugal,Portugal,2000,1614404,-0.20226116,171.52812
PRT,Portugal,Portugal,2001,1303355,-0.13191855,186.70593
PRT,Portugal,Portugal,2002,1502831,-0.10523327,141.01537
PRT,Portugal,Portugal,2003,1191546,0.20383461,101.41278
PRT,Portugal,Portugal,2004,1374973,-0.09739026,-196.26581
PRT,Portugal,Portugal,2005,823081.62,-0.085572444,-212.56921
PRT,Portugal,Portugal,2006,1197572,0.3593903,140.41801
PRT,Portugal,Portugal,2007,1066037,-0.42547345,-211.31873
PRT,Portugal,Portugal,2008,1311584,-0.5077011,-90.61347
PRT,Portugal,Portugal,2009,1118225,0.29301772,41.31807
PRT,Portugal,Portugal,2010,1019204,0.0007578532,266.99203
PRT,Portugal,Portugal,2011,1157421,0.4174118,-33.995834
PRT,Portugal,Portugal,2012,1178144,-0.38169065,-139.83246
PRT,Portugal,Portugal,2013,1362407,-0.19155192,96.1516
PRT,Portugal,Portugal,2014,1333258,0.01560982,223.63838
PRT,Portugal,Portugal,2015,1240203,0.35524917,-213.81456
PRT,Portugal,Portugal,2016,1138085,0.24900961,94.70109
PRT,Portugal,Portugal,2017,1125906,0.76168203,-266.5835
PRT,Portugal,Portugal,2018,1114440,-0.17979829,100.3189
PRT,Portugal,Portugal,2019,1161140,0.11559415,-83.0298
PRT,Portugal,Portugal,2020,1053530,0.63827485,-75.684845
PRT,Portugal,Portugal,2021,1125650,0.1154207,-52.511322
PRT,Portugal,Portugal,2022,1018080,1.0517495,10.690113
PRT,Portugal,Portugal,2023,1042410,0.9615777,-65.46831
PRT,Portugal,Portugal,2024,1017320,0.82940245,-12.433207
PRY,Paraguay,Paraguay,1961,139700,0.44635916,-173.91812
PRY,Paraguay,Paraguay,1962,150800,-1.7165409,-192.5196
PRY,Paraguay,Paraguay,1963,147800,0.30049977,-186.31656
PRY,Paraguay,Paraguay,1964,236680,-1.0110115,-254.96442
PRY,Paraguay,Paraguay,1965,242600,-1.1939174,126.1388
PRY,Paraguay,Paraguay,1966,188660,-0.47868267,-127.49278
PRY,Paraguay,Paraguay,1967,272370,-0.1380965,177.94167
PRY,Paraguay,Paraguay,1968,238802,-0.39430508,15.148876
PRY,Paraguay,Paraguay,1969,217533,0.0980916,-46.88822
PRY,Paraguay,Paraguay,1970,303018,-0.18218867,44.88221
PRY,Paraguay,Paraguay,1971,338000,-1.3214537,214.68378
PRY,Paraguay,Paraguay,1972,271475,-0.10050663,7.5269394
PRY,Paraguay,Paraguay,1973,316539,-0.41261658,108.26986
PRY,Paraguay,Paraguay,1974,374822,-1.1740593,30.5464
PRY,Paraguay,Paraguay,1975,382564,-0.79574364,-222.73592
PRY,Paraguay,Paraguay,1976,446457,-1.3761573,-148.2909
PRY,Paraguay,Paraguay,1977,506601,0.049259823,-65.66091
PRY,Paraguay,Paraguay,1978,459540,0.11013969,-305.3275
PRY,Paraguay,Paraguay,1979,463665,-0.66040355,162.79832
PRY,Paraguay,Paraguay,1980,484479,-0.66792697,244.0521
PRY,Paraguay,Paraguay,1981,467375,-0.578777,10.458284
PRY,Paraguay,Paraguay,1982,556650,-0.56366426,242.49661
PRY,Paraguay,Paraguay,1983,447531,-1.3005704,449.307
PRY,Paraguay,Paraguay,1984,448828,-0.56816036,202.23541
PRY,Paraguay,Paraguay,1985,570883,-0.41059193,6.177527
PRY,Paraguay,Paraguay,1986,572018,-0.10257212,258.46054
PRY,Paraguay,Paraguay,1987,679330,-0.7048726,348.26675
PRY,Paraguay,Paraguay,1988,895295,-0.80274373,-62.227673
PRY,Paraguay,Paraguay,1989,843403,-1.0093616,249.75594
PRY,Paraguay,Paraguay,1990,779265,-0.6916706,334.82523
PRY,Paraguay,Paraguay,1991,689192,-0.12831338,53.963863
PRY,Paraguay,Paraguay,1992,778097,-1.2087151,447.75696
PRY,Paraguay,Paraguay,1993,951831.8,-0.45229945,-14.071941
PRY,Paraguay,Paraguay,1994,931695,0.4099423,138.91072
PRY,Paraguay,Paraguay,1995,1130558,-0.1472826,25.414171
PRY,Paraguay,Paraguay,1996,1296764.4,-0.6367238,307.70523
PRY,Paraguay,Paraguay,1997,1560599.2,0.2477444,271.91812
PRY,Paraguay,Paraguay,1998,1204788.8,-0.70199174,384.84732
PRY,Paraguay,Paraguay,1999,1147634.5,-0.4288187,-92.50538
PRY,Paraguay,Paraguay,2000,1013677,-0.47310606,101.79455
PRY,Paraguay,Paraguay,2001,1628020,0.17142995,1.0289423
PRY,Paraguay,Paraguay,2002,1548965,0.6939244,-165.5758
PRY,Paraguay,Paraguay,2003,1908170,0.10524098,-75.28428
PRY,Paraguay,Paraguay,2004,1979103,-0.28957954,-204.03732
PRY,Paraguay,Paraguay,2005,1749200,-0.16486359,-125.91141
PRY,Paraguay,Paraguay,2006,2423773.3,0.48417792,-98.19791
PRY,Paraguay,Paraguay,2007,2963942.5,-0.1139342,-116.41441
PRY,Paraguay,Paraguay,2008,3442536,-0.28429905,-86.60188
PRY,Paraguay,Paraguay,2009,3166135,0.21461296,-93.42624
PRY,Paraguay,Paraguay,2010,4975564,-0.34096718,-134.88992
PRY,Paraguay,Paraguay,2011,5367547,-0.1572655,-113.68725
PRY,Paraguay,Paraguay,2012,5160750,0.4624246,-163.94833
PRY,Paraguay,Paraguay,2013,6272395,-0.1130352,-169.80554
PRY,Paraguay,Paraguay,2014,4931500,0.5333412,145.98117
PRY,Paraguay,Paraguay,2015,7090736,0.8193881,293.9765
PRY,Paraguay,Paraguay,2016,7262200,-0.46311188,-26.751465
PRY,Paraguay,Paraguay,2017,7207780,0.6030612,69.33559
PRY,Paraguay,Paraguay,2018,7069529,-0.19140641,-21.01288
PRY,Paraguay,Paraguay,2019,8112030,0.59907055,-98.68239
PRY,Paraguay,Paraguay,2020,8433186,0.9513704,-441.8288
PRY,Paraguay,Paraguay,2021,6304401,0.21099503,-375.87402
PRY,Paraguay,Paraguay,2022,6604955,0.1347351,-338.55576
PRY,Paraguay,Paraguay,2023,6475400,1.417611,-243.31573
PRY,Paraguay,Paraguay,2024,5806160.4,1.4286791,-455.92987
PSE,Palestine,Palestine,1991,0,-0.9727738,118.07668
PSE,Palestine,Palestine,1992,0,-2.0108864,169.48886
PSE,Palestine,Palestine,1993,0,-0.962892,-69.76253
PSE,Palestine,Palestine,1994,32334,-0.3097857,144.4951
PSE,Palestine,Palestine,1995,65775,-0.78993267,-111.32285
PSE,Palestine,Palestine,1996,51502,-0.28429714,5.207771
PSE,Palestine,Palestine,1997,42863,-0.74406666,72.27584
PSE,Palestine,Palestine,1998,52522,0.2907959,-31.619276
PSE,Palestine,Palestine,1999,13966,0.27582374,-155.21848
PSE,Palestine,Palestine,2000,67842,-0.3453907,-1.245174
PSE,Palestine,Palestine,2001,40182,0.284609,-67.243
PSE,Palestine,Palestine,2002,77439,0.17009163,89.30305
PSE,Palestine,Palestine,2003,68061,-0.061464787,49.930115
PSE,Palestine,Palestine,2004,62406,-0.1651996,-22.569765
PSE,Palestine,Palestine,2005,68377.98,-0.40343365,-34.530293
PSE,Palestine,Palestine,2006,55399.91,-0.51916605,-40.488735
PSE,Palestine,Palestine,2007,55347.08,-0.07358233,-42.727562
PSE,Palestine,Palestine,2008,42146.75,0.20522547,-76.90201
PSE,Palestine,Palestine,2009,40405.42,0.3524537,-34.831146
PSE,Palestine,Palestine,2010,26979.89,1.7069451,-88.715836
PSE,Palestine,Palestine,2011,24651.39,-0.25493288,27.941338
PSE,Palestine,Palestine,2012,35904.55,0.39196205,47.444614
PSE,Palestine,Palestine,2013,59055.3,0.18756016,-16.68152
PSE,Palestine,Palestine,2014,59111.97,0.26329604,-61.488575
PSE,Palestine,Palestine,2015,50142.56,0.22952302,20.920216
PSE,Palestine,Palestine,2016,57726.61,0.7105232,-24.744093
PSE,Palestine,Palestine,2017,55234.52,0.40185127,-133.94815
PSE,Palestine,Palestine,2018,88237.98,1.2211314,131.78647
PSE,Palestine,Palestine,2019,50640,0.44991207,51.32964
PSE,Palestine,Palestine,2020,50660,0.7560938,85.83928
PSE,Palestine,Palestine,2021,35858,1.074557,-91.3412
PSE,Palestine,Palestine,2022,46264.64,0.38655224,-64.444916
QAT,Qatar,Qatar,1961,0,-1.0849012,-28.513203
QAT,Qatar,Qatar,1962,0,-0.548909,-35.244583
QAT,Qatar,Qatar,1963,0,-0.8712902,-26.732128
QAT,Qatar,Qatar,1964,0,-1.662865,87.73085
QAT,Qatar,Qatar,1965,0,-0.9102988,-31.435541
QAT,Qatar,Qatar,1966,0,-0.5275755,-32.489796
QAT,Qatar,Qatar,1967,0,-1.334864,-41.589394
QAT,Qatar,Qatar,1968,0,-1.2702942,-26.448246
QAT,Qatar,Qatar,1969,0,-0.90828866,29.828709
QAT,Qatar,Qatar,1970,0,-1.0086733,-45.89948
QAT,Qatar,Qatar,1971,161,-1.4130317,-43.634045
QAT,Qatar,Qatar,1972,218,-1.8359951,56.191345
QAT,Qatar,Qatar,1973,207,-1.1003727,-50.9345
QAT,Qatar,Qatar,1974,236,-1.2682991,-9.029577
QAT,Qatar,Qatar,1975,261,-1.2883784,-29.094908
QAT,Qatar,Qatar,1976,446,-1.5994133,40.586887
QAT,Qatar,Qatar,1977,370,-0.8445751,0.023894913
QAT,Qatar,Qatar,1978,465,-0.9986413,-47.171646
QAT,Qatar,Qatar,1979,530,-0.54802877,57.198822
QAT,Qatar,Qatar,1980,640,-0.60254496,-36.677498
QAT,Qatar,Qatar,1981,735,-0.58196384,-44.784073
QAT,Qatar,Qatar,1982,1368,-1.736237,102.87459
QAT,Qatar,Qatar,1983,871,-1.7104114,-4.2296386
QAT,Qatar,Qatar,1984,1127,-1.0756787,-31.475664
QAT,Qatar,Qatar,1985,1539,-0.89044446,-40.42792
QAT,Qatar,Qatar,1986,1977,-0.79080105,-9.718227
QAT,Qatar,Qatar,1987,3020,-0.546587,-4.7198105
QAT,Qatar,Qatar,1988,3224,-0.5369537,10.126854
QAT,Qatar,Qatar,1989,3297,-1.1464363,6.220105
QAT,Qatar,Qatar,1990,3135,-0.6354279,-18.150152
QAT,Qatar,Qatar,1991,3749,-1.3575212,-8.815391
QAT,Qatar,Qatar,1992,3872,-1.780562,107.44885
QAT,Qatar,Qatar,1993,5368,-0.8694237,-5.2529726
QAT,Qatar,Qatar,1994,3940,-0.4850297,-48.545033
QAT,Qatar,Qatar,1995,4256,-0.9364996,112.992
QAT,Qatar,Qatar,1996,5195,-0.2895306,18.721127
QAT,Qatar,Qatar,1997,5768,-0.87025595,83.87125
QAT,Qatar,Qatar,1998,5750,0.5158594,-2.2032204
QAT,Qatar,Qatar,1999,7102,0.5644738,-29.940197
QAT,Qatar,Qatar,2000,7215,-0.07080952,-13.11273
QAT,Qatar,Qatar,2001,6584,0.08426873,-58.488544
QAT,Qatar,Qatar,2002,6466.77,0.09068187,-23.804224
QAT,Qatar,Qatar,2003,7083,0.13893764,-13.780335
QAT,Qatar,Qatar,2004,5490,0.08144394,-19.065495
QAT,Qatar,Qatar,2005,7094,-0.19856484,-21.456102
QAT,Qatar,Qatar,2006,6740,0.29804787,49.45447
QAT,Qatar,Qatar,2007,5002,0.39940023,-41.535362
QAT,Qatar,Qatar,2008,3150,0.16399789,-29.265972
QAT,Qatar,Qatar,2009,2219.6,0.32871318,1.4447784
QAT,Qatar,Qatar,2010,2665,0.8162222,-45.0172
QAT,Qatar,Qatar,2011,1700,0.073330246,-8.47006
QAT,Qatar,Qatar,2012,1908,0.22116248,-31.508131
QAT,Qatar,Qatar,2013,2259,-0.5109131,8.314413
QAT,Qatar,Qatar,2014,2455,-0.08266386,-15.582224
QAT,Qatar,Qatar,2015,1800.5,0.7145624,0.4439732
QAT,Qatar,Qatar,2016,1377.3,0.1246678,-1.809431
QAT,Qatar,Qatar,2017,1374,0.58787316,34.075653
QAT,Qatar,Qatar,2018,2308,0.9614547,-13.028261
QAT,Qatar,Qatar,2019,1011,0.6764884,43.281414
QAT,Qatar,Qatar,2020,1503.3,0.6101899,-29.367023
QAT,Qatar,Qatar,2021,3305,1.0529689,-57.247982
QAT,Qatar,Qatar,2022,1193.9,0.8688542,-38.25849
QAT,Qatar,Qatar,2023,2209.4,0.99056244,14.197334
QAT,Qatar,Qatar,2024,1769,0.8903942,24.037899
ROU,Romania,Romania,1961,10612300,-0.3593304,-148.06535
ROU,Romania,Romania,1962,9677400,-0.89589435,-68.329605
ROU,Romania,Romania,1963,10436000,-1.1571761,-77.86583
ROU,Romania,Romania,1964,11106700,-1.3888139,41.410984
ROU,Romania,Romania,1965,12601312,-1.6100117,-7.3435087
ROU,Romania,Romania,1966,13899300,-0.014712441,154.15309
ROU,Romania,Romania,1967,13511667,-0.69586354,0.9242817
ROU,Romania,Romania,1968,12770349,-0.47407946,-2.466177
ROU,Romania,Romania,1969,12823540,-1.4853402,147.9327
ROU,Romania,Romania,1970,10631666,-0.858906,197.12509
ROU,Romania,Romania,1971,14529700,-0.847534,80.20454
ROU,Romania,Romania,1972,16912500,-0.7224524,214.87425
ROU,Romania,Romania,1973,13810300,-1.2462543,-11.460721
ROU,Romania,Romania,1974,13550200,-0.8082521,97.979095
ROU,Romania,Romania,1975,15265815,-0.306882,56.564262
ROU,Romania,Romania,1976,19791000,-1.7899027,36.429363
ROU,Romania,Romania,1977,18614036,-0.69120294,-8.564684
ROU,Romania,Romania,1978,18313459,-1.6296902,86.30298
ROU,Romania,Romania,1979,18586967,-0.76136273,131.86987
ROU,Romania,Romania,1980,19366677,-1.8855997,192.61829
ROU,Romania,Romania,1981,16372668,-0.88973385,135.84184
ROU,Romania,Romania,1982,19954166,-0.9050692,-34.069107
ROU,Romania,Romania,1983,17665584,-0.45176852,-83.4816
ROU,Romania,Romania,1984,20044700,-1.1120213,75.43554
ROU,Romania,Romania,1985,19502800,-1.9511687,1.120235
ROU,Romania,Romania,1986,19725200,-0.8061824,-103.08575
ROU,Romania,Romania,1987,16889500,-1.3960117,-4.8106194
ROU,Romania,Romania,1988,19286400,-0.893717,83.02503
ROU,Romania,Romania,1989,18379030,-0.12970656,-10.184628
ROU,Romania,Romania,1990,17173554,0.042881325,-125.91785
ROU,Romania,Romania,1991,19306621,-1.3640952,112.9845
ROU,Romania,Romania,1992,12288452,-0.56029266,-106.03165
ROU,Romania,Romania,1993,15493054,-1.209771,-32.291553
ROU,Romania,Romania,1994,18183777,0.63067925,-96.30498
ROU,Romania,Romania,1995,19882827,-0.74855167,92.172806
ROU,Romania,Romania,1996,14199688,-1.3077556,66.96952
ROU,Romania,Romania,1997,22107324,-1.2998904,105.04162
ROU,Romania,Romania,1998,15452719,-0.66574305,58.755634
ROU,Romania,Romania,1999,17037346,0.062286478,117.99373
ROU,Romania,Romania,2000,10477506,0.4929247,-197.89035
ROU,Romania,Romania,2001,18870926,-0.1611266,45.964314
ROU,Romania,Romania,2002,14356504,0.26782176,3.642891
ROU,Romania,Romania,2003,12964404,-0.6526968,-137.58891
ROU,Romania,Romania,2004,24399681,-0.43236366,43.649307
ROU,Romania,Romania,2005,19347775,-0.8043601,244.56316
ROU,Romania,Romania,2006,15759324,-0.47155944,18.26545
ROU,Romania,Romania,2007,7814825,0.91473705,-4.5884523
ROU,Romania,Romania,2008,16826441,0.522218,-53.48981
ROU,Romania,Romania,2009,14872952,0.5523966,-58.165325
ROU,Romania,Romania,2010,16712883,-0.015715847,168.7677
ROU,Romania,Romania,2011,20842160,-0.33093116,-221.4256
ROU,Romania,Romania,2012,12824138,0.45464158,-82.6723
ROU,Romania,Romania,2013,20897076,0.44042394,-5.4514837
ROU,Romania,Romania,2014,22070736,0.6136804,103.49009
ROU,Romania,Romania,2015,19332821,0.97166944,-77.41264
ROU,Romania,Romania,2016,21764816,0.44339705,95.07438
ROU,Romania,Romania,2017,27138884,0.4043603,-49.96425
ROU,Romania,Romania,2018,31552790,0.8178256,-7.5362086
ROU,Romania,Romania,2019,30411970,1.3480983,-106.27312
ROU,Romania,Romania,2020,18153430,1.0876927,-40.248466
ROU,Romania,Romania,2021,27791090,0.08099995,12.504996
ROU,Romania,Romania,2022,18860480,0.91746444,-146.61638
ROU,Romania,Romania,2023,20784510,1.5916082,-18.046814
ROU,Romania,Romania,2024,17864380,2.119537,-124.00667
RUS,Russia,Russian Federation,1992,1.0379399e+08,-0.9333341,-13.762535
RUS,Russia,Russian Federation,1993,96225194,-0.68005353,-8.342153
RUS,Russia,Russian Federation,1994,78650928,-0.9233834,13.474035
RUS,Russia,Russian Federation,1995,61901840,0.8131082,32.25131
RUS,Russia,Russian Federation,1996,67441814,-0.910379,-6.846919
RUS,Russia,Russian Federation,1997,86710503,-0.44129196,24.59188
RUS,Russia,Russian Federation,1998,46853327,-1.3768448,14.622798
RUS,Russia,Russian Federation,1999,53778631,-0.8876036,-22.470665
RUS,Russia,Russian Federation,2000,64242691,-0.66286576,-9.43602
RUS,Russia,Russian Federation,2001,83303483,-0.58250505,0.97202235
RUS,Russia,Russian Federation,2002,84730327,-0.19773835,-2.8906963
RUS,Russia,Russian Federation,2003,65335462,0.13117748,-22.278292
RUS,Russia,Russian Federation,2004,75986000,-0.47732756,13.598636
RUS,Russia,Russian Federation,2005,76192100,0.5143623,-15.859121
RUS,Russia,Russian Federation,2006,76494549,-0.70520926,13.570415
RUS,Russia,Russian Federation,2007,80207513,1.0426636,29.482445
RUS,Russia,Russian Federation,2008,1.0641789e+08,0.70492506,24.480732
RUS,Russia,Russian Federation,2009,95615476,-0.63617706,-14.583886
RUS,Russia,Russian Federation,2010,59619074,-0.56716305,-18.320278
RUS,Russia,Russian Federation,2011,91780915,0.58655137,-22.004992
RUS,Russia,Russian Federation,2012,68753479,0.09070984,-10.717558
RUS,Russia,Russian Federation,2013,90364971,0.24733011,15.934233
RUS,Russia,Russian Federation,2014,1.031359e+08,0.065964065,-11.166175
RUS,Russia,Russian Federation,2015,1.0244449e+08,0.8883582,5.8764844
RUS,Russia,Russian Federation,2016,1.1775322e+08,0.709276,-14.201041
RUS,Russia,Russian Federation,2017,1.3129483e+08,0.90820354,20.656775
RUS,Russia,Russian Federation,2018,1.0983913e+08,0.34832743,-17.689442
RUS,Russia,Russian Federation,2019,1.178787e+08,0.9494689,12.647404
RUS,Russia,Russian Federation,2020,1.3003898e+08,2.2475843,5.104969
RUS,Russia,Russian Federation,2021,1.1758076e+08,0.061609555,3.5106933
RUS,Russia,Russian Federation,2022,1.53103e+08,0.9871259,14.153949
RUS,Russia,Russian Federation,2023,1.3633549e+08,0.9382239,-0.663866
RUS,Russia,Russian Federation,2024,1.2040017e+08,1.2474487,-12.559514
RWA,Rwanda,Rwanda,1961,133290,-1.115674,525.37225
RWA,Rwanda,Rwanda,1962,241286,-1.4886919,767.3283
RWA,Rwanda,Rwanda,1963,138927,-1.1595769,586.41644
RWA,Rwanda,Rwanda,1964,171009,-1.3147436,306.71277
RWA,Rwanda,Rwanda,1965,177702,-1.0822659,245.89333
RWA,Rwanda,Rwanda,1966,195570,-0.942753,281.5205
RWA,Rwanda,Rwanda,1967,202304,-0.9674802,391.4217
RWA,Rwanda,Rwanda,1968,167606,-1.023045,574.0382
RWA,Rwanda,Rwanda,1969,170692,-0.6696002,132.78883
RWA,Rwanda,Rwanda,1970,224801,-0.797972,386.02863
RWA,Rwanda,Rwanda,1971,202435,-1.3164784,411.9138
RWA,Rwanda,Rwanda,1972,200886,-1.2834454,729.0826
RWA,Rwanda,Rwanda,1973,204248,-0.79841566,167.88927
RWA,Rwanda,Rwanda,1974,191488,-1.2987124,309.99844
RWA,Rwanda,Rwanda,1975,219392,-1.3599067,540.5706
RWA,Rwanda,Rwanda,1976,234042,-1.2648355,355.2336
RWA,Rwanda,Rwanda,1977,251013,-0.698682,474.12845
RWA,Rwanda,Rwanda,1978,268321,-0.7230857,428.016
RWA,Rwanda,Rwanda,1979,254496,-0.4640945,199.30887
RWA,Rwanda,Rwanda,1980,272570,-0.45679554,149.02353
RWA,Rwanda,Rwanda,1981,286273,-0.5301054,357.84305
RWA,Rwanda,Rwanda,1982,315917,-0.40413842,242.25185
RWA,Rwanda,Rwanda,1983,310385,-0.11981121,81.2569
RWA,Rwanda,Rwanda,1984,296475,-0.7928602,102.37195
RWA,Rwanda,Rwanda,1985,336601,-0.8266966,443.78085
RWA,Rwanda,Rwanda,1986,297331,-0.5089434,441.34232
RWA,Rwanda,Rwanda,1987,292285,0.12789838,493.83
RWA,Rwanda,Rwanda,1988,291592,-0.2967423,352.56436
RWA,Rwanda,Rwanda,1989,261500,-0.5736373,275.4684
RWA,Rwanda,Rwanda,1990,264908,-0.21417125,281.93024
RWA,Rwanda,Rwanda,1991,340704.78,-0.47704634,282.98035
RWA,Rwanda,Rwanda,1992,239687.4,-0.4060367,95.20313
RWA,Rwanda,Rwanda,1993,233498.11,-0.21490209,-137.19785
RWA,Rwanda,Rwanda,1994,130072.51,-0.47223505,132.87462
RWA,Rwanda,Rwanda,1995,142395.7,-0.2586193,23.60501
RWA,Rwanda,Rwanda,1996,183428.88,-0.482203,2.508141
RWA,Rwanda,Rwanda,1997,223433,-0.16055314,213.70995
RWA,Rwanda,Rwanda,1998,194226,0.10695442,3.1537757
RWA,Rwanda,Rwanda,1999,179004,-0.5658024,-206.66821
RWA,Rwanda,Rwanda,2000,239705,-0.23796988,-300.5249
RWA,Rwanda,Rwanda,2001,284708.4,-0.60060024,86.03493
RWA,Rwanda,Rwanda,2002,308447,-0.18839121,-13.540575
RWA,Rwanda,Rwanda,2003,297669,0.04834509,-297.47147
RWA,Rwanda,Rwanda,2004,318944,0.12156073,-159.50764
RWA,Rwanda,Rwanda,2005,413314,0.2984678,-142.37697
RWA,Rwanda,Rwanda,2006,370523,-0.05500539,216.6836
RWA,Rwanda,Rwanda,2007,356292,-0.22580941,-93.94028
RWA,Rwanda,Rwanda,2008,406100,-0.35484442,-186.39876
RWA,Rwanda,Rwanda,2009,557568.47,0.043720882,9.782288
RWA,Rwanda,Rwanda,2010,676547.9,0.46538067,0.64195895
RWA,Rwanda,Rwanda,2011,775438.56,-0.28808498,202.82358
RWA,Rwanda,Rwanda,2012,808340.12,-0.13621299,154.90778
RWA,Rwanda,Rwanda,2013,932107.27,0.1885298,55.29201
RWA,Rwanda,Rwanda,2014,582270,0.19192028,-146.8979
RWA,Rwanda,Rwanda,2015,612865,0.49962568,27.94441
RWA,Rwanda,Rwanda,2016,662566.51,0.9344247,-228.07092
RWA,Rwanda,Rwanda,2017,685611.43,0.5699889,-203.64961
RWA,Rwanda,Rwanda,2018,711445.6,0.22967656,245.32751
RWA,Rwanda,Rwanda,2019,732107.12,0.6032133,77.46676
RWA,Rwanda,Rwanda,2020,751906.56,0.82249355,285.30536
RWA,Rwanda,Rwanda,2021,809832,0.62675333,-85.0766
RWA,Rwanda,Rwanda,2022,807219.18,0.45517477,120.68645
RWA,Rwanda,Rwanda,2023,846384.42,0.9197423,213.52763
RWA,Rwanda,Rwanda,2024,975198.81,1.3497568,129.3723
SAU,Saudi Arabia,Saudi Arabia,1961,360800,-1.9307461,15.715365
SAU,Saudi Arabia,Saudi Arabia,1962,360320,-1.2416866,-25.137482
SAU,Saudi Arabia,Saudi Arabia,1963,393748,-1.6227318,27.360945
SAU,Saudi Arabia,Saudi Arabia,1964,397300,-2.5485327,24.183601
SAU,Saudi Arabia,Saudi Arabia,1965,419300,-1.9707292,22.854591
SAU,Saudi Arabia,Saudi Arabia,1966,424450,-1.321966,-13.769793
SAU,Saudi Arabia,Saudi Arabia,1967,424174,-2.4385889,18.9688
SAU,Saudi Arabia,Saudi Arabia,1968,431700,-1.7760229,15.959798
SAU,Saudi Arabia,Saudi Arabia,1969,430000,-1.1133476,-2.6105692
SAU,Saudi Arabia,Saudi Arabia,1970,433000,-1.5193352,-24.99864
SAU,Saudi Arabia,Saudi Arabia,1971,314678,-2.2160509,1.1490924
SAU,Saudi Arabia,Saudi Arabia,1972,109952,-2.049186,49.179634
SAU,Saudi Arabia,Saudi Arabia,1973,113102,-1.2945769,-24.126612
SAU,Saudi Arabia,Saudi Arabia,1974,300236,-1.734436,24.683474
SAU,Saudi Arabia,Saudi Arabia,1975,289186,-1.8675241,31.510042
SAU,Saudi Arabia,Saudi Arabia,1976,282106,-1.7119166,1.3355345
SAU,Saudi Arabia,Saudi Arabia,1977,294271,-1.3084891,9.07514
SAU,Saudi Arabia,Saudi Arabia,1978,301519,-1.1878927,-19.767107
SAU,Saudi Arabia,Saudi Arabia,1979,349887,-0.5594713,-5.7398796
SAU,Saudi Arabia,Saudi Arabia,1980,266238,-0.6296396,-16.306717
SAU,Saudi Arabia,Saudi Arabia,1981,294042,-0.76735806,-20.222355
SAU,Saudi Arabia,Saudi Arabia,1982,488520,-1.860034,40.313457
SAU,Saudi Arabia,Saudi Arabia,1983,874586,-1.7473978,18.221804
SAU,Saudi Arabia,Saudi Arabia,1984,1443643,-1.2879608,-7.4895105
SAU,Saudi Arabia,Saudi Arabia,1985,2187821,-1.0162448,10.581394
SAU,Saudi Arabia,Saudi Arabia,1986,2460924,-1.1282426,17.441658
SAU,Saudi Arabia,Saudi Arabia,1987,2929420,-0.41237435,-6.458081
SAU,Saudi Arabia,Saudi Arabia,1988,3692086,-0.6772535,0.20968288
SAU,Saudi Arabia,Saudi Arabia,1989,3931967,-1.2739006,-2.2852738
SAU,Saudi Arabia,Saudi Arabia,1990,4136772,-0.6500824,-24.48066
SAU,Saudi Arabia,Saudi Arabia,1991,4574269,-0.8015215,-4.4907527
SAU,Saudi Arabia,Saudi Arabia,1992,4702572,-2.0088542,26.977875
SAU,Saudi Arabia,Saudi Arabia,1993,5042521,-0.97994477,22.80863
SAU,Saudi Arabia,Saudi Arabia,1994,4859501,-0.59665114,-13.167242
SAU,Saudi Arabia,Saudi Arabia,1995,2668863,-0.748334,43.627026
SAU,Saudi Arabia,Saudi Arabia,1996,1931516,-0.21927102,24.381706
SAU,Saudi Arabia,Saudi Arabia,1997,2338534,-0.87736773,48.162518
SAU,Saudi Arabia,Saudi Arabia,1998,2201566,0.2622057,7.729479
SAU,Saudi Arabia,Saudi Arabia,1999,2454119,0.2566669,-11.219472
SAU,Saudi Arabia,Saudi Arabia,2000,2167394,-0.17302132,-13.186863
SAU,Saudi Arabia,Saudi Arabia,2001,2591615,0.0046501956,-14.46167
SAU,Saudi Arabia,Saudi Arabia,2002,2852747,-0.12954004,2.7061448
SAU,Saudi Arabia,Saudi Arabia,2003,2948817,0.15546124,-7.2319813
SAU,Saudi Arabia,Saudi Arabia,2004,3189319,-0.08106359,5.245886
SAU,Saudi Arabia,Saudi Arabia,2005,3006637,-0.05282704,3.172884
SAU,Saudi Arabia,Saudi Arabia,2006,3042777,0.031421024,6.9686527
SAU,Saudi Arabia,Saudi Arabia,2007,2960073,0.09605638,-24.927635
SAU,Saudi Arabia,Saudi Arabia,2008,2431704,-0.20501852,-13.28329
SAU,Saudi Arabia,Saudi Arabia,2009,1585994,0.26623997,-14.353217
SAU,Saudi Arabia,Saudi Arabia,2010,1565155,1.0370197,-23.957373
SAU,Saudi Arabia,Saudi Arabia,2011,1414016,-0.11830036,-17.353817
SAU,Saudi Arabia,Saudi Arabia,2012,1084597,0.28964162,-25.398401
SAU,Saudi Arabia,Saudi Arabia,2013,881553,-0.1310579,12.217165
SAU,Saudi Arabia,Saudi Arabia,2014,1568940,0.30935708,-16.65642
SAU,Saudi Arabia,Saudi Arabia,2015,1616813,0.77996475,-2.8689692
SAU,Saudi Arabia,Saudi Arabia,2016,1507153,0.56337667,-0.46257395
SAU,Saudi Arabia,Saudi Arabia,2017,1493943,0.8694369,-15.999735
SAU,Saudi Arabia,Saudi Arabia,2018,1378885,0.8983789,25.318596
SAU,Saudi Arabia,Saudi Arabia,2019,1293633,0.74544,3.627812
SAU,Saudi Arabia,Saudi Arabia,2020,1250955,0.5574553,-13.924963
SAU,Saudi Arabia,Saudi Arabia,2021,877638,1.1754614,-29.24353
SAU,Saudi Arabia,Saudi Arabia,2022,1068752,0.838319,-12.615932
SAU,Saudi Arabia,Saudi Arabia,2023,1710085.9,0.9759929,26.890179
SAU,Saudi Arabia,Saudi Arabia,2024,1174874.4,1.1555504,3.0848186
SDN,Sudan,Sudan,2012,3038000,0.0954059,-25.553467
SDN,Sudan,Sudan,2013,5959500,0.4412724,-24.872353
SDN,Sudan,Sudan,2014,8072300,0.31378332,7.3118186
SDN,Sudan,Sudan,2015,4104600,0.449687,-74.07788
SDN,Sudan,Sudan,2016,8523000,0.592632,-40.507412
SDN,Sudan,Sudan,2017,5519957.6,0.5470479,-55.92127
SDN,Sudan,Sudan,2018,8875000,0.47074428,-17.620123
SDN,Sudan,Sudan,2019,5646000,0.33662605,42.672455
SDN,Sudan,Sudan,2020,5709039,0.030070463,-19.784962
SDN,Sudan,Sudan,2021,5164937.8,0.60606843,-76.617874
SDN,Sudan,Sudan,2022,7451248,-0.017706394,-57.706715
SDN,Sudan,Sudan,2023,4162048.9,1.192932,-110.79436
SDN,Sudan,Sudan,2024,6726871.3,0.5841605,9.503195
SEN,Senegal,Senegal,1961,528113,-1.1387807,185.07904
SEN,Senegal,Senegal,1962,537800,-1.2200842,121.04775
SEN,Senegal,Senegal,1963,620300,-1.0027885,183.06264
SEN,Senegal,Senegal,1964,686000,-1.3006707,138.80179
SEN,Senegal,Senegal,1965,723168,-1.8138746,131.72365
SEN,Senegal,Senegal,1966,595250,-1.3530692,142.5636
SEN,Senegal,Senegal,1967,855300,-1.7450929,281.50824
SEN,Senegal,Senegal,1968,537200,-1.4194446,24.924212
SEN,Senegal,Senegal,1969,843910,-0.5561182,345.29926
SEN,Senegal,Senegal,1970,533538,-0.5406974,65.35631
SEN,Senegal,Senegal,1971,733603,-1.1584129,114.21907
SEN,Senegal,Senegal,1972,383900,-0.6349149,42.973194
SEN,Senegal,Senegal,1973,611468,-0.46581793,7.401507
SEN,Senegal,Senegal,1974,959176,-1.405145,52.91721
SEN,Senegal,Senegal,1975,789550,-1.2219796,127.1988
SEN,Senegal,Senegal,1976,730300,-1.3175412,77.708534
SEN,Senegal,Senegal,1977,542029,-0.30324665,-48.79927
SEN,Senegal,Senegal,1978,1007066,-0.6551568,132.56569
SEN,Senegal,Senegal,1979,664187,-0.24811871,118.43217
SEN,Senegal,Senegal,1980,675935,-0.1800216,42.534275
SEN,Senegal,Senegal,1981,1209357,-0.2663161,35.294376
SEN,Senegal,Senegal,1982,781530,-0.89268476,-21.623102
SEN,Senegal,Senegal,1983,523134,0.30708948,-111.81805
SEN,Senegal,Senegal,1984,709278,-0.3703251,-31.960793
SEN,Senegal,Senegal,1985,1248822,-0.6025152,96.69234
SEN,Senegal,Senegal,1986,887042,-0.8531602,42.23577
SEN,Senegal,Senegal,1987,1053882,0.012741406,34.968212
SEN,Senegal,Senegal,1988,866900,-0.45032707,118.33757
SEN,Senegal,Senegal,1989,1066787,-0.45105553,151.34843
SEN,Senegal,Senegal,1990,977080,0.01157252,-32.553925
SEN,Senegal,Senegal,1991,1021134,-0.38008913,29.622406
SEN,Senegal,Senegal,1992,973178,-0.4328529,-41.701283
SEN,Senegal,Senegal,1993,1185204,-0.08851242,13.617314
SEN,Senegal,Senegal,1994,1066462,-0.6066993,133.01456
SEN,Senegal,Senegal,1995,1186701,-0.22608726,85.41499
SEN,Senegal,Senegal,1996,976079,0.03142786,30.11097
SEN,Senegal,Senegal,1997,801217,0.1378336,-40.85162
SEN,Senegal,Senegal,1998,730335,0.60105497,-101.71965
SEN,Senegal,Senegal,1999,1255629,-0.65822345,87.42319
SEN,Senegal,Senegal,2000,1025921,-0.27828708,40.417953
SEN,Senegal,Senegal,2001,1022611,0.10444593,-18.448763
SEN,Senegal,Senegal,2002,785396,0.20465772,-115.98296
SEN,Senegal,Senegal,2003,1451891,-0.17234468,71.4928
SEN,Senegal,Senegal,2004,1053583,-0.088067375,-125.90194
SEN,Senegal,Senegal,2005,1432831,0.13107681,-65.34416
SEN,Senegal,Senegal,2006,988315,-0.092889786,-117.84019
SEN,Senegal,Senegal,2007,772239,0.04571581,-47.066025
SEN,Senegal,Senegal,2008,1739656,-0.0998044,76.25564
SEN,Senegal,Senegal,2009,1831567,-0.26875767,33.93664
SEN,Senegal,Senegal,2010,1767822.2,0.51391727,98.36301
SEN,Senegal,Senegal,2011,1099275,0.12714338,-81.08315
SEN,Senegal,Senegal,2012,1499756.6,-0.1385277,74.40498
SEN,Senegal,Senegal,2013,1270937,0.05608018,4.7584424
SEN,Senegal,Senegal,2014,1251248,0.038044453,-131.75175
SEN,Senegal,Senegal,2015,2152246,-0.0012907982,38.580566
SEN,Senegal,Senegal,2016,2247093,0.37851825,-8.06656
SEN,Senegal,Senegal,2017,2516465,0.37178898,-57.12935
SEN,Senegal,Senegal,2018,2889218.3,-0.05470149,-0.9986105
SEN,Senegal,Senegal,2019,2768798.9,0.20600843,-48.58382
SEN,Senegal,Senegal,2020,3640544.7,0.6394126,185.05638
SEN,Senegal,Senegal,2021,3535752.9,0.7043681,-40.089962
SEN,Senegal,Senegal,2022,3663690,0.039383728,55.11142
SEN,Senegal,Senegal,2023,4009401,0.6608901,-84.98953
SEN,Senegal,Senegal,2024,3914479.9,0.43549633,78.1489
SLB,Solomon Islands,Solomon Islands,1961,200,-0.6002862,164.86806
SLB,Solomon Islands,Solomon Islands,1962,220,-0.43603182,19.741646
SLB,Solomon Islands,Solomon Islands,1963,240,-0.51908475,-59.146435
SLB,Solomon Islands,Solomon Islands,1964,260,-0.43625832,-496.40918
SLB,Solomon Islands,Solomon Islands,1965,280,-0.8685395,-162.46333
SLB,Solomon Islands,Solomon Islands,1966,305,-0.6362319,-515.5766
SLB,Solomon Islands,Solomon Islands,1967,152,-0.5621961,96.98364
SLB,Solomon Islands,Solomon Islands,1968,2032,-0.44648966,-160.87576
SLB,Solomon Islands,Solomon Islands,1969,1422,-0.28382874,374.27115
SLB,Solomon Islands,Solomon Islands,1970,1930,-0.2126344,3.8225744
SLB,Solomon Islands,Solomon Islands,1971,2997,-0.47569147,-395.9423
SLB,Solomon Islands,Solomon Islands,1972,1321,-0.5369191,-371.85056
SLB,Solomon Islands,Solomon Islands,1973,1219,-0.054736774,-678.3656
SLB,Solomon Islands,Solomon Islands,1974,1220,-0.3087975,-682.2069
SLB,Solomon Islands,Solomon Islands,1975,1237,-0.3832054,-341.8309
SLB,Solomon Islands,Solomon Islands,1976,3829,-0.5481536,54.57415
SLB,Solomon Islands,Solomon Islands,1977,6269,-0.50539875,106.14475
SLB,Solomon Islands,Solomon Islands,1978,7658,-0.3382896,-847.6638
SLB,Solomon Islands,Solomon Islands,1979,10224,-0.39835963,-180.64777
SLB,Solomon Islands,Solomon Islands,1980,14256,-0.35663876,-329.77298
SLB,Solomon Islands,Solomon Islands,1981,13866,-0.30324888,-751.7978
SLB,Solomon Islands,Solomon Islands,1982,10538,-0.42037344,-480.2075
SLB,Solomon Islands,Solomon Islands,1983,9481,-0.31611267,-402.38943
SLB,Solomon Islands,Solomon Islands,1984,7137,-0.38840547,-356.95398
SLB,Solomon Islands,Solomon Islands,1985,5954,-0.3401796,-209.15082
SLB,Solomon Islands,Solomon Islands,1986,6500,-0.33563963,-528.98883
SLB,Solomon Islands,Solomon Islands,1987,0,-0.33607993,-908.32306
SLB,Solomon Islands,Solomon Islands,1988,0,-0.06991196,-115.05741
SLB,Solomon Islands,Solomon Islands,1989,0,-0.22622983,-599.7544
SLB,Solomon Islands,Solomon Islands,1990,2580.92,-0.08053446,-338.92853
SLB,Solomon Islands,Solomon Islands,1991,2588.55,-0.16916926,-397.3238
SLB,Solomon Islands,Solomon Islands,1992,2596.19,-0.42163992,-860.83527
SLB,Solomon Islands,Solomon Islands,1993,2603.83,-0.50483304,-757.23804
SLB,Solomon Islands,Solomon Islands,1994,2611.47,-0.37822708,-445.7758
SLB,Solomon Islands,Solomon Islands,1995,2619.1,-0.049992878,-225.23587
SLB,Solomon Islands,Solomon Islands,1996,2570.13,-0.12142404,-184.77849
SLB,Solomon Islands,Solomon Islands,1997,1932.1,-0.43408346,-1229.6685
SLB,Solomon Islands,Solomon Islands,1998,1300,-0.055723507,-49.22838
SLB,Solomon Islands,Solomon Islands,1999,3240,-0.27785555,-154.29335
SLB,Solomon Islands,Solomon Islands,2000,4524,-0.2431105,-66.60611
SLB,Solomon Islands,Solomon Islands,2001,2083,-0.14544868,-54.32968
SLB,Solomon Islands,Solomon Islands,2002,2267,-0.15416272,152.78723
SLB,Solomon Islands,Solomon Islands,2003,1947,-0.12820037,-351.25427
SLB,Solomon Islands,Solomon Islands,2004,2500,-0.22574647,405.09137
SLB,Solomon Islands,Solomon Islands,2005,3000,0.027391434,-126.13258
SLB,Solomon Islands,Solomon Islands,2006,3250,-0.13462083,569.0543
SLB,Solomon Islands,Solomon Islands,2007,2800,0.12190851,66.95082
SLB,Solomon Islands,Solomon Islands,2008,2800,-0.15357797,-61.9952
SLB,Solomon Islands,Solomon Islands,2009,2500,0.12306277,145.72276
SLB,Solomon Islands,Solomon Islands,2010,2617.28,0.313594,-85.00813
SLB,Solomon Islands,Solomon Islands,2011,2777.46,0.16540194,-352.13977
SLB,Solomon Islands,Solomon Islands,2012,2750.89,0.12434372,413.13275
SLB,Solomon Islands,Solomon Islands,2013,2758.53,0.22508128,661.6564
SLB,Solomon Islands,Solomon Islands,2014,2748.21,0.23105271,324.05457
SLB,Solomon Islands,Solomon Islands,2015,2738.1,0.1601464,272.16385
SLB,Solomon Islands,Solomon Islands,2016,2739.92,0.50428104,413.3943
SLB,Solomon Islands,Solomon Islands,2017,2746.61,0.37866688,496.26147
SLB,Solomon Islands,Solomon Islands,2018,2754.54,0.31773505,649.7418
SLB,Solomon Islands,Solomon Islands,2019,2758.36,0.3689383,308.63058
SLB,Solomon Islands,Solomon Islands,2020,2761.47,0.5362089,523.2009
SLB,Solomon Islands,Solomon Islands,2021,2758.89,0.39793524,574.93933
SLB,Solomon Islands,Solomon Islands,2022,2746.77,0.5224695,-280.83426
SLB,Solomon Islands,Solomon Islands,2023,2751.39,0.47748485,888.5351
SLB,Solomon Islands,Solomon Islands,2024,2756.01,0.83790034,564.93066
SLE,Sierra Leone,Sierra Leone,1961,297619,-0.4961845,117.02908
SLE,Sierra Leone,Sierra Leone,1962,348855,-0.6406099,-50.364517
SLE,Sierra Leone,Sierra Leone,1963,364887,-0.36583248,219.26825
SLE,Sierra Leone,Sierra Leone,1964,406627,-0.5540263,-193.22198
SLE,Sierra Leone,Sierra Leone,1965,433450,-0.7221921,-178.74324
SLE,Sierra Leone,Sierra Leone,1966,465000,-0.29269823,17.513407
SLE,Sierra Leone,Sierra Leone,1967,496450,-0.6289263,340.21774
SLE,Sierra Leone,Sierra Leone,1968,453550,-0.5248292,512.6445
SLE,Sierra Leone,Sierra Leone,1969,532110,-0.51135856,593.5732
SLE,Sierra Leone,Sierra Leone,1970,473923,-0.34542432,215.72232
SLE,Sierra Leone,Sierra Leone,1971,487650,-0.6921838,293.6116
SLE,Sierra Leone,Sierra Leone,1972,502800,-0.35497174,432.62515
SLE,Sierra Leone,Sierra Leone,1973,503200,0.17281532,-39.545826
SLE,Sierra Leone,Sierra Leone,1974,543450,-0.42387772,-101.92799
SLE,Sierra Leone,Sierra Leone,1975,595650,-0.41660437,-16.31661
SLE,Sierra Leone,Sierra Leone,1976,613350,-0.7451733,137.61035
SLE,Sierra Leone,Sierra Leone,1977,634900,-0.15927665,50.89822
SLE,Sierra Leone,Sierra Leone,1978,654900,-0.4130211,210.89565
SLE,Sierra Leone,Sierra Leone,1979,533000,-0.054630917,338.08392
SLE,Sierra Leone,Sierra Leone,1980,551100,-0.19731028,665.14606
SLE,Sierra Leone,Sierra Leone,1981,542100,-0.31126532,359.93686
SLE,Sierra Leone,Sierra Leone,1982,567650,-0.33346653,-32.816833
SLE,Sierra Leone,Sierra Leone,1983,514350,0.032933075,-177.57451
SLE,Sierra Leone,Sierra Leone,1984,561237,-0.20502202,-74.03266
SLE,Sierra Leone,Sierra Leone,1985,488150,-0.22947311,20.636963
SLE,Sierra Leone,Sierra Leone,1986,577406,-0.20787795,-92.469574
SLE,Sierra Leone,Sierra Leone,1987,517225,0.4031062,-31.493567
SLE,Sierra Leone,Sierra Leone,1988,547000,0.15946372,110.44928
SLE,Sierra Leone,Sierra Leone,1989,574100,-0.026426157,228.46817
SLE,Sierra Leone,Sierra Leone,1990,563100,-0.13236237,5.1977167
SLE,Sierra Leone,Sierra Leone,1991,559700,-0.25747856,-281.56372
SLE,Sierra Leone,Sierra Leone,1992,534215,-0.549339,76.4927
SLE,Sierra Leone,Sierra Leone,1993,542425,-0.3692174,156.34087
SLE,Sierra Leone,Sierra Leone,1994,466400,-0.41600642,-28.706223
SLE,Sierra Leone,Sierra Leone,1995,407600,-0.11441692,52.11546
SLE,Sierra Leone,Sierra Leone,1996,444300,-0.17360528,52.25777
SLE,Sierra Leone,Sierra Leone,1997,466800,-0.072364174,-171.94087
SLE,Sierra Leone,Sierra Leone,1998,373010,0.36707368,-187.23227
SLE,Sierra Leone,Sierra Leone,1999,279832,-0.20411937,-164.08968
SLE,Sierra Leone,Sierra Leone,2000,222472,-0.35394272,63.37323
SLE,Sierra Leone,Sierra Leone,2001,334600,-0.20165999,-104.59972
SLE,Sierra Leone,Sierra Leone,2002,466479,0.012253761,16.698002
SLE,Sierra Leone,Sierra Leone,2003,496093,0.071429096,169.79686
SLE,Sierra Leone,Sierra Leone,2004,614202.16,-0.029646873,32.66972
SLE,Sierra Leone,Sierra Leone,2005,824691,-0.0726436,124.46845
SLE,Sierra Leone,Sierra Leone,2006,1158933,0.08645026,-135.91612
SLE,Sierra Leone,Sierra Leone,2007,656252,0.059764225,119.0424
SLE,Sierra Leone,Sierra Leone,2008,758302.42,-0.18835878,-81.285324
SLE,Sierra Leone,Sierra Leone,2009,976872.86,0.12088839,-257.4493
SLE,Sierra Leone,Sierra Leone,2010,1144650,0.08998855,27.585587
SLE,Sierra Leone,Sierra Leone,2011,1257898.6,-0.16481829,-161.05473
SLE,Sierra Leone,Sierra Leone,2012,1258510.8,-0.224384,186.90439
SLE,Sierra Leone,Sierra Leone,2013,1374083.9,0.052682083,-259.6426
SLE,Sierra Leone,Sierra Leone,2014,1304449.5,-0.0965085,-53.396774
SLE,Sierra Leone,Sierra Leone,2015,987059.65,0.04141887,-242.61034
SLE,Sierra Leone,Sierra Leone,2016,984599,0.39813837,190.84003
SLE,Sierra Leone,Sierra Leone,2017,1025500.6,0.5354519,89.28017
SLE,Sierra Leone,Sierra Leone,2018,1038913.1,0.32582793,174.54814
SLE,Sierra Leone,Sierra Leone,2019,1084546.2,0.648125,479.94678
SLE,Sierra Leone,Sierra Leone,2020,1171989.9,0.67901707,117.12715
SLE,Sierra Leone,Sierra Leone,2021,2134360.6,0.65268296,127.99075
SLE,Sierra Leone,Sierra Leone,2022,1531941.4,0.49348292,78.989334
SLE,Sierra Leone,Sierra Leone,2023,1441518.4,0.66549397,30.693066
SLE,Sierra Leone,Sierra Leone,2024,1501593.2,1.1364164,229.55138
SLV,El Salvador,El Salvador,1961,278612,-1.0193256,-191.14581
SLV,El Salvador,El Salvador,1962,327834,-1.1137303,-130.84077
SLV,El Salvador,El Salvador,1963,319014,-0.6779253,-69.41782
SLV,El Salvador,El Salvador,1964,312431,-0.6284623,-356.79642
SLV,El Salvador,El Salvador,1965,343492,-0.48121658,-277.5564
SLV,El Salvador,El Salvador,1966,431021,-0.7341555,-14.217959
SLV,El Salvador,El Salvador,1967,394787,-0.40562597,-551.8924
SLV,El Salvador,El Salvador,1968,461375,-0.90626717,132.37656
SLV,El Salvador,El Salvador,1969,442718,-0.71102875,718.3125
SLV,El Salvador,El Salvador,1970,554495,-0.86758137,76.09744
SLV,El Salvador,El Salvador,1971,588446,-0.9366245,-30.24857
SLV,El Salvador,El Salvador,1972,418234,-0.09964498,-337.40054
SLV,El Salvador,El Salvador,1973,599157,-0.65070456,261.05353
SLV,El Salvador,El Salvador,1974,515945,-0.75768757,-323.85602
SLV,El Salvador,El Salvador,1975,674765,-0.80575913,75.52922
SLV,El Salvador,El Salvador,1976,534493,-0.6923807,-316.86542
SLV,El Salvador,El Salvador,1977,563638,-0.27860117,-329.80402
SLV,El Salvador,El Salvador,1978,719568,-0.51784533,-9.8799095
SLV,El Salvador,El Salvador,1979,741322,-0.34585175,173.38095
SLV,El Salvador,El Salvador,1980,729969,-0.22262096,-173.08125
SLV,El Salvador,El Salvador,1981,685762,-0.5532408,40.429684
SLV,El Salvador,El Salvador,1982,573620,-0.093314804,-84.314865
SLV,El Salvador,El Salvador,1983,609505,0.10613266,-314.88275
SLV,El Salvador,El Salvador,1984,731047,-0.8628842,-40.42087
SLV,El Salvador,El Salvador,1985,696878,-0.52012473,-196.6654
SLV,El Salvador,El Salvador,1986,631450,-0.47505936,-482.97913
SLV,El Salvador,El Salvador,1987,646518,0.31512976,-412.63443
SLV,El Salvador,El Salvador,1988,806559,-0.35764918,118.95422
SLV,El Salvador,El Salvador,1989,801743,-0.53721935,-66.643074
SLV,El Salvador,El Salvador,1990,824923,-0.0077845254,-240.78004
SLV,El Salvador,El Salvador,1991,728608,0.008086841,-385.22464
SLV,El Salvador,El Salvador,1992,991700,-0.04484113,-175.69566
SLV,El Salvador,El Salvador,1993,909194,-0.371449,125.57197
SLV,El Salvador,El Salvador,1994,727310,0.073653854,-456.77286
SLV,El Salvador,El Salvador,1995,899378,-0.49918732,589.4933
SLV,El Salvador,El Salvador,1996,867270,-0.7575924,288.6119
SLV,El Salvador,El Salvador,1997,773383,0.21315844,-271.1034
SLV,El Salvador,El Salvador,1998,783085,0.09126934,352.03384
SLV,El Salvador,El Salvador,1999,856578,-1.0149235,366.09796
SLV,El Salvador,El Salvador,2000,778822,-0.59415454,-240.68416
SLV,El Salvador,El Salvador,2001,759720,-0.3422227,-426.0265
SLV,El Salvador,El Salvador,2002,814224,0.1649437,-247.5823
SLV,El Salvador,El Salvador,2003,791458,-0.11032105,-106.75764
SLV,El Salvador,El Salvador,2004,822195,-0.019266129,-137.7335
SLV,El Salvador,El Salvador,2005,894975,-0.20401764,487.6482
SLV,El Salvador,El Salvador,2006,937085,-0.11493111,-22.946205
SLV,El Salvador,El Salvador,2007,860076,-0.27583107,107.09362
SLV,El Salvador,El Salvador,2008,1037707,-0.66650707,504.4508
SLV,El Salvador,El Salvador,2009,989851,0.21709935,-300.91162
SLV,El Salvador,El Salvador,2010,968601,-0.22715473,746.763
SLV,El Salvador,El Salvador,2011,923938,-0.22535467,308.8537
SLV,El Salvador,El Salvador,2012,1090739,0.066903114,-318.59546
SLV,El Salvador,El Salvador,2013,1043725,0.23074548,-194.1168
SLV,El Salvador,El Salvador,2014,1001957,0.4087286,-210.69109
SLV,El Salvador,El Salvador,2015,854471,1.0476102,-285.04068
SLV,El Salvador,El Salvador,2016,1072962,0.7364184,-301.94577
SLV,El Salvador,El Salvador,2017,1030124.4,0.36790022,91.87795
SLV,El Salvador,El Salvador,2018,817563.23,0.52377576,-136.81778
SLV,El Salvador,El Salvador,2019,921410,0.85385704,-153.56248
SLV,El Salvador,El Salvador,2020,911983.75,0.46359238,403.71246
SLV,El Salvador,El Salvador,2021,949883.81,0.66152877,-73.89662
SLV,El Salvador,El Salvador,2022,900080,0.2795825,368.04205
SLV,El Salvador,El Salvador,2023,881000,1.157287,-244.05524
SLV,El Salvador,El Salvador,2024,895000,0.8865886,484.63358
SOM,Somalia,Somalia,1961,255000,-0.42639652,104.68401
SOM,Somalia,Somalia,1962,250000,-0.6035538,-14.968065
SOM,Somalia,Somalia,1963,243000,-0.7070382,133.1915
SOM,Somalia,Somalia,1964,237000,-0.58839923,-40.020645
SOM,Somalia,Somalia,1965,235000,-0.870419,20.407797
SOM,Somalia,Somalia,1966,235000,-0.48432097,12.160055
SOM,Somalia,Somalia,1967,250000,-0.77110654,126.90095
SOM,Somalia,Somalia,1968,243000,-0.9818406,96.397385
SOM,Somalia,Somalia,1969,247000,-0.16432507,-94.00328
SOM,Somalia,Somalia,1970,235800,-0.20455742,-60.384853
SOM,Somalia,Somalia,1971,222000,-0.7607975,-76.0398
SOM,Somalia,Somalia,1972,319100,-0.39789534,66.60281
SOM,Somalia,Somalia,1973,185300,-0.34598732,-93.2706
SOM,Somalia,Somalia,1974,185100,-0.51612824,-104.69988
SOM,Somalia,Somalia,1975,241800,-0.49876818,-71.487274
SOM,Somalia,Somalia,1976,251100,-0.5275399,14.663197
SOM,Somalia,Somalia,1977,264400,-0.46679592,192.13647
SOM,Somalia,Somalia,1978,260200,-0.3457338,32.3196
SOM,Somalia,Somalia,1979,260600,-0.34464803,83.48534
SOM,Somalia,Somalia,1980,266100,-0.07934395,-61.75126
SOM,Somalia,Somalia,1981,383700,-0.44853735,61.613255
SOM,Somalia,Somalia,1982,404000,-0.25909773,115.89587
SOM,Somalia,Somalia,1983,359600,0.07384046,-15.269499
SOM,Somalia,Somalia,1984,495500,-0.662169,-32.422646
SOM,Somalia,Somalia,1985,513500,-0.5286455,27.562546
SOM,Somalia,Somalia,1986,586100,-0.45772743,-3.877472
SOM,Somalia,Somalia,1987,543170,-0.024606705,4.0474563
SOM,Somalia,Somalia,1988,601370,0.015206814,5.468325
SOM,Somalia,Somalia,1989,653760,-0.39066982,29.54488
SOM,Somalia,Somalia,1990,344652.05,0.07872486,16.190407
SOM,Somalia,Somalia,1991,255660,-0.13362837,-27.899607
SOM,Somalia,Somalia,1992,208862.89,-0.1803511,-56.907887
SOM,Somalia,Somalia,1993,164925,-0.28461996,-30.441814
SOM,Somalia,Somalia,1994,405209.38,-0.48382488,99.69495
SOM,Somalia,Somalia,1995,284919.89,-0.12699206,0.7166229
SOM,Somalia,Somalia,1996,282030.41,-0.32527065,-60.62657
SOM,Somalia,Somalia,1997,305334.29,-0.4181293,350.70816
SOM,Somalia,Somalia,1998,201114,0.24849796,-58.29887
SOM,Somalia,Somalia,1999,298553.29,-0.24492534,-64.919586
SOM,Somalia,Somalia,2000,392408,-0.30600628,-41.676933
SOM,Somalia,Somalia,2001,429062,-0.10233355,-41.50729
SOM,Somalia,Somalia,2002,441850.38,-0.05743392,29.02557
SOM,Somalia,Somalia,2003,402824.49,0.08350468,-19.860962
SOM,Somalia,Somalia,2004,366470,-0.12232765,47.961655
SOM,Somalia,Somalia,2005,355708.72,-0.04375426,-55.93602
SOM,Somalia,Somalia,2006,260298.84,-0.0354778,91.57005
SOM,Somalia,Somalia,2007,196970,0.28745174,-45.956142
SOM,Somalia,Somalia,2008,230588.6,-0.23996384,-67.9538
SOM,Somalia,Somalia,2009,229641,0.30358076,-53.306156
SOM,Somalia,Somalia,2010,355814.89,0.31533447,-63.8067
SOM,Somalia,Somalia,2011,118872.5,-0.01263396,7.9301004
SOM,Somalia,Somalia,2012,385345,0.017668247,-18.656279
SOM,Somalia,Somalia,2013,383243,-0.11509117,85.52451
SOM,Somalia,Somalia,2014,256619.98,0.18040021,-62.159485
SOM,Somalia,Somalia,2015,265481.36,0.238777,68.477715
SOM,Somalia,Somalia,2016,142413.68,0.39107752,-92.32599
SOM,Somalia,Somalia,2017,174518.17,0.3377401,-70.01623
SOM,Somalia,Somalia,2018,234815.8,-0.12167644,40.4368
SOM,Somalia,Somalia,2019,185055.97,0.39974642,97.42371
SOM,Somalia,Somalia,2020,178143.84,0.5506585,12.786453
SOM,Somalia,Somalia,2021,111060.02,0.23734014,-133.17181
SOM,Somalia,Somalia,2022,140056.42,0.34687105,-152.94022
SOM,Somalia,Somalia,2023,169059.86,0.47326055,135.29172
SOM,Somalia,Somalia,2024,128063.3,1.0795614,-71.18325
SRB,Serbia,Serbia,2006,8416678,-0.5086195,22.077438
SRB,Serbia,Serbia,2007,6261226.3,0.67529535,34.707996
SRB,Serbia,Serbia,2008,8853132.9,0.6432856,-102.95797
SRB,Serbia,Serbia,2009,9004416.9,0.39487186,117.37493
SRB,Serbia,Serbia,2010,9295194,0.0041023046,175.24397
SRB,Serbia,Serbia,2011,9082265.9,-0.24223955,-266.61426
SRB,Serbia,Serbia,2012,6379255.2,0.4958513,-89.42596
SRB,Serbia,Serbia,2013,9123502.6,0.5483566,-49.324837
SRB,Serbia,Serbia,2014,10876564,0.7618709,324.14764
SRB,Serbia,Serbia,2015,8458145,0.70147055,-64.18598
SRB,Serbia,Serbia,2016,10893438,0.30350852,131.23657
SRB,Serbia,Serbia,2017,6817938.5,0.3329016,-103.28809
SRB,Serbia,Serbia,2018,10553413,0.82626104,118.45204
SRB,Serbia,Serbia,2019,10460848,1.1237248,-52.858627
SRB,Serbia,Serbia,2020,11472091,0.5027368,-16.147701
SRB,Serbia,Serbia,2021,10260886,0.1554924,38.517437
SRB,Serbia,Serbia,2022,8037635,0.82130164,-49.21938
SRB,Serbia,Serbia,2023,10833929,1.271258,146.88177
SRB,Serbia,Serbia,2024,8724605.7,2.0625718,-102.96583
SSD,South Sudan,South Sudan,2012,842000,-0.12063185,-12.66919
SSD,South Sudan,South Sudan,2013,898000,0.31078276,-103.12193
SSD,South Sudan,South Sudan,2014,1270551,0.16513841,-89.91433
SSD,South Sudan,South Sudan,2015,921002,0.71125984,-207.57622
SSD,South Sudan,South Sudan,2016,825807,1.1431082,-239.59244
SSD,South Sudan,South Sudan,2017,764107,1.0104557,-180.79364
SSD,South Sudan,South Sudan,2018,745005,0.70327026,-238.81998
SSD,South Sudan,South Sudan,2019,818487,0.5613842,-10.725415
SSD,South Sudan,South Sudan,2020,874410,0.30574307,-109.91726
SSD,South Sudan,South Sudan,2021,840333,0.8854105,-287.44693
SSD,South Sudan,South Sudan,2022,1063299,0.6111191,-267.51352
SSD,South Sudan,South Sudan,2023,1086000,1.4867879,-377.25128
SSD,South Sudan,South Sudan,2024,1200000,1.5061702,-250.90808
STP,Sao Tome and Principe,Sao Tome and Principe,1961,400,-0.5784419,330.85953
STP,Sao Tome and Principe,Sao Tome and Principe,1962,400,-0.6454611,-93.70769
STP,Sao Tome and Principe,Sao Tome and Principe,1963,400,-0.13233852,528.46277
STP,Sao Tome and Principe,Sao Tome and Principe,1964,400,-0.6564474,-248.20293
STP,Sao Tome and Principe,Sao Tome and Principe,1965,400,-0.70170754,-179.7949
STP,Sao Tome and Principe,Sao Tome and Principe,1966,420,-0.23950608,163.8273
STP,Sao Tome and Principe,Sao Tome and Principe,1967,430,-0.4942058,204.07521
STP,Sao Tome and Principe,Sao Tome and Principe,1968,440,-0.44091955,12.973184
STP,Sao Tome and Principe,Sao Tome and Principe,1969,460,-0.42182064,-432.7103
STP,Sao Tome and Principe,Sao Tome and Principe,1970,470,-0.46947637,-440.24432
STP,Sao Tome and Principe,Sao Tome and Principe,1971,480,-0.66412514,-383.0973
STP,Sao Tome and Principe,Sao Tome and Principe,1972,500,-0.4962759,-220.29507
STP,Sao Tome and Principe,Sao Tome and Principe,1973,520,-0.051235516,355.70752
STP,Sao Tome and Principe,Sao Tome and Principe,1974,530,-0.5630763,246.91283
STP,Sao Tome and Principe,Sao Tome and Principe,1975,550,-0.7202012,109.93563
STP,Sao Tome and Principe,Sao Tome and Principe,1976,500,-1.1174027,254.44019
STP,Sao Tome and Principe,Sao Tome and Principe,1977,500,-0.58870095,34.552925
STP,Sao Tome and Principe,Sao Tome and Principe,1978,500,-0.8354991,-203.98343
STP,Sao Tome and Principe,Sao Tome and Principe,1979,450,-0.40261236,-79.5313
STP,Sao Tome and Principe,Sao Tome and Principe,1980,450,-0.6383632,126.181
STP,Sao Tome and Principe,Sao Tome and Principe,1981,500,-0.38392034,201.85028
STP,Sao Tome and Principe,Sao Tome and Principe,1982,500,-0.68849593,88.18184
STP,Sao Tome and Principe,Sao Tome and Principe,1983,600,-0.36367956,-421.02158
STP,Sao Tome and Principe,Sao Tome and Principe,1984,700,0.07668909,199.88954
STP,Sao Tome and Principe,Sao Tome and Principe,1985,728,-0.20607917,-40.875565
STP,Sao Tome and Principe,Sao Tome and Principe,1986,900,-0.37392077,83.65094
STP,Sao Tome and Principe,Sao Tome and Principe,1987,1200,0.16068871,-231.7158
STP,Sao Tome and Principe,Sao Tome and Principe,1988,1500,0.20527236,243.50774
STP,Sao Tome and Principe,Sao Tome and Principe,1989,2000,-0.17220466,-54.660927
STP,Sao Tome and Principe,Sao Tome and Principe,1990,2700,-0.15164852,-46.622406
STP,Sao Tome and Principe,Sao Tome and Principe,1991,3600,-0.04633236,163.60033
STP,Sao Tome and Principe,Sao Tome and Principe,1992,4000,-0.44687557,-320.5973
STP,Sao Tome and Principe,Sao Tome and Principe,1993,4000,-0.07538255,-36.926876
STP,Sao Tome and Principe,Sao Tome and Principe,1994,4300,-0.18884182,-272.90356
STP,Sao Tome and Principe,Sao Tome and Principe,1995,4000,0.17893822,-133.64471
STP,Sao Tome and Principe,Sao Tome and Principe,1996,4500,-0.14135902,25.625576
STP,Sao Tome and Principe,Sao Tome and Principe,1997,4000,-0.18747361,-69.06188
STP,Sao Tome and Principe,Sao Tome and Principe,1998,1352,0.6987543,-126.50836
STP,Sao Tome and Principe,Sao Tome and Principe,1999,1487,0.0168492,-183.39551
STP,Sao Tome and Principe,Sao Tome and Principe,2000,2230,-0.16148026,-243.24907
STP,Sao Tome and Principe,Sao Tome and Principe,2001,2500,-0.3613628,-126.2089
STP,Sao Tome and Principe,Sao Tome and Principe,2002,2550,-0.02002875,-34.91271
STP,Sao Tome and Principe,Sao Tome and Principe,2003,2600,0.24602349,474.61926
STP,Sao Tome and Principe,Sao Tome and Principe,2004,2650,-0.09523424,-262.98868
STP,Sao Tome and Principe,Sao Tome and Principe,2005,2757.64,-0.13455105,-374.63202
STP,Sao Tome and Principe,Sao Tome and Principe,2006,2700,0.01164341,107.14471
STP,Sao Tome and Principe,Sao Tome and Principe,2007,3000,0.16629887,919.1736
STP,Sao Tome and Principe,Sao Tome and Principe,2008,2800,-0.046708744,278.84232
STP,Sao Tome and Principe,Sao Tome and Principe,2009,2000,0.050169308,250.5735
STP,Sao Tome and Principe,Sao Tome and Principe,2010,1561.17,0.02004083,-389.07016
STP,Sao Tome and Principe,Sao Tome and Principe,2011,1084.5,-0.19693153,-218.08827
STP,Sao Tome and Principe,Sao Tome and Principe,2012,917.4,-0.04023393,324.5519
STP,Sao Tome and Principe,Sao Tome and Principe,2013,776.1,-0.17092292,-259.52017
STP,Sao Tome and Principe,Sao Tome and Principe,2014,829.6,-0.2176199,138.00656
STP,Sao Tome and Principe,Sao Tome and Principe,2015,823.25,-0.2718598,-242.77176
STP,Sao Tome and Principe,Sao Tome and Principe,2016,768,0.3348042,185.47952
STP,Sao Tome and Principe,Sao Tome and Principe,2017,576,0.071559586,-62.084805
STP,Sao Tome and Principe,Sao Tome and Principe,2018,941,0.14285882,265.2787
STP,Sao Tome and Principe,Sao Tome and Principe,2019,761.67,0.46349177,57.431095
STP,Sao Tome and Principe,Sao Tome and Principe,2020,759.56,0.40175724,166.2377
STP,Sao Tome and Principe,Sao Tome and Principe,2021,820.74,0.5014861,126.18004
STP,Sao Tome and Principe,Sao Tome and Principe,2022,780.65,0.1272033,78.42146
STP,Sao Tome and Principe,Sao Tome and Principe,2023,786.98,0.47880396,144.7805
STP,Sao Tome and Principe,Sao Tome and Principe,2024,796.13,0.74123734,110.5827
SUR,Suriname,Suriname,1961,72787,-0.9423299,64.20307
SUR,Suriname,Suriname,1962,80334,-0.91227883,197.03748
SUR,Suriname,Suriname,1963,75608,-0.7459529,225.693
SUR,Suriname,Suriname,1964,89345,-0.39009967,-476.5975
SUR,Suriname,Suriname,1965,101325,-0.12944143,-850.8697
SUR,Suriname,Suriname,1966,98674,0.06720146,-698.3185
SUR,Suriname,Suriname,1967,120005,-0.6871497,-138.3399
SUR,Suriname,Suriname,1968,116251,-0.69979906,55.603718
SUR,Suriname,Suriname,1969,113733,-0.36793676,393.62274
SUR,Suriname,Suriname,1970,145591,-0.80997294,614.3464
SUR,Suriname,Suriname,1971,136609,-1.2993134,72.70096
SUR,Suriname,Suriname,1972,123318,-0.5908019,-6.1282954
SUR,Suriname,Suriname,1973,164314,-0.727855,117.67189
SUR,Suriname,Suriname,1974,162610,-1.138915,78.40062
SUR,Suriname,Suriname,1975,175115,-1.2212425,330.81506
SUR,Suriname,Suriname,1976,172632,-0.87355375,-100.83074
SUR,Suriname,Suriname,1977,203096,-0.6708849,-230.22337
SUR,Suriname,Suriname,1978,224219,-0.73092985,-43.07527
SUR,Suriname,Suriname,1979,236036,-0.614062,103.36263
SUR,Suriname,Suriname,1980,257919,-0.48093095,-143.73149
SUR,Suriname,Suriname,1981,281137,-0.4624265,228.84807
SUR,Suriname,Suriname,1982,301340,-0.42881122,-171.83832
SUR,Suriname,Suriname,1983,268123,0.009144465,-486.7866
SUR,Suriname,Suriname,1984,302346,-0.9529397,120.57193
SUR,Suriname,Suriname,1985,299434,-0.9544819,-202.55794
SUR,Suriname,Suriname,1986,300158,-0.56544447,-159.83606
SUR,Suriname,Suriname,1987,271825,0.548011,-589.1618
SUR,Suriname,Suriname,1988,265486,-0.12626283,34.62777
SUR,Suriname,Suriname,1989,261081,-0.6145356,91.64912
SUR,Suriname,Suriname,1990,196284,-0.10046545,-6.6726665
SUR,Suriname,Suriname,1991,229445,-0.10445865,-446.8752
SUR,Suriname,Suriname,1992,261239,0.252889,-737.9348
SUR,Suriname,Suriname,1993,217239,-0.16263723,-253.45247
SUR,Suriname,Suriname,1994,218321,-0.28717074,-318.6557
SUR,Suriname,Suriname,1995,216323,0.061763603,-333.34265
SUR,Suriname,Suriname,1996,228817,-0.19854482,7.760853
SUR,Suriname,Suriname,1997,213192,0.025336107,-443.9061
SUR,Suriname,Suriname,1998,188520,0.43972525,-359.04697
SUR,Suriname,Suriname,1999,180328,-0.429917,150.93756
SUR,Suriname,Suriname,2000,163695,-0.59123725,109.63953
SUR,Suriname,Suriname,2001,191385,-0.41151825,-274.61728
SUR,Suriname,Suriname,2002,157166,-0.05132405,-110.5699
SUR,Suriname,Suriname,2003,193750,0.12917964,-282.63632
SUR,Suriname,Suriname,2004,174563,0.19605573,-169.30109
SUR,Suriname,Suriname,2005,163990,0.23070113,37.649784
SUR,Suriname,Suriname,2006,182705,-0.1483434,254.82219
SUR,Suriname,Suriname,2007,179061,-0.24984853,227.45058
SUR,Suriname,Suriname,2008,182904,-0.42128864,322.25082
SUR,Suriname,Suriname,2009,229394,0.18242407,-365.76758
SUR,Suriname,Suriname,2010,226721,0.082811676,518.78876
SUR,Suriname,Suriname,2011,235330,-0.050337475,335.45996
SUR,Suriname,Suriname,2012,224156,0.20843172,243.60052
SUR,Suriname,Suriname,2013,262076,-0.2544775,324.30634
SUR,Suriname,Suriname,2014,275938,0.1565795,-229.0882
SUR,Suriname,Suriname,2015,268529.07,0.2996389,-78.21209
SUR,Suriname,Suriname,2016,278166,0.3817552,271.2371
SUR,Suriname,Suriname,2017,289517,0.25497898,519.61835
SUR,Suriname,Suriname,2018,274001,-0.12693818,578.66205
SUR,Suriname,Suriname,2019,274408,0.29047918,80.68097
SUR,Suriname,Suriname,2020,249874,0.29529682,420.5411
SUR,Suriname,Suriname,2021,263776,-0.17683204,1059.826
SUR,Suriname,Suriname,2022,184264,-0.3278896,1088.5588
SUR,Suriname,Suriname,2023,228993,0.7021006,310.4036
SUR,Suriname,Suriname,2024,226034.32,1.1981249,7.321416
SVK,Slovakia,Slovakia,1993,3150687,-0.95845574,-144.77763
SVK,Slovakia,Slovakia,1994,3701137.4,0.2948908,-45.751286
SVK,Slovakia,Slovakia,1995,3490484.7,-0.52195144,21.647816
SVK,Slovakia,Slovakia,1996,3322454.7,-1.4767929,70.31103
SVK,Slovakia,Slovakia,1997,3741302,-0.97605234,13.559437
SVK,Slovakia,Slovakia,1998,3485707.6,-0.43012717,52.973038
SVK,Slovakia,Slovakia,1999,2829922,-0.2135732,71.90184
SVK,Slovakia,Slovakia,2000,2202543,0.5912894,-21.916147
SVK,Slovakia,Slovakia,2001,3212188,-0.5025018,42.36129
SVK,Slovakia,Slovakia,2002,3197881,0.21704417,-10.34115
SVK,Slovakia,Slovakia,2003,2490571,-0.28096667,-238.39929
SVK,Slovakia,Slovakia,2004,3797352,-0.67355156,38.18942
SVK,Slovakia,Slovakia,2005,3585251,-0.82640433,108.91706
SVK,Slovakia,Slovakia,2006,2928803,-0.28285062,-50.949627
SVK,Slovakia,Slovakia,2007,2793485,0.6863257,0.39110994
SVK,Slovakia,Slovakia,2008,4137019,0.6318152,-2.6129947
SVK,Slovakia,Slovakia,2009,3332824,0.2910475,9.37778
SVK,Slovakia,Slovakia,2010,2554376,-0.57541496,332.07755
SVK,Slovakia,Slovakia,2011,3714041,0.08411715,-158.89647
SVK,Slovakia,Slovakia,2012,3035809.8,0.2535398,-78.35988
SVK,Slovakia,Slovakia,2013,3411961,0.18042783,15.391571
SVK,Slovakia,Slovakia,2014,4707654.8,1.329244,111.08835
SVK,Slovakia,Slovakia,2015,3805712,0.9592545,-114.30521
SVK,Slovakia,Slovakia,2016,4847544,0.3849509,71.57255
SVK,Slovakia,Slovakia,2017,3484061,0.15242898,38.41696
SVK,Slovakia,Slovakia,2018,4020160,1.2996215,-91.741035
SVK,Slovakia,Slovakia,2019,4104050,1.3236436,14.706767
SVK,Slovakia,Slovakia,2020,4580900,0.83684224,126.25081
SVK,Slovakia,Slovakia,2021,4289470,-0.03626342,-21.288322
SVK,Slovakia,Slovakia,2022,3382800,1.0267199,-125.61285
SVK,Slovakia,Slovakia,2023,4304610,1.3547567,193.4578
SVK,Slovakia,Slovakia,2024,3687160,2.1164286,13.316009
SVN,Slovenia,Slovenia,1992,368753,-0.11334106,-69.4506
SVN,Slovenia,Slovenia,1993,421684,-0.65096545,-98.3829
SVN,Slovenia,Slovenia,1994,528787,0.6484351,-109.04145
SVN,Slovenia,Slovenia,1995,510936.97,-0.5127003,88.744354
SVN,Slovenia,Slovenia,1996,489041.76,-1.6701841,105.56402
SVN,Slovenia,Slovenia,1997,545220,-0.5889989,-104.53118
SVN,Slovenia,Slovenia,1998,558625,-0.37706295,25.544502
SVN,Slovenia,Slovenia,1999,479997,-0.53199524,70.456
SVN,Slovenia,Slovenia,2000,496964,0.4861007,-1.6312418
SVN,Slovenia,Slovenia,2001,499565,-0.11550313,-71.16399
SVN,Slovenia,Slovenia,2002,614326,0.41681942,31.166822
SVN,Slovenia,Slovenia,2003,402239.86,-0.039007198,-326.33734
SVN,Slovenia,Slovenia,2004,586833.17,-0.74171704,112.50882
SVN,Slovenia,Slovenia,2005,579486.28,-1.090252,-89.26082
SVN,Slovenia,Slovenia,2006,496874.72,-0.21882157,-143.80028
SVN,Slovenia,Slovenia,2007,535319.15,0.5507539,-102.18158
SVN,Slovenia,Slovenia,2008,583180.59,0.28004214,125.7345
SVN,Slovenia,Slovenia,2009,536505.02,0.27297422,40.783127
SVN,Slovenia,Slovenia,2010,572622.46,-0.70584327,224.6249
SVN,Slovenia,Slovenia,2011,611689.89,0.3304241,-407.38712
SVN,Slovenia,Slovenia,2012,580413.33,0.34923038,-39.118618
SVN,Slovenia,Slovenia,2013,461461.76,0.09989224,119.63417
SVN,Slovenia,Slovenia,2014,653111.28,1.1277763,446.73724
SVN,Slovenia,Slovenia,2015,628407.59,0.7246483,-178.79613
SVN,Slovenia,Slovenia,2016,642479.23,0.38551328,144.98015
SVN,Slovenia,Slovenia,2017,551216.16,0.4047866,111.56423
SVN,Slovenia,Slovenia,2018,597050,0.9689773,24.49749
SVN,Slovenia,Slovenia,2019,642250,1.0961324,147.0538
SVN,Slovenia,Slovenia,2020,749700,0.64410883,-28.799776
SVN,Slovenia,Slovenia,2021,700550,0.037556887,-32.778233
SVN,Slovenia,Slovenia,2022,576200,1.174568,-228.95473
SVN,Slovenia,Slovenia,2023,666890,1.1852624,339.13452
SVN,Slovenia,Slovenia,2024,672960,1.3740352,119.06596
SWE,Sweden,Sweden,1961,3891020,-0.34161964,-19.705297
SWE,Sweden,Sweden,1962,3633020,-2.457592,-61.75911
SWE,Sweden,Sweden,1963,3514080,-1.8512782,-91.66436
SWE,Sweden,Sweden,1964,4464870,-1.0500423,-66.86522
SWE,Sweden,Sweden,1965,4396560,-2.1542645,-33.635113
SWE,Sweden,Sweden,1966,3505090,-2.784498,-7.195199
SWE,Sweden,Sweden,1967,4546460,-0.6922595,39.551224
SWE,Sweden,Sweden,1968,4907600,-1.6576563,-111.90221
SWE,Sweden,Sweden,1969,3982330,-1.5316916,-146.68521
SWE,Sweden,Sweden,1970,4988300,-1.7762944,-27.825993
SWE,Sweden,Sweden,1971,5397150,-0.9999873,-20.40482
SWE,Sweden,Sweden,1972,5135790,-0.12819076,4.9181695
SWE,Sweden,Sweden,1973,4719450,-0.6393201,-37.842793
SWE,Sweden,Sweden,1974,6490010,0.16173883,44.90325
SWE,Sweden,Sweden,1975,5167950,0.40912035,-92.930916
SWE,Sweden,Sweden,1976,5433500,-1.5615519,-191.30836
SWE,Sweden,Sweden,1977,5395310,-1.3928214,0.82210565
SWE,Sweden,Sweden,1978,5741150,-1.9147893,-97.313545
SWE,Sweden,Sweden,1979,5212450,-1.7594985,0.0072579384
SWE,Sweden,Sweden,1980,5312200,-1.6918103,-73.463295
SWE,Sweden,Sweden,1981,5695490,-1.863747,1.6711199
SWE,Sweden,Sweden,1982,5924400,-0.5652537,-69.705956
SWE,Sweden,Sweden,1983,5407140,-0.33699712,-4.545477
SWE,Sweden,Sweden,1984,6897160,-0.2996427,15.642914
SWE,Sweden,Sweden,1985,5629000,-2.8632514,73.08158
SWE,Sweden,Sweden,1986,5810730,-1.388608,-18.982637
SWE,Sweden,Sweden,1987,5170430,-2.2504292,32.85258
SWE,Sweden,Sweden,1988,4743200,-0.51644725,7.5147104
SWE,Sweden,Sweden,1989,5492500,0.78427744,-47.026672
SWE,Sweden,Sweden,1990,6379500,0.8141616,56.39816
SWE,Sweden,Sweden,1991,5160200,-0.24100532,-48.820377
SWE,Sweden,Sweden,1992,3759700,0.1544525,0.0049159527
SWE,Sweden,Sweden,1993,5241500,-0.70598584,18.418568
SWE,Sweden,Sweden,1994,4471600,-0.7292363,-138.05716
SWE,Sweden,Sweden,1995,4791000,-0.575252,-34.60777
SWE,Sweden,Sweden,1996,5954200,-1.1858369,-112.38517
SWE,Sweden,Sweden,1997,5986000,0.08787968,-79.98808
SWE,Sweden,Sweden,1998,5618400,-0.8549587,129.88338
SWE,Sweden,Sweden,1999,4931300,-0.14365195,28.736599
SWE,Sweden,Sweden,2000,5604200,0.7950751,157.64651
SWE,Sweden,Sweden,2001,5382000,-0.5792866,29.655596
SWE,Sweden,Sweden,2002,5398400,0.053393047,-90.05546
SWE,Sweden,Sweden,2003,5290000,-0.010470982,-76.33735
SWE,Sweden,Sweden,2004,5507800,-0.15559345,-6.6926174
SWE,Sweden,Sweden,2005,5050600,0.25948018,-15.900154
SWE,Sweden,Sweden,2006,4128400,0.6556155,33.61227
SWE,Sweden,Sweden,2007,5057600,0.3369461,-14.46418
SWE,Sweden,Sweden,2008,5195000,0.4745011,18.748888
SWE,Sweden,Sweden,2009,5241900,-0.26733863,-4.1387215
SWE,Sweden,Sweden,2010,4279500,-2.1320918,-22.328957
SWE,Sweden,Sweden,2011,4656800,0.80377173,82.93192
SWE,Sweden,Sweden,2012,5055900,-0.7210842,140.52763
SWE,Sweden,Sweden,2013,4985200,0.10455233,-61.669346
SWE,Sweden,Sweden,2014,5775400,1.0954102,1.1095997
SWE,Sweden,Sweden,2015,6162400,0.82637215,99.56922
SWE,Sweden,Sweden,2016,5447300,0.3242124,-52.78942
SWE,Sweden,Sweden,2017,5949600,-0.0062579312,38.730137
SWE,Sweden,Sweden,2018,3260100,0.4328641,-150.4466
SWE,Sweden,Sweden,2019,6147700,0.24719466,61.725624
SWE,Sweden,Sweden,2020,5954500,1.656325,67.38047
SWE,Sweden,Sweden,2021,4980300,-0.09481155,23.298473
SWE,Sweden,Sweden,2022,5823200,0.7145746,-17.003613
SWE,Sweden,Sweden,2023,4328000,-0.051393587,81.93843
SWE,Sweden,Sweden,2024,5149700,0.8898261,68.69304
SWZ,Eswatini,Eswatini,1961,50164,-0.22872455,-43.69858
SWZ,Eswatini,Eswatini,1962,50627,0.22848868,-41.310585
SWZ,Eswatini,Eswatini,1963,45460,0.0021529992,-198.86356
SWZ,Eswatini,Eswatini,1964,39795,-0.6915863,171.41582
SWZ,Eswatini,Eswatini,1965,40324,-0.49599877,-214.43481
SWZ,Eswatini,Eswatini,1966,44125,-0.15696955,-166.85893
SWZ,Eswatini,Eswatini,1967,70768,-0.6421277,23.433048
SWZ,Eswatini,Eswatini,1968,59334,-1.266898,20.80513
SWZ,Eswatini,Eswatini,1969,68499,-0.20450258,67.6998
SWZ,Eswatini,Eswatini,1970,72771,0.073440075,-112.23188
SWZ,Eswatini,Eswatini,1971,116330,-0.4025704,7.8000684
SWZ,Eswatini,Eswatini,1972,129898,-0.45454225,2.4268143
SWZ,Eswatini,Eswatini,1973,96285,-0.4852805,232.06683
SWZ,Eswatini,Eswatini,1974,124372,-0.11998177,39.955147
SWZ,Eswatini,Eswatini,1975,101091,-0.99390334,397.4563
SWZ,Eswatini,Eswatini,1976,105946,-0.6783338,140.36195
SWZ,Eswatini,Eswatini,1977,75660,-0.05438407,262.0985
SWZ,Eswatini,Eswatini,1978,103167,-0.42411384,155.95314
SWZ,Eswatini,Eswatini,1979,73240,-0.25988603,-35.33067
SWZ,Eswatini,Eswatini,1980,104617,-0.53696877,-83.49201
SWZ,Eswatini,Eswatini,1981,99138,-0.87084407,1.0678616
SWZ,Eswatini,Eswatini,1982,55901,-0.38328394,-205.527
SWZ,Eswatini,Eswatini,1983,33220,0.33840957,-177.36844
SWZ,Eswatini,Eswatini,1984,154327,-0.95564955,294.72986
SWZ,Eswatini,Eswatini,1985,178426,-0.072747864,100.77705
SWZ,Eswatini,Eswatini,1986,108162,-0.055233557,-69.98426
SWZ,Eswatini,Eswatini,1987,104200,0.16416025,31.363344
SWZ,Eswatini,Eswatini,1988,140385,-0.26805678,95.428795
SWZ,Eswatini,Eswatini,1989,99607,-0.32869244,66.23496
SWZ,Eswatini,Eswatini,1990,109975,-0.53491133,103.15308
SWZ,Eswatini,Eswatini,1991,63079,-0.20100538,32.215122
SWZ,Eswatini,Eswatini,1992,95608.09,0.9152016,-298.66284
SWZ,Eswatini,Eswatini,1993,85555.45,0.02391688,-149.36288
SWZ,Eswatini,Eswatini,1994,85873.37,-0.6482699,-214.2595
SWZ,Eswatini,Eswatini,1995,152068,-0.6472041,54.369728
SWZ,Eswatini,Eswatini,1996,120593,-0.66152644,79.170044
SWZ,Eswatini,Eswatini,1997,139182.11,-0.7200925,285.3613
SWZ,Eswatini,Eswatini,1998,119176,0.07263088,114.12817
SWZ,Eswatini,Eswatini,1999,125057,-0.008994818,91.89797
SWZ,Eswatini,Eswatini,2000,113870.43,-0.7781019,586.60376
SWZ,Eswatini,Eswatini,2001,83693.52,-0.21880777,211.1654
SWZ,Eswatini,Eswatini,2002,68829.59,-0.055752356,-203.09233
SWZ,Eswatini,Eswatini,2003,70528.89,0.491165,-238.46732
SWZ,Eswatini,Eswatini,2004,69385.08,-0.099684715,146.912
SWZ,Eswatini,Eswatini,2005,75861.15,0.25996247,-72.75748
SWZ,Eswatini,Eswatini,2006,68496.25,-0.29764757,179.35555
SWZ,Eswatini,Eswatini,2007,27540.66,-0.05589978,-191.97041
SWZ,Eswatini,Eswatini,2008,61408.33,-0.24151278,-87.78875
SWZ,Eswatini,Eswatini,2009,76480.67,-0.22857356,31.317936
SWZ,Eswatini,Eswatini,2010,86407.84,0.41414562,165.66359
SWZ,Eswatini,Eswatini,2011,77388.12,-0.0071123443,-16.506874
SWZ,Eswatini,Eswatini,2012,84187.4,0.18331282,43.40135
SWZ,Eswatini,Eswatini,2013,121413.61,-0.21843617,50.90942
SWZ,Eswatini,Eswatini,2014,121572.06,-0.028844595,11.697535
SWZ,Eswatini,Eswatini,2015,84589.38,1.0036151,-280.94083
SWZ,Eswatini,Eswatini,2016,35578.35,0.8847986,-177.37096
SWZ,Eswatini,Eswatini,2017,86633.02,0.10467807,40.93311
SWZ,Eswatini,Eswatini,2018,115701.5,0.06725311,-96.73511
SWZ,Eswatini,Eswatini,2019,97514.65,0.6174082,-101.09838
SWZ,Eswatini,Eswatini,2020,89719.99,0.07936867,3.9116921
SWZ,Eswatini,Eswatini,2021,102724.34,-0.20368822,150.89961
SWZ,Eswatini,Eswatini,2022,129719.66,0.1518449,142.12556
SWZ,Eswatini,Eswatini,2023,87923.33,0.41208187,33.64559
SWZ,Eswatini,Eswatini,2024,77721.77,0.7904751,-92.95861
SYR,Syria,Syrian Arab Republic,1961,1142799,-1.2688068,-17.7919
SYR,Syria,Syrian Arab Republic,1962,2238756,0.28369215,-74.0209
SYR,Syria,Syrian Arab Republic,1963,2033301,-0.5648949,46.045975
SYR,Syria,Syrian Arab Republic,1964,1791141,-1.6137782,-10.820188
SYR,Syria,Syrian Arab Republic,1965,1788800,-0.8418548,4.1758842
SYR,Syria,Syrian Arab Republic,1966,788948,0.026680231,-24.72436
SYR,Syria,Syrian Arab Republic,1967,1691715,-2.1897087,95.538765
SYR,Syria,Syrian Arab Republic,1968,1167475,-1.0377659,70.747505
SYR,Syria,Syrian Arab Republic,1969,1664463,-0.91677445,64.92209
SYR,Syria,Syrian Arab Republic,1970,884104,-0.7436946,-75.063286
SYR,Syria,Syrian Arab Republic,1971,1138861,-1.432334,80.028175
SYR,Syria,Syrian Arab Republic,1972,2563189,-2.1157153,99.33691
SYR,Syria,Syrian Arab Republic,1973,725842,-1.3026389,-74.490524
SYR,Syria,Syrian Arab Republic,1974,2323962,-1.2167407,67.3431
SYR,Syria,Syrian Arab Republic,1975,2196641,-1.4140602,3.3862944
SYR,Syria,Syrian Arab Republic,1976,2919131,-1.7076489,36.16188
SYR,Syria,Syrian Arab Republic,1977,1639217,-1.0718204,0.16349684
SYR,Syria,Syrian Arab Republic,1978,2456051,-0.6891861,-48.7493
SYR,Syria,Syrian Arab Republic,1979,1763198,-0.3114237,7.7290683
SYR,Syria,Syrian Arab Republic,1980,3884236,-1.1546172,53.55421
SYR,Syria,Syrian Arab Republic,1981,3559272,-0.89525944,43.977856
SYR,Syria,Syrian Arab Republic,1982,2283042,-2.0730824,46.293297
SYR,Syria,Syrian Arab Republic,1983,2695630,-1.8732429,-4.5948043
SYR,Syria,Syrian Arab Republic,1984,1444371,-1.4118901,-4.1895924
SYR,Syria,Syrian Arab Republic,1985,2542958,-1.0296005,1.3505781
SYR,Syria,Syrian Arab Republic,1986,3166999,-0.80423164,8.188425
SYR,Syria,Syrian Arab Republic,1987,2300477,-0.9045749,43.54654
SYR,Syria,Syrian Arab Republic,1988,5001600,-1.2711049,155.04019
SYR,Syria,Syrian Arab Republic,1989,1404498,-0.65915173,-71.22525
SYR,Syria,Syrian Arab Republic,1990,3100767,-0.7766859,-72.43296
SYR,Syria,Syrian Arab Republic,1991,3288640,-0.92462444,19.571373
SYR,Syria,Syrian Arab Republic,1992,4360612,-2.3339942,35.598515
SYR,Syria,Syrian Arab Republic,1993,5387053,-1.3271188,33.40002
SYR,Syria,Syrian Arab Republic,1994,5393352.5,-0.12282693,89.54899
SYR,Syria,Syrian Arab Republic,1995,6095329,-0.7314472,-56.41551
SYR,Syria,Syrian Arab Republic,1996,5991428,-0.26035535,84.80891
SYR,Syria,Syrian Arab Republic,1997,4322580,-1.3130163,33.339924
SYR,Syria,Syrian Arab Republic,1998,5271967,0.39473546,-18.6252
SYR,Syria,Syrian Arab Republic,1999,3301339,0.35115036,-111.34881
SYR,Syria,Syrian Arab Republic,2000,3512791,-0.20683129,-8.13737
SYR,Syria,Syrian Arab Republic,2001,5161232,0.35123345,16.256796
SYR,Syria,Syrian Arab Republic,2002,5932429,-0.23136218,15.657002
SYR,Syria,Syrian Arab Republic,2003,6227315,-0.24352391,47.812767
SYR,Syria,Syrian Arab Republic,2004,5281248,-0.37063143,29.204954
SYR,Syria,Syrian Arab Republic,2005,5631256,-0.45884344,-53.52563
SYR,Syria,Syrian Arab Republic,2006,6302288,-0.3762661,1.8930075
SYR,Syria,Syrian Arab Republic,2007,5010856,-0.1534632,-28.959034
SYR,Syria,Syrian Arab Republic,2008,2684688,0.030431012,-101.78288
SYR,Syria,Syrian Arab Republic,2009,4738674,-0.11091713,-43.197506
SYR,Syria,Syrian Arab Republic,2010,3900866,1.6271468,-74.59973
SYR,Syria,Syrian Arab Republic,2011,4826260,-0.67183715,-6.354481
SYR,Syria,Syrian Arab Republic,2012,4597674,0.38351205,23.17971
SYR,Syria,Syrian Arab Republic,2013,4205161,0.331791,-15.719909
SYR,Syria,Syrian Arab Republic,2014,2694207.9,0.7588918,-10.337943
SYR,Syria,Syrian Arab Republic,2015,4383804,0.6453338,-19.96221
SYR,Syria,Syrian Arab Republic,2016,2661613,1.0860487,-47.90815
SYR,Syria,Syrian Arab Republic,2017,2934757.3,0.7945874,-67.01807
SYR,Syria,Syrian Arab Republic,2018,1733917.8,1.3320563,125.27566
SYR,Syria,Syrian Arab Republic,2019,6356135.9,0.65920657,86.06795
SYR,Syria,Syrian Arab Republic,2020,5322400.4,1.0909396,22.276846
SYR,Syria,Syrian Arab Republic,2021,2514776.4,1.3762485,-107.31721
SYR,Syria,Syrian Arab Republic,2022,2276238,0.82326937,-32.147446
SYR,Syria,Syrian Arab Republic,2023,4878705,1.1960334,-15.685224
SYR,Syria,Syrian Arab Republic,2024,4330802,1.5015124,-29.153717
TCD,Chad,Chad,1961,755600,-1.9487619,-5.562696
TCD,Chad,Chad,1962,695100,-1.1555074,1.4798948
TCD,Chad,Chad,1963,950000,-0.741827,-54.562096
TCD,Chad,Chad,1964,770100,-1.1775174,-96.09205
TCD,Chad,Chad,1965,664000,-0.7263441,-186.45734
TCD,Chad,Chad,1966,703855,-0.56916445,-168.53288
TCD,Chad,Chad,1967,725205,-1.5846205,-4.675169
TCD,Chad,Chad,1968,721400,-0.9716916,-35.221767
TCD,Chad,Chad,1969,715350,-0.17696571,71.065155
TCD,Chad,Chad,1970,676354,-0.9569523,42.671993
TCD,Chad,Chad,1971,663885,-0.86159277,-14.398568
TCD,Chad,Chad,1972,485010,-0.2937355,-16.69781
TCD,Chad,Chad,1973,468000,-0.31266847,6.0447927
TCD,Chad,Chad,1974,593830,-1.244716,92.51121
TCD,Chad,Chad,1975,590950,-1.0944328,94.10702
TCD,Chad,Chad,1976,590000,-0.28269038,-6.926129
TCD,Chad,Chad,1977,619500,-1.2544507,56.77818
TCD,Chad,Chad,1978,640700,-0.7481969,63.926476
TCD,Chad,Chad,1979,549700,-0.50897694,72.639206
TCD,Chad,Chad,1980,572800,-0.6215504,122.17091
TCD,Chad,Chad,1981,401400,-1.1337566,48.374825
TCD,Chad,Chad,1982,392900,-1.1340866,-10.614083
TCD,Chad,Chad,1983,449729,-1.1513907,-72.312035
TCD,Chad,Chad,1984,354966,-0.67539424,-63.273216
TCD,Chad,Chad,1985,704919,-1.0819898,82.69018
TCD,Chad,Chad,1986,634644,-0.6046748,-30.086132
TCD,Chad,Chad,1987,548556,-0.5407321,3.9956825
TCD,Chad,Chad,1988,808086,-0.69648916,131.34781
TCD,Chad,Chad,1989,616841,-1.5078884,7.877969
TCD,Chad,Chad,1990,601390,-0.012414932,-46.39223
TCD,Chad,Chad,1991,812000,-0.4311007,25.264322
TCD,Chad,Chad,1992,976310,-1.1686894,16.861338
TCD,Chad,Chad,1993,617078,-0.46758842,-41.937096
TCD,Chad,Chad,1994,1174869,-0.9948638,123.05125
TCD,Chad,Chad,1995,907316,-0.5456708,53.43092
TCD,Chad,Chad,1996,877738,-0.41340303,38.340317
TCD,Chad,Chad,1997,985833,-0.59361345,10.127044
TCD,Chad,Chad,1998,1291715,-0.16828918,78.34191
TCD,Chad,Chad,1999,1249798,-0.38116488,115.30148
TCD,Chad,Chad,2000,930038,-0.8324995,-29.22107
TCD,Chad,Chad,2001,1321294,-0.37812343,1.9711455
TCD,Chad,Chad,2002,1212390,-0.20116551,-39.78025
TCD,Chad,Chad,2003,1618139,-0.028094769,35.36003
TCD,Chad,Chad,2004,1212903,-0.017873287,-44.576485
TCD,Chad,Chad,2005,1824463,0.3485228,37.944626
TCD,Chad,Chad,2006,1998148,0.24786186,-38.24288
TCD,Chad,Chad,2007,1972035,0.12535794,-33.30869
TCD,Chad,Chad,2008,1927679,-0.32586893,-21.162397
TCD,Chad,Chad,2009,1581067,0.6982295,-63.381535
TCD,Chad,Chad,2010,3247583,1.0052814,32.382015
TCD,Chad,Chad,2011,1657180,0.10153118,-49.70587
TCD,Chad,Chad,2012,3172411,0.2061305,13.976905
TCD,Chad,Chad,2013,2622545,0.7288866,-44.9539
TCD,Chad,Chad,2014,2748668,0.48197827,-37.162605
TCD,Chad,Chad,2015,2452528,0.30460262,-83.645775
TCD,Chad,Chad,2016,2873660,0.63659924,-14.196214
TCD,Chad,Chad,2017,2716901,0.43627706,-41.525864
TCD,Chad,Chad,2018,3021972.6,0.72489023,4.6737328
TCD,Chad,Chad,2019,2925292,0.49530473,39.973034
TCD,Chad,Chad,2020,2882262.1,0.4065404,-44.199448
TCD,Chad,Chad,2021,2620314.2,0.6546281,-104.0423
TCD,Chad,Chad,2022,2798641,0.042970818,-41.92068
TCD,Chad,Chad,2023,2643417,1.1625899,-118.08829
TCD,Chad,Chad,2024,2709156,0.8227971,95.96238
TGO,Togo,Togo,1961,173900,-0.8465333,-352.10458
TGO,Togo,Togo,1962,185530,-1.1730604,80.16851
TGO,Togo,Togo,1963,219642,-0.8949345,101.61059
TGO,Togo,Togo,1964,227500,-0.71382046,-272.32065
TGO,Togo,Togo,1965,237487,-0.9898548,-9.651004
TGO,Togo,Togo,1966,302968,-0.6667576,-65.69003
TGO,Togo,Togo,1967,247238,-1.3215734,196.66034
TGO,Togo,Togo,1968,245000,-1.1378471,434.733
TGO,Togo,Togo,1969,234000,-0.79641217,101.78596
TGO,Togo,Togo,1970,322580,-0.622258,76.97637
TGO,Togo,Togo,1971,347790,-1.0566717,246.1375
TGO,Togo,Togo,1972,283040,-0.7007931,123.06433
TGO,Togo,Togo,1973,279204,-0.27979007,19.311724
TGO,Togo,Togo,1974,245207,-1.0724568,-26.142395
TGO,Togo,Togo,1975,265210,-1.2339611,-8.390893
TGO,Togo,Togo,1976,233970,-1.3542562,145.63023
TGO,Togo,Togo,1977,258250,-0.55717295,-211.24081
TGO,Togo,Togo,1978,270183,-0.8685824,114.25024
TGO,Togo,Togo,1979,315228,-0.65287876,121.42567
TGO,Togo,Togo,1980,295620,-0.32210383,258.18433
TGO,Togo,Togo,1981,290838,-0.27999973,46.163948
TGO,Togo,Togo,1982,308260,-0.5853812,140.1467
TGO,Togo,Togo,1983,291452,-0.03250392,-197.57507
TGO,Togo,Togo,1984,439756,-0.34172186,149.91898
TGO,Togo,Togo,1985,370644,-0.462862,180.1882
TGO,Togo,Togo,1986,366002,-0.50791055,105.41644
TGO,Togo,Togo,1987,368225,0.33510002,77.29705
TGO,Togo,Togo,1988,503770,-0.13937695,270.67355
TGO,Togo,Togo,1989,565807,-0.45591816,156.7895
TGO,Togo,Togo,1990,483958,-0.18202083,2.9490733
TGO,Togo,Togo,1991,464877,-0.552841,240.59451
TGO,Togo,Togo,1992,494785,-0.6356918,55.553787
TGO,Togo,Togo,1993,633126,-0.35516167,172.10161
TGO,Togo,Togo,1994,572507,-0.396804,179.59312
TGO,Togo,Togo,1995,591264,-0.24911404,182.00008
TGO,Togo,Togo,1996,686596,-0.27542353,-18.494076
TGO,Togo,Togo,1997,748221,-0.19458818,30.244833
TGO,Togo,Togo,1998,624267,0.32500792,-62.974903
TGO,Togo,Togo,1999,759376,-0.51515645,288.1501
TGO,Togo,Togo,2000,740520,-0.21441714,-74.114136
TGO,Togo,Togo,2001,814714,-0.11194054,-268.91888
TGO,Togo,Togo,2002,801479,-0.21069305,61.50027
TGO,Togo,Togo,2003,807299,-0.09943596,-29.313154
TGO,Togo,Togo,2004,799023,-0.2230355,-106.8405
TGO,Togo,Togo,2005,833289,-0.004029115,-175.59094
TGO,Togo,Togo,2006,885517,0.03631894,-60.448097
TGO,Togo,Togo,2007,877647,-0.01579523,-54.540894
TGO,Togo,Togo,2008,935210,-0.0639658,-144.03462
TGO,Togo,Togo,2009,1061456,0.211339,-100.38551
TGO,Togo,Togo,2010,1045866,0.5175228,2.8878722
TGO,Togo,Togo,2011,1057893,0.21630032,-145.99408
TGO,Togo,Togo,2012,1268350,-0.068562664,70.06796
TGO,Togo,Togo,2013,1213807,0.10049534,-135.42636
TGO,Togo,Togo,2014,1310851,0.11755625,55.582996
TGO,Togo,Togo,2015,1249728,0.26968622,-129.6537
TGO,Togo,Togo,2016,1263762,0.559912,133.3027
TGO,Togo,Togo,2017,1301069,0.49194685,-41.72193
TGO,Togo,Togo,2018,1339107,0.23863888,115.19032
TGO,Togo,Togo,2019,1372361,0.59815997,144.95132
TGO,Togo,Togo,2020,1355508,0.5037856,-183.26968
TGO,Togo,Togo,2021,1403574,0.82518244,-241.40096
TGO,Togo,Togo,2022,1439850,0.09449927,-105.17173
TGO,Togo,Togo,2023,1529712.8,0.6184117,37.180786
TGO,Togo,Togo,2024,1533073.2,0.9087723,-286.96158
THA,Thailand,Thailand,1961,10768676,-0.879041,-1.1445692
THA,Thailand,Thailand,1962,11935829,-1.1166586,-17.40829
THA,Thailand,Thailand,1963,13049143,-1.1125191,19.948294
THA,Thailand,Thailand,1964,12555500,-0.9905408,33.973717
THA,Thailand,Thailand,1965,12258668,-0.88669366,129.95465
THA,Thailand,Thailand,1966,14757800,-0.9653835,133.54678
THA,Thailand,Thailand,1967,12465400,-1.0797119,-213.40366
THA,Thailand,Thailand,1968,13804400,-0.7078026,-268.4615
THA,Thailand,Thailand,1969,15193700,-0.48723078,-91.95999
THA,Thailand,Thailand,1970,15857700,-0.64680004,-10.113495
THA,Thailand,Thailand,1971,16191500,-1.3687834,-55.242313
THA,Thailand,Thailand,1972,13832200,-0.6942865,148.91333
THA,Thailand,Thailand,1973,17381000,-0.5830841,36.762295
THA,Thailand,Thailand,1974,16140400,-1.0854782,135.98402
THA,Thailand,Thailand,1975,18398868,-0.9830055,271.40475
THA,Thailand,Thailand,1976,17897789,-1.1042734,182.19325
THA,Thailand,Thailand,1977,15733592,-0.6570371,-166.89662
THA,Thailand,Thailand,1978,20485617,-0.4736333,190.18405
THA,Thailand,Thailand,1979,18828814,-0.16071892,-100.77015
THA,Thailand,Thailand,1980,20612202,-0.15714677,83.43314
THA,Thailand,Thailand,1981,21509964,-0.5870821,24.224838
THA,Thailand,Thailand,1982,20132738,-0.6130624,-44.214523
THA,Thailand,Thailand,1983,23439992,-0.26794338,-76.518036
THA,Thailand,Thailand,1984,24517269,-0.6627037,-73.047585
THA,Thailand,Thailand,1985,25614834,-0.58016986,-13.56723
THA,Thailand,Thailand,1986,23401196,-0.6207463,24.263048
THA,Thailand,Thailand,1987,21413971,-0.10312843,-68.25577
THA,Thailand,Thailand,1988,26168704,-0.2780342,82.377106
THA,Thailand,Thailand,1989,25241350,-0.3644484,-105.73651
THA,Thailand,Thailand,1990,21169497,-0.10676368,-84.229706
THA,Thailand,Thailand,1991,23871238,-0.050082047,-54.968307
THA,Thailand,Thailand,1992,24131011,-0.41747522,-148.48718
THA,Thailand,Thailand,1993,22668374,-0.46662283,-211.00955
THA,Thailand,Thailand,1994,24361360,-0.26869917,154.84753
THA,Thailand,Thailand,1995,25076523,-0.20701234,115.69032
THA,Thailand,Thailand,1996,26881155,-0.5361698,163.70505
THA,Thailand,Thailand,1997,27376029,-0.046342373,-159.13922
THA,Thailand,Thailand,1998,28269600,0.68548983,-226.16714
THA,Thailand,Thailand,1999,27840405,-0.5670344,279.67844
THA,Thailand,Thailand,2000,29629373,-0.4587296,275.43585
THA,Thailand,Thailand,2001,33189016,-0.10934305,61.413452
THA,Thailand,Thailand,2002,31995728,0.087930046,97.216736
THA,Thailand,Thailand,2003,34387328,-0.034288883,-161.87112
THA,Thailand,Thailand,2004,33852949,-0.10160589,-253.64005
THA,Thailand,Thailand,2005,34089933,0.22909515,-42.171967
THA,Thailand,Thailand,2006,34083142,0.090138435,42.75956
THA,Thailand,Thailand,2007,34674780,-0.010595004,103.45873
THA,Thailand,Thailand,2008,36978971,-0.49958754,133.12761
THA,Thailand,Thailand,2009,36910787,-0.12698507,-23.43734
THA,Thailand,Thailand,2010,39940960,0.5560042,10.514729
THA,Thailand,Thailand,2011,41473130,-0.6307972,279.9016
THA,Thailand,Thailand,2012,44807570,0.27619776,-26.97218
THA,Thailand,Thailand,2013,43134420,-0.009373347,27.495113
THA,Thailand,Thailand,2014,41177063,0.033388615,-164.03584
THA,Thailand,Thailand,2015,34846953,0.43353748,-170.5684
THA,Thailand,Thailand,2016,33166702,0.5785033,-58.342087
THA,Thailand,Thailand,2017,36825407,0.12942012,240.45148
THA,Thailand,Thailand,2018,38651676,0.0791742,94.602615
THA,Thailand,Thailand,2019,36228762,0.7282869,-226.9285
THA,Thailand,Thailand,2020,36458939,0.63357115,-152.55992
THA,Thailand,Thailand,2021,37471283,0.09331163,76.92555
THA,Thailand,Thailand,2022,38093913,-0.0012750626,197.6363
THA,Thailand,Thailand,2023,38985514,0.6695018,-131.81464
THA,Thailand,Thailand,2024,38639722,1.0155298,-98.9497
TJK,Tajikistan,Tajikistan,1992,271733,-0.49096945,69.35001
TJK,Tajikistan,Tajikistan,1993,266735,-0.8086975,165.12646
TJK,Tajikistan,Tajikistan,1994,215435,-0.4735415,8.594216
TJK,Tajikistan,Tajikistan,1995,242350,-0.674776,-133.08823
TJK,Tajikistan,Tajikistan,1996,387377,-1.1800476,5.7022557
TJK,Tajikistan,Tajikistan,1997,559463,-0.04284978,-98.403336
TJK,Tajikistan,Tajikistan,1998,490619,0.31496114,194.07048
TJK,Tajikistan,Tajikistan,1999,474338,-0.48153356,145.87056
TJK,Tajikistan,Tajikistan,2000,544994,-0.52766496,-84.72808
TJK,Tajikistan,Tajikistan,2001,477651,0.2698435,-120.15547
TJK,Tajikistan,Tajikistan,2002,687559,0.22008497,40.547737
TJK,Tajikistan,Tajikistan,2003,866197,-0.44358858,79.53431
TJK,Tajikistan,Tajikistan,2004,860340,0.08238149,60.869114
TJK,Tajikistan,Tajikistan,2005,902912,-0.5036985,-68.59196
TJK,Tajikistan,Tajikistan,2006,892884,0.7354587,-50.26558
TJK,Tajikistan,Tajikistan,2007,906552,0.61475796,-39.452835
TJK,Tajikistan,Tajikistan,2008,909500,0.15100266,-97.78826
TJK,Tajikistan,Tajikistan,2009,1399868,-0.44433418,76.176445
TJK,Tajikistan,Tajikistan,2010,1382559,0.3128095,52.117554
TJK,Tajikistan,Tajikistan,2011,1034798.1,0.25347838,8.653538
TJK,Tajikistan,Tajikistan,2012,1175450.4,-0.8876423,-67.826225
TJK,Tajikistan,Tajikistan,2013,1328800,0.6631383,-103.22038
TJK,Tajikistan,Tajikistan,2014,1257988.9,-0.20875339,-23.412724
TJK,Tajikistan,Tajikistan,2015,1324044.4,0.6123005,63.938316
TJK,Tajikistan,Tajikistan,2016,1367078.2,1.3519081,23.55598
TJK,Tajikistan,Tajikistan,2017,1365514.8,0.8208104,-18.151245
TJK,Tajikistan,Tajikistan,2018,1218840,0.5583949,-32.564186
TJK,Tajikistan,Tajikistan,2019,1336387.1,0.7667025,-68.665855
TJK,Tajikistan,Tajikistan,2020,1314560.9,0.094800435,-96.76489
TJK,Tajikistan,Tajikistan,2021,1466073.3,0.73903626,-141.6226
TJK,Tajikistan,Tajikistan,2022,1461222.4,1.4565905,-2.9296265
TJK,Tajikistan,Tajikistan,2023,1395441.7,1.3578664,-150.27599
TJK,Tajikistan,Tajikistan,2024,1552464,1.1331336,24.743904
TKM,Turkmenistan,Turkmenistan,1992,731705,-1.3160105,35.860588
TKM,Turkmenistan,Turkmenistan,1993,1008800,-1.5888466,32.351696
TKM,Turkmenistan,Turkmenistan,1994,1120000,-0.80358124,17.139175
TKM,Turkmenistan,Turkmenistan,1995,1102050,0.18239309,-28.335493
TKM,Turkmenistan,Turkmenistan,1996,544800,-1.024747,-19.1465
TKM,Turkmenistan,Turkmenistan,1997,759300,0.03863579,15.229331
TKM,Turkmenistan,Turkmenistan,1998,1278400,-0.08208392,39.90991
TKM,Turkmenistan,Turkmenistan,1999,1566800,0.18773156,4.9258947
TKM,Turkmenistan,Turkmenistan,2000,1751000,0.2283724,-51.93423
TKM,Turkmenistan,Turkmenistan,2001,1832000,0.3666803,-40.770344
TKM,Turkmenistan,Turkmenistan,2002,2461000,0.11444934,36.9777
TKM,Turkmenistan,Turkmenistan,2003,2667000,-0.56906056,53.802723
TKM,Turkmenistan,Turkmenistan,2004,2785000,0.5175356,24.729855
TKM,Turkmenistan,Turkmenistan,2005,3035000,0.481046,-2.7125654
TKM,Turkmenistan,Turkmenistan,2006,3489000,0.4798027,-22.610678
TKM,Turkmenistan,Turkmenistan,2007,1121770,0.18006878,-5.707664
TKM,Turkmenistan,Turkmenistan,2008,1032020,-0.23033394,-76.51794
TKM,Turkmenistan,Turkmenistan,2009,1447360,0.2579321,35.161495
TKM,Turkmenistan,Turkmenistan,2010,1535230,0.85260886,-24.164701
TKM,Turkmenistan,Turkmenistan,2011,1203130,-0.35030237,-3.6840417
TKM,Turkmenistan,Turkmenistan,2012,1343234.8,-0.15394859,-15.148129
TKM,Turkmenistan,Turkmenistan,2013,1529000,0.7639293,-25.585272
TKM,Turkmenistan,Turkmenistan,2014,1357000,-0.4370723,-46.077267
TKM,Turkmenistan,Turkmenistan,2015,1569000,0.43433395,15.951997
TKM,Turkmenistan,Turkmenistan,2016,1719101.4,0.7301895,16.570133
TKM,Turkmenistan,Turkmenistan,2017,1692519,0.27805015,-20.24737
TKM,Turkmenistan,Turkmenistan,2018,1186738,0.5603213,-27.43757
TKM,Turkmenistan,Turkmenistan,2019,1767976.7,0.7800271,62.18947
TKM,Turkmenistan,Turkmenistan,2020,1599474.1,-0.16089445,-2.7363858
TKM,Turkmenistan,Turkmenistan,2021,1587176.1,1.1271139,-80.01327
TKM,Turkmenistan,Turkmenistan,2022,1556079.2,1.0470778,-39.782684
TKM,Turkmenistan,Turkmenistan,2023,1468654.8,1.7847303,-73.25774
TKM,Turkmenistan,Turkmenistan,2024,1486834.2,0.8112672,-8.993852
TLS,East Timor,Timor-Leste,1961,34257,-0.6055279,-80.14738
TLS,East Timor,Timor-Leste,1962,35300,-0.4043069,45.38717
TLS,East Timor,Timor-Leste,1963,32372,-0.7896579,60.278797
TLS,East Timor,Timor-Leste,1964,28058,-0.6032424,164.2032
TLS,East Timor,Timor-Leste,1965,24833,-0.7217582,0.54340875
TLS,East Timor,Timor-Leste,1966,27404,-0.5919657,-139.28699
TLS,East Timor,Timor-Leste,1967,31619,-0.78145295,-59.82173
TLS,East Timor,Timor-Leste,1968,34722,-0.46939722,25.972437
TLS,East Timor,Timor-Leste,1969,28474,-0.1687239,-444.8962
TLS,East Timor,Timor-Leste,1970,29494,-0.19345474,213.22623
TLS,East Timor,Timor-Leste,1971,21953,-0.5899172,283.74698
TLS,East Timor,Timor-Leste,1972,24875,-0.60671014,-450.23328
TLS,East Timor,Timor-Leste,1973,30849,-0.0671986,163.88997
TLS,East Timor,Timor-Leste,1974,38000,-0.64397544,188.90213
TLS,East Timor,Timor-Leste,1975,45000,-0.5265606,766.8601
TLS,East Timor,Timor-Leste,1976,49000,-0.64880353,-132.92928
TLS,East Timor,Timor-Leste,1977,58000,-0.63445014,-163.8075
TLS,East Timor,Timor-Leste,1978,66000,-0.30758157,460.35648
TLS,East Timor,Timor-Leste,1979,73000,0.07985274,-409.02832
TLS,East Timor,Timor-Leste,1980,80000,-0.09101057,-190.84695
TLS,East Timor,Timor-Leste,1981,77000,-0.06396707,237.95934
TLS,East Timor,Timor-Leste,1982,81000,-0.571727,-339.27994
TLS,East Timor,Timor-Leste,1983,84000,-0.049131554,157.4046
TLS,East Timor,Timor-Leste,1984,92000,-0.20562856,320.52145
TLS,East Timor,Timor-Leste,1985,93000,-0.16543801,-122.72302
TLS,East Timor,Timor-Leste,1986,94213,-0.1421032,302.9707
TLS,East Timor,Timor-Leste,1987,99054,-0.1011974,-185.22385
TLS,East Timor,Timor-Leste,1988,97022,0.19243908,225.12442
TLS,East Timor,Timor-Leste,1989,99344,0.052874565,-90.43057
TLS,East Timor,Timor-Leste,1990,132765,-0.020202002,-21.99613
TLS,East Timor,Timor-Leste,1991,157966,-0.33767843,-433.5106
TLS,East Timor,Timor-Leste,1992,134932,-0.065187454,-293.30624
TLS,East Timor,Timor-Leste,1993,156289,-0.08823506,-116.59523
TLS,East Timor,Timor-Leste,1994,158200,-0.32314968,-267.81104
TLS,East Timor,Timor-Leste,1995,149735,-0.30673614,200.30022
TLS,East Timor,Timor-Leste,1996,159223,-0.14793253,51.199066
TLS,East Timor,Timor-Leste,1997,136968,-0.46779552,-339.14175
TLS,East Timor,Timor-Leste,1998,95779,0.4362429,380.06787
TLS,East Timor,Timor-Leste,1999,104035,-0.44339547,444.9475
TLS,East Timor,Timor-Leste,2000,139449,-0.3570145,479.5746
TLS,East Timor,Timor-Leste,2001,122845,-0.2088248,283.7621
TLS,East Timor,Timor-Leste,2002,147370,-0.039394695,-404.82672
TLS,East Timor,Timor-Leste,2003,135608,0.055781204,-198.0349
TLS,East Timor,Timor-Leste,2004,117203,-0.10967763,-84.46755
TLS,East Timor,Timor-Leste,2005,151106,0.28510317,-327.724
TLS,East Timor,Timor-Leste,2006,174394,-0.3882041,230.71143
TLS,East Timor,Timor-Leste,2007,131946,-0.042022545,-61.76137
TLS,East Timor,Timor-Leste,2008,180430,-0.057291348,72.12509
TLS,East Timor,Timor-Leste,2009,255490,0.10731713,-207.29468
TLS,East Timor,Timor-Leste,2010,261816.18,0.39476967,577.2651
TLS,East Timor,Timor-Leste,2011,148080,-0.24751346,212.34271
TLS,East Timor,Timor-Leste,2012,182005,-0.20699215,-23.803068
TLS,East Timor,Timor-Leste,2013,188121,0.16757362,500.55194
TLS,East Timor,Timor-Leste,2014,191297,0.004561106,-268.24136
TLS,East Timor,Timor-Leste,2015,213902,-0.02173535,-365.62817
TLS,East Timor,Timor-Leste,2016,156565.16,0.88389426,65.618996
TLS,East Timor,Timor-Leste,2017,137114.64,0.36030498,259.86786
TLS,East Timor,Timor-Leste,2018,143213.78,0.3823894,-121.82516
TLS,East Timor,Timor-Leste,2019,123512,0.1775287,-276.3499
TLS,East Timor,Timor-Leste,2020,127589,0.603316,31.987297
TLS,East Timor,Timor-Leste,2021,101513,0.4744277,446.0968
TLS,East Timor,Timor-Leste,2022,172500,0.33013996,476.0843
TLS,East Timor,Timor-Leste,2023,168000,0.23215723,-140.65508
TLS,East Timor,Timor-Leste,2024,132000,0.61994046,443.54172
TTO,Trinidad and Tobago,Trinidad and Tobago,1961,12560,-0.6788452,160.31464
TTO,Trinidad and Tobago,Trinidad and Tobago,1962,13300,-0.60386306,142.70412
TTO,Trinidad and Tobago,Trinidad and Tobago,1963,13200,-0.50158215,64.327774
TTO,Trinidad and Tobago,Trinidad and Tobago,1964,13100,-0.6596608,182.31502
TTO,Trinidad and Tobago,Trinidad and Tobago,1965,12200,-0.7224145,-164.89668
TTO,Trinidad and Tobago,Trinidad and Tobago,1966,12000,-0.38518843,-73.69758
TTO,Trinidad and Tobago,Trinidad and Tobago,1967,12500,-0.61834306,-228.23157
TTO,Trinidad and Tobago,Trinidad and Tobago,1968,12179,-0.60416794,-99.312485
TTO,Trinidad and Tobago,Trinidad and Tobago,1969,11547,-0.027590433,-125.33363
TTO,Trinidad and Tobago,Trinidad and Tobago,1970,11885,-0.36425224,-122.7452
TTO,Trinidad and Tobago,Trinidad and Tobago,1971,14166,-0.7446701,-238.38318
TTO,Trinidad and Tobago,Trinidad and Tobago,1972,16022,-0.60827416,35.31028
TTO,Trinidad and Tobago,Trinidad and Tobago,1973,15561,-0.5200617,173.67744
TTO,Trinidad and Tobago,Trinidad and Tobago,1974,22025,-0.8840777,-173.41924
TTO,Trinidad and Tobago,Trinidad and Tobago,1975,24886,-0.919079,51.153652
TTO,Trinidad and Tobago,Trinidad and Tobago,1976,25432,-0.8960903,-220.15976
TTO,Trinidad and Tobago,Trinidad and Tobago,1977,24937,-0.4943862,-155.36244
TTO,Trinidad and Tobago,Trinidad and Tobago,1978,17705,-0.4752601,-26.448732
TTO,Trinidad and Tobago,Trinidad and Tobago,1979,20317,-0.39194807,62.205338
TTO,Trinidad and Tobago,Trinidad and Tobago,1980,12723,-0.4286262,-71.387665
TTO,Trinidad and Tobago,Trinidad and Tobago,1981,6141,-0.2799891,223.78339
TTO,Trinidad and Tobago,Trinidad and Tobago,1982,6403,-0.65259045,95.79722
TTO,Trinidad and Tobago,Trinidad and Tobago,1983,6216,-0.38503823,56.680626
TTO,Trinidad and Tobago,Trinidad and Tobago,1984,6946,-0.9657421,-4.9985657
TTO,Trinidad and Tobago,Trinidad and Tobago,1985,6960,-0.8725826,3.5679593
TTO,Trinidad and Tobago,Trinidad and Tobago,1986,7421,-0.8092952,-114.88383
TTO,Trinidad and Tobago,Trinidad and Tobago,1987,9609,-0.0025129318,-289.4117
TTO,Trinidad and Tobago,Trinidad and Tobago,1988,10479,-0.31092963,1.7651398
TTO,Trinidad and Tobago,Trinidad and Tobago,1989,15008,-0.595449,-253.78734
TTO,Trinidad and Tobago,Trinidad and Tobago,1990,16913,-0.28224024,-211.0921
TTO,Trinidad and Tobago,Trinidad and Tobago,1991,19100,-0.50109357,-185.22585
TTO,Trinidad and Tobago,Trinidad and Tobago,1992,25522,-0.46321678,-286.0623
TTO,Trinidad and Tobago,Trinidad and Tobago,1993,21204,-0.24731572,-300.64267
TTO,Trinidad and Tobago,Trinidad and Tobago,1994,22312.6,-0.46509948,-249.60568
TTO,Trinidad and Tobago,Trinidad and Tobago,1995,14604.47,-0.061635494,-240.00386
TTO,Trinidad and Tobago,Trinidad and Tobago,1996,22245.21,-0.27463308,-48.80682
TTO,Trinidad and Tobago,Trinidad and Tobago,1997,11626.9,-0.27300325,-196.62599
TTO,Trinidad and Tobago,Trinidad and Tobago,1998,11577,0.23360841,215.40465
TTO,Trinidad and Tobago,Trinidad and Tobago,1999,4109.7,-0.23943138,145.63802
TTO,Trinidad and Tobago,Trinidad and Tobago,2000,7231,-0.45852375,131.26616
TTO,Trinidad and Tobago,Trinidad and Tobago,2001,5073,-0.25386062,29.653877
TTO,Trinidad and Tobago,Trinidad and Tobago,2002,7178,-0.15443897,43.70605
TTO,Trinidad and Tobago,Trinidad and Tobago,2003,4674.8,0.019688765,-45.540173
TTO,Trinidad and Tobago,Trinidad and Tobago,2004,1720,-0.0012097359,250.83522
TTO,Trinidad and Tobago,Trinidad and Tobago,2005,2082,0.37636185,355.17688
TTO,Trinidad and Tobago,Trinidad and Tobago,2006,1555,0.09241787,-71.72941
TTO,Trinidad and Tobago,Trinidad and Tobago,2007,2413,0.03328721,210.29169
TTO,Trinidad and Tobago,Trinidad and Tobago,2008,2677,-0.07037131,75.36041
TTO,Trinidad and Tobago,Trinidad and Tobago,2009,2226,0.14688285,-86.16295
TTO,Trinidad and Tobago,Trinidad and Tobago,2010,2259,0.66089964,285.96652
TTO,Trinidad and Tobago,Trinidad and Tobago,2011,2662.8,0.20179224,477.91855
TTO,Trinidad and Tobago,Trinidad and Tobago,2012,2121.9,0.10309871,275.9423
TTO,Trinidad and Tobago,Trinidad and Tobago,2013,2859,0.198246,-14.527324
TTO,Trinidad and Tobago,Trinidad and Tobago,2014,2912,0.07752832,-162.43147
TTO,Trinidad and Tobago,Trinidad and Tobago,2015,1900,0.2300946,-359.07977
TTO,Trinidad and Tobago,Trinidad and Tobago,2016,1823,0.46353054,-154.31796
TTO,Trinidad and Tobago,Trinidad and Tobago,2017,1620,0.18151712,230.46913
TTO,Trinidad and Tobago,Trinidad and Tobago,2018,586,-0.11339951,42.265347
TTO,Trinidad and Tobago,Trinidad and Tobago,2019,575,0.25448498,-198.9437
TTO,Trinidad and Tobago,Trinidad and Tobago,2020,734,0.30378532,-170.18884
TTO,Trinidad and Tobago,Trinidad and Tobago,2021,351.1,-0.020266056,216.15807
TTO,Trinidad and Tobago,Trinidad and Tobago,2022,125,-0.10673872,430.92877
TTO,Trinidad and Tobago,Trinidad and Tobago,2023,326,0.50499773,-31.350033
TTO,Trinidad and Tobago,Trinidad and Tobago,2024,784.4,1.0156889,-153.21437
TUN,Tunisia,Tunisia,1961,561618,-1.3835233,-70.742775
TUN,Tunisia,Tunisia,1962,814367,-1.7773641,-19.398958
TUN,Tunisia,Tunisia,1963,1193300,-1.6675307,28.260448
TUN,Tunisia,Tunisia,1964,922000,-1.663174,23.615364
TUN,Tunisia,Tunisia,1965,1141500,-1.6613477,-15.855754
TUN,Tunisia,Tunisia,1966,813000,-1.2135874,-15.70505
TUN,Tunisia,Tunisia,1967,683000,-1.4709549,-38.391945
TUN,Tunisia,Tunisia,1968,812600,-1.1749462,-18.213877
TUN,Tunisia,Tunisia,1969,632400,-1.600296,165.96643
TUN,Tunisia,Tunisia,1970,704400,-1.3045834,-49.400513
TUN,Tunisia,Tunisia,1971,835800,-1.8014733,54.398945
TUN,Tunisia,Tunisia,1972,1231300,-1.8815683,119.27408
TUN,Tunisia,Tunisia,1973,1128200,-1.4921211,128.25812
TUN,Tunisia,Tunisia,1974,1108600,-1.8136183,12.697397
TUN,Tunisia,Tunisia,1975,1271100,-1.6163918,40.908207
TUN,Tunisia,Tunisia,1976,1078300,-2.2360234,169.57617
TUN,Tunisia,Tunisia,1977,880300,-0.70263225,-35.072765
TUN,Tunisia,Tunisia,1978,959000,-1.542379,-12.027349
TUN,Tunisia,Tunisia,1979,979500,-1.3151354,57.902664
TUN,Tunisia,Tunisia,1980,1196800,-1.7782925,34.47045
TUN,Tunisia,Tunisia,1981,1262000,-0.9063411,-62.91084
TUN,Tunisia,Tunisia,1982,1285000,-0.66511744,64.309265
TUN,Tunisia,Tunisia,1983,951000,-0.87786645,-55.078995
TUN,Tunisia,Tunisia,1984,1053420,-1.3929869,33.03789
TUN,Tunisia,Tunisia,1985,2098000,-0.63983995,-37.666866
TUN,Tunisia,Tunisia,1986,782000,-0.8586471,24.624434
TUN,Tunisia,Tunisia,1987,1919500,-0.3358654,-34.066998
TUN,Tunisia,Tunisia,1988,450000,-0.20048888,-34.949932
TUN,Tunisia,Tunisia,1989,655600,-0.40651885,-59.088234
TUN,Tunisia,Tunisia,1990,1654847,-0.30715156,97.854416
TUN,Tunisia,Tunisia,1991,2575807.9,-1.4192251,-2.2023685
TUN,Tunisia,Tunisia,1992,2219391.1,-1.2469071,51.363865
TUN,Tunisia,Tunisia,1993,1939794.8,-0.65039176,-56.018055
TUN,Tunisia,Tunisia,1994,679200,0.12711143,-48.160664
TUN,Tunisia,Tunisia,1995,647471.25,-0.4947649,21.5694
TUN,Tunisia,Tunisia,1996,2896345.3,-0.63019747,17.289106
TUN,Tunisia,Tunisia,1997,1084468,-0.11450831,26.56193
TUN,Tunisia,Tunisia,1998,1697420,-0.38026556,-23.150269
TUN,Tunisia,Tunisia,1999,1838970,0.60628384,6.584817
TUN,Tunisia,Tunisia,2000,1121988.9,-0.0017561117,-69.67231
TUN,Tunisia,Tunisia,2001,1391500,0.5832835,-77.0194
TUN,Tunisia,Tunisia,2002,550525.53,0.19120812,-31.985987
TUN,Tunisia,Tunisia,2003,2318389.9,0.26445493,117.96348
TUN,Tunisia,Tunisia,2004,2164100,-0.13954742,30.60884
TUN,Tunisia,Tunisia,2005,2135245.8,-0.25837016,11.556206
TUN,Tunisia,Tunisia,2006,1647564.8,0.14318769,15.814759
TUN,Tunisia,Tunisia,2007,2024803.6,0.09282931,34.32094
TUN,Tunisia,Tunisia,2008,1223939.6,0.15627639,-39.2933
TUN,Tunisia,Tunisia,2009,2567679.4,-0.073017836,73.386795
TUN,Tunisia,Tunisia,2010,1113434.1,0.511664,-18.430374
TUN,Tunisia,Tunisia,2011,2343805.6,-0.24534917,33.04365
TUN,Tunisia,Tunisia,2012,2305900,0.43718013,-1.4903352
TUN,Tunisia,Tunisia,2013,1328220,0.19494931,-26.628061
TUN,Tunisia,Tunisia,2014,2350002.5,0.67411494,-7.9886465
TUN,Tunisia,Tunisia,2015,1339798.4,0.053875446,-20.881073
TUN,Tunisia,Tunisia,2016,1324694.6,0.7212953,-18.423895
TUN,Tunisia,Tunisia,2017,1637797.5,-0.13964336,-5.2364426
TUN,Tunisia,Tunisia,2018,1444372.6,0.30679002,1.3188838
TUN,Tunisia,Tunisia,2019,2426888.8,0.1370128,23.769215
TUN,Tunisia,Tunisia,2020,1564885.8,0.5924236,-18.570702
TUN,Tunisia,Tunisia,2021,1679245.1,1.1213638,-76.6983
TUN,Tunisia,Tunisia,2022,1713880.9,1.1663364,-91.38754
TUN,Tunisia,Tunisia,2023,612415.4,0.9158302,-31.236582
TUN,Tunisia,Tunisia,2024,1504225.7,1.4212494,-54.27613
TUR,Turkey,TÃ¼rkiye,1961,12729100,-1.244865,-97.6546
TUR,Turkey,TÃ¼rkiye,1962,14728000,0.08573515,-84.23255
TUR,Turkey,TÃ¼rkiye,1963,17487100,-0.3102894,184.21965
TUR,Turkey,TÃ¼rkiye,1964,14454700,-1.2585268,-47.449024
TUR,Turkey,TÃ¼rkiye,1965,14756700,-0.9411076,120.34869
TUR,Turkey,TÃ¼rkiye,1966,16511200,0.92844224,55.596157
TUR,Turkey,TÃ¼rkiye,1967,16962300,-1.6304787,105.17277
TUR,Turkey,TÃ¼rkiye,1968,15963700,-0.6134009,209.7935
TUR,Turkey,TÃ¼rkiye,1969,17185300,-0.51290715,151.5134
TUR,Turkey,TÃ¼rkiye,1970,15989280,0.022788366,-0.078483954
TUR,Turkey,TÃ¼rkiye,1971,20915700,-0.6805528,144.8627
TUR,Turkey,TÃ¼rkiye,1972,18719180,-1.515728,141.24495
TUR,Turkey,TÃ¼rkiye,1973,15708780,-1.0936297,-68.44588
TUR,Turkey,TÃ¼rkiye,1974,17066800,-0.9984897,-23.376987
TUR,Turkey,TÃ¼rkiye,1975,22211050,-1.0640837,17.76721
TUR,Turkey,TÃ¼rkiye,1976,24459800,-1.6400118,97.233406
TUR,Turkey,TÃ¼rkiye,1977,24322000,-0.8131402,-66.17629
TUR,Turkey,TÃ¼rkiye,1978,24363200,-0.5889559,30.639107
TUR,Turkey,TÃ¼rkiye,1979,25750608,-0.19923486,78.066216
TUR,Turkey,TÃ¼rkiye,1980,24418700,-0.89927244,49.19915
TUR,Turkey,TÃ¼rkiye,1981,25526400,-0.2938471,130.58995
TUR,Turkey,TÃ¼rkiye,1982,26558000,-1.5996193,-55.30109
TUR,Turkey,TÃ¼rkiye,1983,24491750,-1.4545611,62.499557
TUR,Turkey,TÃ¼rkiye,1984,26314243,-0.93183565,-72.59728
TUR,Turkey,TÃ¼rkiye,1985,26493152,-0.96551466,-4.742421
TUR,Turkey,TÃ¼rkiye,1986,29358150,-0.53217715,1.9517703
TUR,Turkey,TÃ¼rkiye,1987,29282150,-1.1314113,119.90644
TUR,Turkey,TÃ¼rkiye,1988,30893702,-1.095099,147.04771
TUR,Turkey,TÃ¼rkiye,1989,23498600,-0.57428896,-110.93835
TUR,Turkey,TÃ¼rkiye,1990,30201369,-0.7551854,-113.97847
TUR,Turkey,TÃ¼rkiye,1991,31129155,-0.94751745,43.64308
TUR,Turkey,TÃ¼rkiye,1992,29139250,-2.381508,-24.23403
TUR,Turkey,TÃ¼rkiye,1993,31733450,-1.387165,-36.058582
TUR,Turkey,TÃ¼rkiye,1994,27000400,0.07967677,3.5676384
TUR,Turkey,TÃ¼rkiye,1995,28168560,-0.6906929,27.667328
TUR,Turkey,TÃ¼rkiye,1996,29329100,-0.2556738,74.603645
TUR,Turkey,TÃ¼rkiye,1997,29747175,-1.2688878,35.398373
TUR,Turkey,TÃ¼rkiye,1998,33175972,0.30969703,23.97725
TUR,Turkey,TÃ¼rkiye,1999,28876920,0.5219397,-65.71092
TUR,Turkey,TÃ¼rkiye,2000,32240094,-0.4812794,-60.26305
TUR,Turkey,TÃ¼rkiye,2001,29563560,0.7805945,22.448462
TUR,Turkey,TÃ¼rkiye,2002,30822650,-0.33541146,-27.029501
TUR,Turkey,TÃ¼rkiye,2003,30798600,-0.3528537,7.6376076
TUR,Turkey,TÃ¼rkiye,2004,34145410,-0.40513137,-40.98332
TUR,Turkey,TÃ¼rkiye,2005,36464200,-0.22668488,20.179905
TUR,Turkey,TÃ¼rkiye,2006,34636645,-0.15849271,-18.181065
TUR,Turkey,TÃ¼rkiye,2007,29250013,0.08746815,-55.932102
TUR,Turkey,TÃ¼rkiye,2008,29279920,-0.019508341,-159.26944
TUR,Turkey,TÃ¼rkiye,2009,33569627,0.03987487,123.01889
TUR,Turkey,TÃ¼rkiye,2010,32764875,1.6912146,58.572914
TUR,Turkey,TÃ¼rkiye,2011,35195055,-0.90155643,17.327011
TUR,Turkey,TÃ¼rkiye,2012,33370865,0.11218944,81.59456
TUR,Turkey,TÃ¼rkiye,2013,37475610,0.062803805,-97.46731
TUR,Turkey,TÃ¼rkiye,2014,32708005,0.97109175,5.0663743
TUR,Turkey,TÃ¼rkiye,2015,38632438,0.41967097,47.854294
TUR,Turkey,TÃ¼rkiye,2016,35276615,0.60341436,29.967918
TUR,Turkey,TÃ¼rkiye,2017,36126157,0.32372287,-56.2981
TUR,Turkey,TÃ¼rkiye,2018,34395628,1.6890191,90.86171
TUR,Turkey,TÃ¼rkiye,2019,34398698,0.96541405,17.333939
TUR,Turkey,TÃ¼rkiye,2020,37184688,1.1545724,-89.29349
TUR,Turkey,TÃ¼rkiye,2021,31864404,0.980629,-49.33805
TUR,Turkey,TÃ¼rkiye,2022,38667033,0.56931025,-69.539055
TUR,Turkey,TÃ¼rkiye,2023,42193311,1.2395821,96.50419
TUR,Turkey,TÃ¼rkiye,2024,39017292,1.7049693,-15.909481
TZA,Tanzania,United Republic of Tanzania,1961,1015200,-0.6371643,580.6806
TZA,Tanzania,United Republic of Tanzania,1962,1031678,-1.1536989,261.4334
TZA,Tanzania,United Republic of Tanzania,1963,1377714,-1.2946502,326.9648
TZA,Tanzania,United Republic of Tanzania,1964,1132828,-1.1400409,146.85219
TZA,Tanzania,United Republic of Tanzania,1965,1122892,-1.1519575,172.16792
TZA,Tanzania,United Republic of Tanzania,1966,1346427,-0.5585656,9.3790655
TZA,Tanzania,United Republic of Tanzania,1967,1160095,-0.7869169,172.70552
TZA,Tanzania,United Republic of Tanzania,1968,985114,-1.2417804,298.69443
TZA,Tanzania,United Republic of Tanzania,1969,1086208,-0.4371535,-56.02047
TZA,Tanzania,United Republic of Tanzania,1970,1003094,-0.8369727,224.5553
TZA,Tanzania,United Republic of Tanzania,1971,1229561,-1.1802698,204.35541
TZA,Tanzania,United Republic of Tanzania,1972,1200069,-1.1106263,531.57513
TZA,Tanzania,United Republic of Tanzania,1973,1572340,-0.61444587,163.44478
TZA,Tanzania,United Republic of Tanzania,1974,1376313,-0.9138872,125.77904
TZA,Tanzania,United Republic of Tanzania,1975,2138000,-0.7834754,118.82937
TZA,Tanzania,United Republic of Tanzania,1976,2386000,-0.6235302,122.16029
TZA,Tanzania,United Republic of Tanzania,1977,2639000,-0.5960789,385.78275
TZA,Tanzania,United Republic of Tanzania,1978,2750909,-0.8081419,349.26257
TZA,Tanzania,United Republic of Tanzania,1979,3227050,-0.8346033,315.50803
TZA,Tanzania,United Republic of Tanzania,1980,2960500,-0.5887982,113.23633
TZA,Tanzania,United Republic of Tanzania,1981,2843000,-0.5654106,97.006645
TZA,Tanzania,United Republic of Tanzania,1982,3006500,-0.5687885,284.91208
TZA,Tanzania,United Republic of Tanzania,1983,2873831,-0.14010318,88.16995
TZA,Tanzania,United Republic of Tanzania,1984,3142085,-0.8989584,200.58763
TZA,Tanzania,United Republic of Tanzania,1985,3622492,-0.9304654,166.09398
TZA,Tanzania,United Republic of Tanzania,1986,3778232,-0.8263561,357.16644
TZA,Tanzania,United Republic of Tanzania,1987,4034615,-0.16285849,94.92728
TZA,Tanzania,United Republic of Tanzania,1988,3664265,-0.09398905,39.739166
TZA,Tanzania,United Republic of Tanzania,1989,4785811,-0.8669658,297.90018
TZA,Tanzania,United Republic of Tanzania,1990,3960300,-0.46069828,65.45539
TZA,Tanzania,United Republic of Tanzania,1991,3857815,-0.36515632,136.54622
TZA,Tanzania,United Republic of Tanzania,1992,3538050,-0.44945922,-21.980648
TZA,Tanzania,United Republic of Tanzania,1993,3916590,-0.15063588,-159.94849
TZA,Tanzania,United Republic of Tanzania,1994,2952900,-0.18300438,107.17369
TZA,Tanzania,United Republic of Tanzania,1995,4654287.4,-0.15065272,-46.511414
TZA,Tanzania,United Republic of Tanzania,1996,4873811.5,-0.37106815,-77.65199
TZA,Tanzania,United Republic of Tanzania,1997,3364446.1,-0.11763573,206.20207
TZA,Tanzania,United Republic of Tanzania,1998,4466774.3,-0.044506866,45.48021
TZA,Tanzania,United Republic of Tanzania,1999,4009929.3,-0.38443533,-121.55824
TZA,Tanzania,United Republic of Tanzania,2000,3622945.1,-0.24643786,-79.10842
TZA,Tanzania,United Republic of Tanzania,2001,4537267.3,-0.4501287,-66.627785
TZA,Tanzania,United Republic of Tanzania,2002,6371183.5,-0.3783299,117.04828
TZA,Tanzania,United Republic of Tanzania,2003,4109738.4,0.17469104,-276.35944
TZA,Tanzania,United Republic of Tanzania,2004,6706622,-0.1205438,-10.03894
TZA,Tanzania,United Republic of Tanzania,2005,5394302,0.43483543,-280.65674
TZA,Tanzania,United Republic of Tanzania,2006,5745560,-0.010696411,144.50606
TZA,Tanzania,United Republic of Tanzania,2007,6402080,0.041190624,-88.91942
TZA,Tanzania,United Republic of Tanzania,2008,7651930,-0.26817766,-42.515472
TZA,Tanzania,United Republic of Tanzania,2009,5807305,0.2293288,-95.70001
TZA,Tanzania,United Republic of Tanzania,2010,8643198,0.31284618,-77.402
TZA,Tanzania,United Republic of Tanzania,2011,7955143,0.025630632,109.17609
TZA,Tanzania,United Republic of Tanzania,2012,8119819,0.10845073,-28.938816
TZA,Tanzania,United Republic of Tanzania,2013,8867188,0.17847681,1.3198233
TZA,Tanzania,United Republic of Tanzania,2014,10874542,0.1516347,29.68147
TZA,Tanzania,United Republic of Tanzania,2015,10054818,0.41602054,27.172321
TZA,Tanzania,United Republic of Tanzania,2016,10797277,0.40854326,-52.843834
TZA,Tanzania,United Republic of Tanzania,2017,10346519,0.54685515,7.916549
TZA,Tanzania,United Republic of Tanzania,2018,10831072,0.023820877,128.2232
TZA,Tanzania,United Republic of Tanzania,2019,10408438,0.5047409,187.02522
TZA,Tanzania,United Republic of Tanzania,2020,12489584,0.13379431,279.29044
TZA,Tanzania,United Republic of Tanzania,2021,12390888,0.18299007,-138.68445
TZA,Tanzania,United Republic of Tanzania,2022,11933644,0.11853218,-42.11853
TZA,Tanzania,United Republic of Tanzania,2023,12789710,0.5394532,84.47914
TZA,Tanzania,United Republic of Tanzania,2024,15468111,0.4383327,261.65155
UGA,Uganda,Uganda,1961,895200,-1.1672188,783.7414
UGA,Uganda,Uganda,1962,902000,-1.861764,712.8202
UGA,Uganda,Uganda,1963,912650,-1.7368072,711.6669
UGA,Uganda,Uganda,1964,923300,-1.462444,401.95605
UGA,Uganda,Uganda,1965,1057750,-1.0508175,221.14188
UGA,Uganda,Uganda,1966,1071083,-0.9758666,305.12915
UGA,Uganda,Uganda,1967,1082153,-1.3145081,565.8989
UGA,Uganda,Uganda,1968,1292642,-1.347304,454.41055
UGA,Uganda,Uganda,1969,1624151,-0.80851346,78.89601
UGA,Uganda,Uganda,1970,1652360,-1.1171494,337.32074
UGA,Uganda,Uganda,1971,1448000,-1.3839755,419.6544
UGA,Uganda,Uganda,1972,1535600,-1.1858014,625.6797
UGA,Uganda,Uganda,1973,1466600,-0.69097394,212.8609
UGA,Uganda,Uganda,1974,1389000,-1.1399117,292.51892
UGA,Uganda,Uganda,1975,1749000,-1.2144231,553.9978
UGA,Uganda,Uganda,1976,1681000,-1.1340834,416.001
UGA,Uganda,Uganda,1977,1522000,-0.95681447,389.0559
UGA,Uganda,Uganda,1978,1545600,-0.9460454,406.4851
UGA,Uganda,Uganda,1979,1270000,-0.644993,297.90515
UGA,Uganda,Uganda,1980,1078000,-0.41768265,32.71956
UGA,Uganda,Uganda,1981,1165000,-0.5630571,273.24817
UGA,Uganda,Uganda,1982,1093000,-0.6973079,250.63058
UGA,Uganda,Uganda,1983,1399000,-0.33902755,255.78902
UGA,Uganda,Uganda,1984,944000,-0.7087903,52.385757
UGA,Uganda,Uganda,1985,1170974,-1.0064865,357.8358
UGA,Uganda,Uganda,1986,1057985,-0.8304294,385.17786
UGA,Uganda,Uganda,1987,1220000,-0.09522947,215.88019
UGA,Uganda,Uganda,1988,1398000,-0.4886147,277.72467
UGA,Uganda,Uganda,1989,1635726,-0.6773431,156.51822
UGA,Uganda,Uganda,1990,1580000,-0.4976031,206.87991
UGA,Uganda,Uganda,1991,1576000,-0.57931787,350.18945
UGA,Uganda,Uganda,1992,1742800,-0.40441307,59.033
UGA,Uganda,Uganda,1993,1880000,-0.19430034,-63.554237
UGA,Uganda,Uganda,1994,1936000,-0.3526996,263.19534
UGA,Uganda,Uganda,1995,2030000,-0.08724705,89.74261
UGA,Uganda,Uganda,1996,1588000,-0.4196631,104.55642
UGA,Uganda,Uganda,1997,1625000,0.008656979,156.58719
UGA,Uganda,Uganda,1998,2085000,0.17435248,-97.29319
UGA,Uganda,Uganda,1999,2178000,-0.51601535,-15.38213
UGA,Uganda,Uganda,2000,2112000,-0.24540965,-229.08287
UGA,Uganda,Uganda,2001,2309000,-0.5167222,7.51442
UGA,Uganda,Uganda,2002,2368000,0.025340557,-151.53648
UGA,Uganda,Uganda,2003,2508000,0.071140446,-157.04137
UGA,Uganda,Uganda,2004,2274000,0.11764669,-121.25459
UGA,Uganda,Uganda,2005,2526000,0.38941398,-146.24667
UGA,Uganda,Uganda,2006,2557029,-0.10211007,144.18205
UGA,Uganda,Uganda,2007,2632381,-0.13785124,-59.84439
UGA,Uganda,Uganda,2008,3129052,-0.27283987,-87.66229
UGA,Uganda,Uganda,2009,3204738,0.36382756,-154.28902
UGA,Uganda,Uganda,2010,3270391,0.05383873,126.89362
UGA,Uganda,Uganda,2011,3500763,-0.16372506,133.58849
UGA,Uganda,Uganda,2012,3546438,-0.069783054,76.87801
UGA,Uganda,Uganda,2013,3508500,-0.086138405,-30.905722
UGA,Uganda,Uganda,2014,3662246,0.26293692,-100.97821
UGA,Uganda,Uganda,2015,3720394,0.49745688,-39.087948
UGA,Uganda,Uganda,2016,3278888,0.9565716,-342.27243
UGA,Uganda,Uganda,2017,3412916,0.6260478,-143.19177
UGA,Uganda,Uganda,2018,4075377,0.15631263,-9.282157
UGA,Uganda,Uganda,2019,3120000,0.39299121,186.63535
UGA,Uganda,Uganda,2020,4032000,0.051704247,249.90956
UGA,Uganda,Uganda,2021,4229600,0.4859117,-327.22888
UGA,Uganda,Uganda,2022,5525000,0.43188158,-235.09976
UGA,Uganda,Uganda,2023,5720000,0.85020113,-29.97371
UGA,Uganda,Uganda,2024,5670000,1.0464215,-139.8811
UKR,Ukraine,Ukraine,1992,35558040,-0.8723054,11.82829
UKR,Ukraine,Ukraine,1993,42732798,-1.7406744,28.635963
UKR,Ukraine,Ukraine,1994,32860971,-0.36858824,-73.071144
UKR,Ukraine,Ukraine,1995,32360000,-0.42965302,87.845146
UKR,Ukraine,Ukraine,1996,23449056,-1.5386046,35.12516
UKR,Ukraine,Ukraine,1997,34394720,-1.5130063,165.38776
UKR,Ukraine,Ukraine,1998,25699039,-0.6119428,79.877464
UKR,Ukraine,Ukraine,1999,23960469,0.4579676,20.50068
UKR,Ukraine,Ukraine,2000,23814124,0.21341616,11.510251
UKR,Ukraine,Ukraine,2001,38886120,-0.21017323,73.085236
UKR,Ukraine,Ukraine,2002,37984706,0.25459945,-18.864616
UKR,Ukraine,Ukraine,2003,27493984,-0.9834884,-38.12669
UKR,Ukraine,Ukraine,2004,40996700,-0.30947816,97.04359
UKR,Ukraine,Ukraine,2005,37258000,-0.16359977,23.589186
UKR,Ukraine,Ukraine,2006,33518622,-0.6110847,-7.950506
UKR,Ukraine,Ukraine,2007,28945258,1.0130265,-50.904095
UKR,Ukraine,Ukraine,2008,52747334,0.5002242,19.219526
UKR,Ukraine,Ukraine,2009,45413410,0.41230497,-36.625217
UKR,Ukraine,Ukraine,2010,38685987,0.4608072,59.29026
UKR,Ukraine,Ukraine,2011,56263263,-0.24807994,-122.8806
UKR,Ukraine,Ukraine,2012,45750171,0.27274725,-18.322428
UKR,Ukraine,Ukraine,2013,62687582,0.5924185,-11.445732
UKR,Ukraine,Ukraine,2014,63388560,0.39236966,-65.06906
UKR,Ukraine,Ukraine,2015,59627180,1.0611778,-80.5227
UKR,Ukraine,Ukraine,2016,65217850,0.4796355,70.63563
UKR,Ukraine,Ukraine,2017,60735683,0.6973122,-41.102207
UKR,Ukraine,Ukraine,2018,69154568,0.6724203,-43.832375
UKR,Ukraine,Ukraine,2019,74481804,1.474327,-99.85398
UKR,Ukraine,Ukraine,2020,64374798,1.5783153,-65.85773
UKR,Ukraine,Ukraine,2021,85368635,0.011210889,77.74381
UKR,Ukraine,Ukraine,2022,53536001,0.7282137,19.755333
UKR,Ukraine,Ukraine,2023,59318005,1.626283,62.4737
UKR,Ukraine,Ukraine,2024,55651880,2.3942368,-84.083664
URY,Uruguay,Uruguay,1961,750924,-0.3126943,-138.36539
URY,Uruguay,Uruguay,1962,764645,-0.99942297,-542.0574
URY,Uruguay,Uruguay,1963,596786,-0.45629224,254.71243
URY,Uruguay,Uruguay,1964,914783,-1.2963849,-405.1496
URY,Uruguay,Uruguay,1965,878083,-0.26823482,-395.12872
URY,Uruguay,Uruguay,1966,710836,-1.0475531,-169.03305
URY,Uruguay,Uruguay,1967,450920,-0.0037249725,303.03943
URY,Uruguay,Uruguay,1968,796010,-0.28006992,-6.08175
URY,Uruguay,Uruguay,1969,838631,-0.16226077,-270.86917
URY,Uruguay,Uruguay,1970,877834,-0.10181276,45.279472
URY,Uruguay,Uruguay,1971,755814,-0.64750504,-80.91096
URY,Uruguay,Uruguay,1972,601511,-0.20272589,99.4692
URY,Uruguay,Uruguay,1973,974799,-0.46112093,47.33253
URY,Uruguay,Uruguay,1974,1178111,-0.57963175,-95.99552
URY,Uruguay,Uruguay,1975,971184,-0.37498865,-213.4293
URY,Uruguay,Uruguay,1976,1146207,-1.0387877,-82.931564
URY,Uruguay,Uruguay,1977,740620,0.14908735,248.09833
URY,Uruguay,Uruguay,1978,836859,-0.39034104,-37.561096
URY,Uruguay,Uruguay,1979,939250,-0.4541889,-445.82086
URY,Uruguay,Uruguay,1980,892972,0.20603316,188.01595
URY,Uruguay,Uruguay,1981,1205096,-0.0915637,-32.60119
URY,Uruguay,Uruguay,1982,1075355,0.16663082,119.99057
URY,Uruguay,Uruguay,1983,1084373,-0.49877977,38.4921
URY,Uruguay,Uruguay,1984,1082353,-0.6536846,241.4932
URY,Uruguay,Uruguay,1985,1027846,0.19362132,-80.459854
URY,Uruguay,Uruguay,1986,897631,0.2604885,318.21127
URY,Uruguay,Uruguay,1987,1020756,-0.24863584,-61.274685
URY,Uruguay,Uruguay,1988,1302739,-0.9081149,-219.5072
URY,Uruguay,Uruguay,1989,1492895,0.37672973,-455.71158
URY,Uruguay,Uruguay,1990,1122627,-0.28833494,263.71362
URY,Uruguay,Uruguay,1991,1073708,-0.07589356,108.41685
URY,Uruguay,Uruguay,1992,1557536,-0.53943276,19.365364
URY,Uruguay,Uruguay,1993,1491079,-0.42587456,161.60092
URY,Uruguay,Uruguay,1994,1514886,0.1073347,5.317632
URY,Uruguay,Uruguay,1995,1810677,-0.42027727,-196.39793
URY,Uruguay,Uruguay,1996,2221641,-0.23964882,-183.19829
URY,Uruguay,Uruguay,1997,2057040,0.2968031,-2.4334164
URY,Uruguay,Uruguay,1998,1960858,-0.614806,389.06403
URY,Uruguay,Uruguay,1999,2193932,-0.40046763,-171.03545
URY,Uruguay,Uruguay,2000,1849419,-0.25383353,188.55931
URY,Uruguay,Uruguay,2001,1718459,0.5303343,237.57405
URY,Uruguay,Uruguay,2002,1670388,-0.016184887,702.79285
URY,Uruguay,Uruguay,2003,1706174,-0.48567358,99.14249
URY,Uruguay,Uruguay,2004,2317142,0.10544189,-331.5497
URY,Uruguay,Uruguay,2005,2355245,0.21472351,-79.29572
URY,Uruguay,Uruguay,2006,2490990,0.39361095,-168.76907
URY,Uruguay,Uruguay,2007,2591959,-0.35754037,61.34362
URY,Uruguay,Uruguay,2008,2944943,0.26447716,-475.38855
URY,Uruguay,Uruguay,2009,3760121,-0.13835645,19.25832
URY,Uruguay,Uruguay,2010,3886956.1,-0.13473678,-45.445942
URY,Uruguay,Uruguay,2011,3721490.6,-0.18429463,-216.76706
URY,Uruguay,Uruguay,2012,4603045.8,0.54392934,24.443256
URY,Uruguay,Uruguay,2013,3508600,-0.25825667,-207.00905
URY,Uruguay,Uruguay,2014,4027196,0.30112863,313.23346
URY,Uruguay,Uruguay,2015,3599918.5,0.3690003,-64.3419
URY,Uruguay,Uruguay,2016,3621182,-0.26113033,48.183006
URY,Uruguay,Uruguay,2017,3565340.7,0.9196801,69.49218
URY,Uruguay,Uruguay,2018,2513476.6,0.46680465,-168.39264
URY,Uruguay,Uruguay,2019,3564992.6,0.19522087,304.61462
URY,Uruguay,Uruguay,2020,3503156.9,0.097917795,-442.37726
URY,Uruguay,Uruguay,2021,4048466.2,0.16213767,-246.94849
URY,Uruguay,Uruguay,2022,4597619.4,-0.30868974,-369.34384
URY,Uruguay,Uruguay,2023,3937345.5,0.60708183,-128.40579
URY,Uruguay,Uruguay,2024,4116826.1,0.0529383,161.47874
USA,United States,United States of America,1961,1.6361998e+08,-1.1664759,3.159632
USA,United States,United States of America,1962,1.6245578e+08,-0.8556299,-91.57653
USA,United States,United States of America,1963,1.7481249e+08,-0.7259183,-113.4782
USA,United States,United States of America,1964,1.6093708e+08,-1.2411252,-46.835457
USA,United States,United States of America,1965,1.8360262e+08,-1.154876,-48.583378
USA,United States,United States of America,1966,1.8444488e+08,-1.2620815,-129.91806
USA,United States,United States of America,1967,2.0815806e+08,-0.9049509,-52.25073
USA,United States,United States of America,1968,2.0253842e+08,-1.2224044,-76.23937
USA,United States,United States of America,1969,2.0528817e+08,-0.99172163,-68.902145
USA,United States,United States of America,1970,1.8686075e+08,-1.0517763,-65.53583
USA,United States,United States of America,1971,2.3762446e+08,-1.3000139,-64.139366
USA,United States,United States of America,1972,2.2811787e+08,-1.3526001,-29.974594
USA,United States,United States of America,1973,2.3768301e+08,-0.7825529,73.76511
USA,United States,United States of America,1974,2.046175e+08,-0.8528142,-43.08685
USA,United States,United States of America,1975,2.4928374e+08,-1.27604,3.8668838
USA,United States,United States of America,1976,2.582001e+08,-1.0944561,-104.66378
USA,United States,United States of America,1977,2.6601447e+08,-0.45580268,-3.7935345
USA,United States,United States of America,1978,2.7660254e+08,-0.98485583,-9.715313
USA,United States,United States of America,1979,3.0262558e+08,-1.0714012,29.9454
USA,United States,United States of America,1980,2.6988398e+08,-0.5731953,-16.534801
USA,United States,United States of America,1981,3.3088953e+08,-0.0035506785,13.499549
USA,United States,United States of America,1982,3.3310376e+08,-1.1875324,104.25088
USA,United States,United States of America,1983,2.076576e+08,-0.7707173,102.50478
USA,United States,United States of America,1984,3.147495e+08,-0.932699,35.88586
USA,United States,United States of America,1985,3.4711822e+08,-1.113341,39.036892
USA,United States,United States of America,1986,3.1533122e+08,-0.21869224,53.550266
USA,United States,United States of America,1987,2.8049405e+08,-0.10261176,6.991278
USA,United States,United States of America,1988,2.065281e+08,-0.38186738,-64.25173
USA,United States,United States of America,1989,2.8423806e+08,-0.79887134,-13.198943
USA,United States,United States of America,1990,3.124106e+08,-0.12463594,43.448368
USA,United States,United States of America,1991,2.8006339e+08,-0.19216484,47.8662
USA,United States,United States of America,1992,3.5302515e+08,-0.6700875,23.327957
USA,United States,United States of America,1993,2.5910534e+08,-0.79776603,79.05354
USA,United States,United States of America,1994,3.5593492e+08,-0.32898673,14.433054
USA,United States,United States of America,1995,2.7760121e+08,-0.30652964,35.424694
USA,United States,United States of America,1996,3.3578012e+08,-1.0040851,45.499435
USA,United States,United States of America,1997,3.3658216e+08,-0.70338845,13.698069
USA,United States,United States of America,1998,3.4942574e+08,0.2708753,57.63228
USA,United States,United States of America,1999,3.3536436e+08,-0.21258712,-64.56998
USA,United States,United States of America,2000,3.4263151e+08,-0.15495859,-58.312256
USA,United States,United States of America,2001,3.2499463e+08,-0.056084406,-57.391342
USA,United States,United States of America,2002,2.9714345e+08,0.024889007,-44.83199
USA,United States,United States of America,2003,3.4824763e+08,-0.047402393,-23.084665
USA,United States,United States of America,2004,3.8902376e+08,-0.048859794,29.3653
USA,United States,United States of America,2005,3.6643635e+08,0.26188055,-36.708107
USA,United States,United States of America,2006,3.383368e+08,0.37390947,-39.815277
USA,United States,United States of America,2007,4.1513086e+08,0.27230588,-78.87774
USA,United States,United States of America,2008,4.0239994e+08,-0.6015446,-11.606825
USA,United States,United States of America,2009,4.1866617e+08,-0.4850556,10.088587
USA,United States,United States of America,2010,4.0112633e+08,-0.08041688,-26.129782
USA,United States,United States of America,2011,3.8554526e+08,-0.042166363,-29.699362
USA,United States,United States of America,2012,3.5621012e+08,0.79756284,-103.09568
USA,United States,United States of America,2013,4.3430845e+08,-0.3958144,-17.84446
USA,United States,United States of America,2014,4.4284909e+08,-0.1438764,-32.242096
USA,United States,United States of America,2015,4.3187037e+08,0.74830776,39.88109
USA,United States,United States of America,2016,5.0346615e+08,1.224122,-2.9490962
USA,United States,United States of America,2017,4.4027178e+08,0.86791486,42.859474
USA,United States,United States of America,2018,4.3971083e+08,0.49120387,94.73401
USA,United States,United States of America,2019,4.2087369e+08,0.25777173,108.95589
USA,United States,United States of America,2020,4.3325987e+08,0.6810333,-15.660928
USA,United States,United States of America,2021,4.5020071e+08,0.62702185,5.466186
USA,United States,United States of America,2022,4.0889996e+08,0.2750573,-31.84172
USA,United States,United States of America,2023,4.6263116e+08,0.76156026,-13.851373
USA,United States,United States of America,2024,4.5498792e+08,1.1217383,29.611074
UZB,Uzbekistan,Uzbekistan,1992,2408200,-0.9801526,36.062443
UZB,Uzbekistan,Uzbekistan,1993,2271400,-1.8586544,63.13116
UZB,Uzbekistan,Uzbekistan,1994,2602900,-1.1008419,11.548536
UZB,Uzbekistan,Uzbekistan,1995,3382600,0.23107238,-60.413216
UZB,Uzbekistan,Uzbekistan,1996,3479100,-1.3268391,-56.372322
UZB,Uzbekistan,Uzbekistan,1997,3960000,0.22261111,18.578678
UZB,Uzbekistan,Uzbekistan,1998,4328200,-0.4091568,68.46914
UZB,Uzbekistan,Uzbekistan,1999,4523400,0.28227657,4.8514137
UZB,Uzbekistan,Uzbekistan,2000,4107900,0.22183667,-65.60458
UZB,Uzbekistan,Uzbekistan,2001,4262600,0.3544732,-53.14866
UZB,Uzbekistan,Uzbekistan,2002,5775800,0.19665699,74.06179
UZB,Uzbekistan,Uzbekistan,2003,6321300,-0.576017,104.22571
UZB,Uzbekistan,Uzbekistan,2004,5999200,0.8641321,22.489048
UZB,Uzbekistan,Uzbekistan,2005,6534570,0.52482176,-3.1631646
UZB,Uzbekistan,Uzbekistan,2006,6637128,0.20443924,-19.868414
UZB,Uzbekistan,Uzbekistan,2007,6753700,0.4597734,-21.822231
UZB,Uzbekistan,Uzbekistan,2008,6698000,-0.22122204,-68.339035
UZB,Uzbekistan,Uzbekistan,2009,7378300,0.16277786,33.506714
UZB,Uzbekistan,Uzbekistan,2010,7473500,0.7699993,-26.187403
UZB,Uzbekistan,Uzbekistan,2011,7063268,-0.39116096,-27.64519
UZB,Uzbekistan,Uzbekistan,2012,7431597,-0.27661523,-30.366592
UZB,Uzbekistan,Uzbekistan,2013,7704980,0.95130664,-21.12225
UZB,Uzbekistan,Uzbekistan,2014,7890990,-0.7979596,-23.451845
UZB,Uzbekistan,Uzbekistan,2015,8014002,0.65296394,42.08056
UZB,Uzbekistan,Uzbekistan,2016,8096413.8,1.1155797,30.06343
UZB,Uzbekistan,Uzbekistan,2017,7067542.2,0.28954035,-20.14941
UZB,Uzbekistan,Uzbekistan,2018,6248843.8,0.034429967,-35.20126
UZB,Uzbekistan,Uzbekistan,2019,7097740,1.0349259,10.26355
UZB,Uzbekistan,Uzbekistan,2020,7226083.1,0.047408182,-30.024242
UZB,Uzbekistan,Uzbekistan,2021,7197007,1.0624002,-88.01565
UZB,Uzbekistan,Uzbekistan,2022,7518003.1,0.9849097,-10.514328
UZB,Uzbekistan,Uzbekistan,2023,7913071.2,1.8518711,-59.555756
UZB,Uzbekistan,Uzbekistan,2024,8295464.4,0.95854145,18.214478
VCT,Saint Vincent and the Grenadines,Saint Vincent and the Grenadines,1961,400,-0.47086,400.45593
VCT,Saint Vincent and the Grenadines,Saint Vincent and the Grenadines,1962,400,-0.43826976,359.03595
VCT,Saint Vincent and the Grenadines,Saint Vincent and the Grenadines,1963,400,-0.26466545,277.1115
VCT,Saint Vincent and the Grenadines,Saint Vincent and the Grenadines,1964,400,-0.48986483,230.89738
VCT,Saint Vincent and the Grenadines,Saint Vincent and the Grenadines,1965,400,-0.5090019,-100.78672
VCT,Saint Vincent and the Grenadines,Saint Vincent and the Grenadines,1966,420,-0.20728223,70.61812
VCT,Saint Vincent and the Grenadines,Saint Vincent and the Grenadines,1967,420,-0.40094677,-262.342
VCT,Saint Vincent and the Grenadines,Saint Vincent and the Grenadines,1968,430,-0.4185427,-262.095
VCT,Saint Vincent and the Grenadines,Saint Vincent and the Grenadines,1969,430,0.17151976,-247.11755
VCT,Saint Vincent and the Grenadines,Saint Vincent and the Grenadines,1970,430,-0.0915494,-182.5004
VCT,Saint Vincent and the Grenadines,Saint Vincent and the Grenadines,1971,440,-0.52285177,-336.71335
VCT,Saint Vincent and the Grenadines,Saint Vincent and the Grenadines,1972,450,-0.37526622,-179.50967
VCT,Saint Vincent and the Grenadines,Saint Vincent and the Grenadines,1973,440,-0.2868339,-12.361078
VCT,Saint Vincent and the Grenadines,Saint Vincent and the Grenadines,1974,440,-0.7522066,-61.428574
VCT,Saint Vincent and the Grenadines,Saint Vincent and the Grenadines,1975,450,-0.7505587,55.03985
VCT,Saint Vincent and the Grenadines,Saint Vincent and the Grenadines,1976,450,-0.80409163,-126.30228
VCT,Saint Vincent and the Grenadines,Saint Vincent and the Grenadines,1977,450,-0.4322095,9.0050335
VCT,Saint Vincent and the Grenadines,Saint Vincent and the Grenadines,1978,470,-0.36390352,-99.91506
VCT,Saint Vincent and the Grenadines,Saint Vincent and the Grenadines,1979,500,-0.2938911,41.759933
VCT,Saint Vincent and the Grenadines,Saint Vincent and the Grenadines,1980,530,-0.18515952,-70.99297
VCT,Saint Vincent and the Grenadines,Saint Vincent and the Grenadines,1981,550,-0.11178764,144.19409
VCT,Saint Vincent and the Grenadines,Saint Vincent and the Grenadines,1982,600,-0.52972585,-85.32575
VCT,Saint Vincent and the Grenadines,Saint Vincent and the Grenadines,1983,620,-0.18741274,-3.6597595
VCT,Saint Vincent and the Grenadines,Saint Vincent and the Grenadines,1984,630,-0.64922506,16.504736
VCT,Saint Vincent and the Grenadines,Saint Vincent and the Grenadines,1985,660,-0.78795034,13.398615
VCT,Saint Vincent and the Grenadines,Saint Vincent and the Grenadines,1986,750,-0.6695778,-139.30086
VCT,Saint Vincent and the Grenadines,Saint Vincent and the Grenadines,1987,1000,-0.0048413277,-30.112772
VCT,Saint Vincent and the Grenadines,Saint Vincent and the Grenadines,1988,1514,-0.27422252,272.83142
VCT,Saint Vincent and the Grenadines,Saint Vincent and the Grenadines,1989,2012,-0.5934313,-268.7183
VCT,Saint Vincent and the Grenadines,Saint Vincent and the Grenadines,1990,2511,-0.3059481,-183.81456
VCT,Saint Vincent and the Grenadines,Saint Vincent and the Grenadines,1991,2000,-0.46405968,-130.13605
VCT,Saint Vincent and the Grenadines,Saint Vincent and the Grenadines,1992,1660.54,-0.30804363,-11.654411
VCT,Saint Vincent and the Grenadines,Saint Vincent and the Grenadines,1993,1541.85,-0.23098421,-95.144775
VCT,Saint Vincent and the Grenadines,Saint Vincent and the Grenadines,1994,1429.92,-0.44486666,-215.6358
VCT,Saint Vincent and the Grenadines,Saint Vincent and the Grenadines,1995,1318.27,-0.03574546,-99.31711
VCT,Saint Vincent and the Grenadines,Saint Vincent and the Grenadines,1996,1000,-0.20500104,-14.678509
VCT,Saint Vincent and the Grenadines,Saint Vincent and the Grenadines,1997,1323.06,-0.10153882,-203.38968
VCT,Saint Vincent and the Grenadines,Saint Vincent and the Grenadines,1998,2000,0.36867347,133.97739
VCT,Saint Vincent and the Grenadines,Saint Vincent and the Grenadines,1999,750,-0.08194908,-40.709053
VCT,Saint Vincent and the Grenadines,Saint Vincent and the Grenadines,2000,600,-0.35402855,-64.096954
VCT,Saint Vincent and the Grenadines,Saint Vincent and the Grenadines,2001,500,-0.24165519,-95.86863
VCT,Saint Vincent and the Grenadines,Saint Vincent and the Grenadines,2002,520,-0.056245644,-138.1431
VCT,Saint Vincent and the Grenadines,Saint Vincent and the Grenadines,2003,593,0.010913372,-36.069424
VCT,Saint Vincent and the Grenadines,Saint Vincent and the Grenadines,2004,650,0.015928427,338.7923
VCT,Saint Vincent and the Grenadines,Saint Vincent and the Grenadines,2005,620,0.4178551,469.60684
VCT,Saint Vincent and the Grenadines,Saint Vincent and the Grenadines,2006,950,0.13411792,12.695757
VCT,Saint Vincent and the Grenadines,Saint Vincent and the Grenadines,2007,670,0.11836322,60.62171
VCT,Saint Vincent and the Grenadines,Saint Vincent and the Grenadines,2008,700,-0.15510988,54.045166
VCT,Saint Vincent and the Grenadines,Saint Vincent and the Grenadines,2009,670,0.056270123,-156.28674
VCT,Saint Vincent and the Grenadines,Saint Vincent and the Grenadines,2010,582,0.53655833,508.57205
VCT,Saint Vincent and the Grenadines,Saint Vincent and the Grenadines,2011,691,0.10791603,444.715
VCT,Saint Vincent and the Grenadines,Saint Vincent and the Grenadines,2012,854,0.10209736,78.987564
VCT,Saint Vincent and the Grenadines,Saint Vincent and the Grenadines,2013,575,0.020399252,20.52161
VCT,Saint Vincent and the Grenadines,Saint Vincent and the Grenadines,2014,857,-0.11052624,-267.18668
VCT,Saint Vincent and the Grenadines,Saint Vincent and the Grenadines,2015,775,0.053658325,-370.85297
VCT,Saint Vincent and the Grenadines,Saint Vincent and the Grenadines,2016,866,0.3003777,27.985065
VCT,Saint Vincent and the Grenadines,Saint Vincent and the Grenadines,2017,1129,0.19419686,222.35915
VCT,Saint Vincent and the Grenadines,Saint Vincent and the Grenadines,2018,1030,-0.11910677,-107.87919
VCT,Saint Vincent and the Grenadines,Saint Vincent and the Grenadines,2019,900,0.1714155,-245.41714
VCT,Saint Vincent and the Grenadines,Saint Vincent and the Grenadines,2020,848,0.30011067,-80.413376
VCT,Saint Vincent and the Grenadines,Saint Vincent and the Grenadines,2021,796,0.12933175,-276.07016
VCT,Saint Vincent and the Grenadines,Saint Vincent and the Grenadines,2022,640,-0.055416584,130.79019
VCT,Saint Vincent and the Grenadines,Saint Vincent and the Grenadines,2023,633,0.50606364,81.684555
VCT,Saint Vincent and the Grenadines,Saint Vincent and the Grenadines,2024,427,1.003523,130.93993
VEN,Venezuela,Venezuela (Bolivarian Republic of),1961,501394,-0.41573986,-93.49436
VEN,Venezuela,Venezuela (Bolivarian Republic of),1962,644230,-0.45755672,31.946436
VEN,Venezuela,Venezuela (Bolivarian Republic of),1963,562385,-0.3087338,-73.87559
VEN,Venezuela,Venezuela (Bolivarian Republic of),1964,644148,-0.35901532,-56.674828
VEN,Venezuela,Venezuela (Bolivarian Republic of),1965,725873,-0.51950645,-290.25952
VEN,Venezuela,Venezuela (Bolivarian Republic of),1966,764411,-0.18949158,-140.275
VEN,Venezuela,Venezuela (Bolivarian Republic of),1967,873747,-0.67537326,-168.98941
VEN,Venezuela,Venezuela (Bolivarian Republic of),1968,928029,-0.63875705,38.286255
VEN,Venezuela,Venezuela (Bolivarian Republic of),1969,920157,-0.508468,215.55695
VEN,Venezuela,Venezuela (Bolivarian Republic of),1970,943190,-0.8250424,161.37497
VEN,Venezuela,Venezuela (Bolivarian Republic of),1971,869538,-1.1577544,-166.28119
VEN,Venezuela,Venezuela (Bolivarian Republic of),1972,678774,-0.87281704,76.90048
VEN,Venezuela,Venezuela (Bolivarian Republic of),1973,765686,-0.730799,114.31219
VEN,Venezuela,Venezuela (Bolivarian Republic of),1974,884990,-1.1160126,-15.406766
VEN,Venezuela,Venezuela (Bolivarian Republic of),1975,1087249,-1.0306288,153.13635
VEN,Venezuela,Venezuela (Bolivarian Republic of),1976,748345,-1.0574775,-58.813828
VEN,Venezuela,Venezuela (Bolivarian Republic of),1977,1550925,-0.501116,-82.704124
VEN,Venezuela,Venezuela (Bolivarian Republic of),1978,1433354,-0.49665418,161.98135
VEN,Venezuela,Venezuela (Bolivarian Republic of),1979,1622251,-0.38502774,101.62718
VEN,Venezuela,Venezuela (Bolivarian Republic of),1980,1547356,-0.4304153,-174.98628
VEN,Venezuela,Venezuela (Bolivarian Republic of),1981,1480490,-0.5382948,133.2564
VEN,Venezuela,Venezuela (Bolivarian Republic of),1982,1487108,-0.68564826,-72.94834
VEN,Venezuela,Venezuela (Bolivarian Republic of),1983,1301622,-0.14319293,-154.33151
VEN,Venezuela,Venezuela (Bolivarian Republic of),1984,1427655,-0.6764477,-90.44151
VEN,Venezuela,Venezuela (Bolivarian Republic of),1985,1821903,-0.89565754,-63.80957
VEN,Venezuela,Venezuela (Bolivarian Republic of),1986,2250485,-0.78452843,37.575745
VEN,Venezuela,Venezuela (Bolivarian Republic of),1987,2418097,-0.0013345083,-20.619057
VEN,Venezuela,Venezuela (Bolivarian Republic of),1988,2484793,-0.2802569,100.61215
VEN,Venezuela,Venezuela (Bolivarian Republic of),1989,1932502,-0.852043,-65.45274
VEN,Venezuela,Venezuela (Bolivarian Republic of),1990,1874179,-0.511,148.05128
VEN,Venezuela,Venezuela (Bolivarian Republic of),1991,2250495,-0.55110854,-29.693548
VEN,Venezuela,Venezuela (Bolivarian Republic of),1992,1978459,-0.47701344,-193.98743
VEN,Venezuela,Venezuela (Bolivarian Republic of),1993,2184188,-0.45791706,39.74635
VEN,Venezuela,Venezuela (Bolivarian Republic of),1994,2269076,-0.3626043,-99.37279
VEN,Venezuela,Venezuela (Bolivarian Republic of),1995,2428217,-0.17162578,-124.65192
VEN,Venezuela,Venezuela (Bolivarian Republic of),1996,2250035,-0.53690434,30.31495
VEN,Venezuela,Venezuela (Bolivarian Republic of),1997,2412971,-0.33894762,-334.05023
VEN,Venezuela,Venezuela (Bolivarian Republic of),1998,2133677,0.17217366,123.74029
VEN,Venezuela,Venezuela (Bolivarian Republic of),1999,2234034,-0.6883006,164.30089
VEN,Venezuela,Venezuela (Bolivarian Republic of),2000,2948369,-0.66850567,-15.045404
VEN,Venezuela,Venezuela (Bolivarian Republic of),2001,3116774,-0.35954508,-217.19208
VEN,Venezuela,Venezuela (Bolivarian Republic of),2002,2568899,-0.17857154,-23.72801
VEN,Venezuela,Venezuela (Bolivarian Republic of),2003,3116493,-0.013461907,58.610695
VEN,Venezuela,Venezuela (Bolivarian Republic of),2004,3663956,-0.091379486,150.28133
VEN,Venezuela,Venezuela (Bolivarian Republic of),2005,3583934,0.25556517,10.593115
VEN,Venezuela,Venezuela (Bolivarian Republic of),2006,4044300,0.09245428,79.595146
VEN,Venezuela,Venezuela (Bolivarian Republic of),2007,4008055,0.17815669,83.86595
VEN,Venezuela,Venezuela (Bolivarian Republic of),2008,4107467,-0.10667483,190.44342
VEN,Venezuela,Venezuela (Bolivarian Republic of),2009,3711867,0.4085846,-318.8076
VEN,Venezuela,Venezuela (Bolivarian Republic of),2010,3664849,0.5033488,474.25278
VEN,Venezuela,Venezuela (Bolivarian Republic of),2011,3429024,-0.0020798047,338.136
VEN,Venezuela,Venezuela (Bolivarian Republic of),2012,3311726,0.023597559,170.56787
VEN,Venezuela,Venezuela (Bolivarian Republic of),2013,3693974,0.36253247,17.321556
VEN,Venezuela,Venezuela (Bolivarian Republic of),2014,3597762,0.441669,-143.16774
VEN,Venezuela,Venezuela (Bolivarian Republic of),2015,2294532,0.8094468,-268.2448
VEN,Venezuela,Venezuela (Bolivarian Republic of),2016,2085076.1,0.70014447,105.29275
VEN,Venezuela,Venezuela (Bolivarian Republic of),2017,1915874.4,0.08692709,70.21056
VEN,Venezuela,Venezuela (Bolivarian Republic of),2018,1627460,0.11531766,-20.142756
VEN,Venezuela,Venezuela (Bolivarian Republic of),2019,1579755,0.34295526,-130.16759
VEN,Venezuela,Venezuela (Bolivarian Republic of),2020,2396627.7,0.5117696,-189.02174
VEN,Venezuela,Venezuela (Bolivarian Republic of),2021,3262086,-0.23821735,52.002575
VEN,Venezuela,Venezuela (Bolivarian Republic of),2022,3267433,-0.18168958,64.482925
VEN,Venezuela,Venezuela (Bolivarian Republic of),2023,3420179,0.69976425,-412.46603
VEN,Venezuela,Venezuela (Bolivarian Republic of),2024,3486591.1,1.2222146,-322.8819
VNM,Vietnam,Viet Nam,1961,9289600,-0.6453617,-20.188858
VNM,Vietnam,Viet Nam,1962,10061125,-0.98785686,-199.02673
VNM,Vietnam,Viet Nam,1963,9876510,-0.99456865,-102.2917
VNM,Vietnam,Viet Nam,1964,10016630,-0.7730716,167.36319
VNM,Vietnam,Viet Nam,1965,9688800,-0.91396314,-114.17666
VNM,Vietnam,Viet Nam,1966,8720000,-0.71889544,-42.022762
VNM,Vietnam,Viet Nam,1967,9441400,-1.021151,-333.45718
VNM,Vietnam,Viet Nam,1968,8628150,-0.67508364,-255.88736
VNM,Vietnam,Viet Nam,1969,9086000,-0.37263647,-318.6006
VNM,Vietnam,Viet Nam,1970,10430600,-0.57519263,-43.760033
VNM,Vietnam,Viet Nam,1971,10684000,-1.1849755,198.9619
VNM,Vietnam,Viet Nam,1972,11009900,-0.5916691,358.68814
VNM,Vietnam,Viet Nam,1973,11425500,-0.17890231,355.69717
VNM,Vietnam,Viet Nam,1974,11338290,-0.8142403,51.75547
VNM,Vietnam,Viet Nam,1975,10574200,-0.84348124,289.09906
VNM,Vietnam,Viet Nam,1976,12214000,-1.0417285,-87.74364
VNM,Vietnam,Viet Nam,1977,11000800,-0.805908,-210.85184
VNM,Vietnam,Viet Nam,1978,10223400,-0.60299796,307.7123
VNM,Vietnam,Viet Nam,1979,11734100,-0.32113838,12.799433
VNM,Vietnam,Viet Nam,1980,12076200,-0.26069355,309.6466
VNM,Vietnam,Viet Nam,1981,12844800,-0.3307365,394.6035
VNM,Vietnam,Viet Nam,1982,14828300,-0.48758236,-7.769916
VNM,Vietnam,Viet Nam,1983,15211300,-0.51958305,55.002556
VNM,Vietnam,Viet Nam,1984,16037800,-0.7920826,-8.228015
VNM,Vietnam,Viet Nam,1985,16461900,-0.7230471,142.76869
VNM,Vietnam,Viet Nam,1986,16572700,-0.59388953,180.06142
VNM,Vietnam,Viet Nam,1987,15663600,0.10612694,-48.3051
VNM,Vietnam,Viet Nam,1988,17814850,-0.3656818,-6.5329704
VNM,Vietnam,Viet Nam,1989,19834204,-0.60672694,28.33963
VNM,Vietnam,Viet Nam,1990,19896104,-0.16689777,149.74867
VNM,Vietnam,Viet Nam,1991,20293904,-0.079453625,-156.93225
VNM,Vietnam,Viet Nam,1992,22338204,-0.49923038,-91.10019
VNM,Vietnam,Viet Nam,1993,23718800,-0.4791293,-74.313034
VNM,Vietnam,Viet Nam,1994,24672200,-0.22401778,62.443386
VNM,Vietnam,Viet Nam,1995,26140900,-0.438241,-6.8805046
VNM,Vietnam,Viet Nam,1996,27933400,-0.6252096,237.13582
VNM,Vietnam,Viet Nam,1997,29174500,-0.19428904,-31.380045
VNM,Vietnam,Viet Nam,1998,31020143,0.58054763,-56.457912
VNM,Vietnam,Viet Nam,1999,33148700,-0.34830046,113.16711
VNM,Vietnam,Viet Nam,2000,34537106,-0.34715953,64.26463
VNM,Vietnam,Viet Nam,2001,34271811,-0.12617142,-44.3258
VNM,Vietnam,Viet Nam,2002,36960263,0.162124,-90.289795
VNM,Vietnam,Viet Nam,2003,37706900,0.20029433,-194.47873
VNM,Vietnam,Viet Nam,2004,39581000,-0.23823468,-367.03476
VNM,Vietnam,Viet Nam,2005,39621600,-0.12434086,-46.61606
VNM,Vietnam,Viet Nam,2006,39705591,0.08895302,-107.87344
VNM,Vietnam,Viet Nam,2007,40247514,-0.08301035,137.32515
VNM,Vietnam,Viet Nam,2008,43304799,-0.6213581,207.06499
VNM,Vietnam,Viet Nam,2009,43323523,0.016788164,1.1526232
VNM,Vietnam,Viet Nam,2010,44613831,0.4707686,142.93105
VNM,Vietnam,Viet Nam,2011,47235598,-0.74423075,54.374996
VNM,Vietnam,Viet Nam,2012,48712658,0.15461428,-24.367414
VNM,Vietnam,Viet Nam,2013,49231389,0.021712145,205.18092
VNM,Vietnam,Viet Nam,2014,50178378,0.09914541,-97.381805
VNM,Vietnam,Viet Nam,2015,50379410,0.6565135,-214.02757
VNM,Vietnam,Viet Nam,2016,48359870,0.62575215,27.606735
VNM,Vietnam,Viet Nam,2017,47877218,0.30879006,349.29956
VNM,Vietnam,Viet Nam,2018,48923673,0.34677982,87.269684
VNM,Vietnam,Viet Nam,2019,48231532,0.9209728,-204.47377
VNM,Vietnam,Viet Nam,2020,47325157,0.51862353,118.71639
VNM,Vietnam,Viet Nam,2021,48301163,0.22267771,48.98616
VNM,Vietnam,Viet Nam,2022,47085607,0.077795506,210.3888
VNM,Vietnam,Viet Nam,2023,47935653,0.62014896,-105.49515
VNM,Vietnam,Viet Nam,2024,47853478,0.94464874,174.94293
VUT,Vanuatu,Vanuatu,1961,350,-0.2604386,378.04935
VUT,Vanuatu,Vanuatu,1962,350,-0.14122088,315.64832
VUT,Vanuatu,Vanuatu,1963,350,-0.47244883,230.76697
VUT,Vanuatu,Vanuatu,1964,350,0.0076764426,-331.60092
VUT,Vanuatu,Vanuatu,1965,350,-0.75010586,-19.129494
VUT,Vanuatu,Vanuatu,1966,330,-0.7670264,-769.6951
VUT,Vanuatu,Vanuatu,1967,350,-0.33131394,47.40917
VUT,Vanuatu,Vanuatu,1968,380,-0.45202908,-599.80896
VUT,Vanuatu,Vanuatu,1969,400,-0.1382478,-181.9108
VUT,Vanuatu,Vanuatu,1970,450,0.0446647,-110.81347
VUT,Vanuatu,Vanuatu,1971,450,-0.08600775,124.25076
VUT,Vanuatu,Vanuatu,1972,500,-0.4795812,275.23032
VUT,Vanuatu,Vanuatu,1973,500,0.12110742,-165.97801
VUT,Vanuatu,Vanuatu,1974,500,-0.12782605,163.69398
VUT,Vanuatu,Vanuatu,1975,550,-0.17130916,702.2773
VUT,Vanuatu,Vanuatu,1976,600,-0.3152825,259.5067
VUT,Vanuatu,Vanuatu,1977,600,-0.5780029,-428.20352
VUT,Vanuatu,Vanuatu,1978,600,-0.40396485,-752.16656
VUT,Vanuatu,Vanuatu,1979,600,-0.4816095,-443.0193
VUT,Vanuatu,Vanuatu,1980,650,-0.3630495,-383.84787
VUT,Vanuatu,Vanuatu,1981,650,-0.4224135,-442.61472
VUT,Vanuatu,Vanuatu,1982,650,-0.4330349,248.14319
VUT,Vanuatu,Vanuatu,1983,650,-0.13210313,-775.0321
VUT,Vanuatu,Vanuatu,1984,650,-0.10519902,-75.413315
VUT,Vanuatu,Vanuatu,1985,660,-0.11593167,49.247307
VUT,Vanuatu,Vanuatu,1986,670,-0.45913172,-130.79579
VUT,Vanuatu,Vanuatu,1987,660,-0.5132327,-749.45184
VUT,Vanuatu,Vanuatu,1988,650,0.22592323,1051.3071
VUT,Vanuatu,Vanuatu,1989,660,-0.083943844,367.15988
VUT,Vanuatu,Vanuatu,1990,700,0.00521485,-310.93896
VUT,Vanuatu,Vanuatu,1991,650,-0.3634251,-167.46716
VUT,Vanuatu,Vanuatu,1992,660,-0.34563956,-672.77905
VUT,Vanuatu,Vanuatu,1993,670,-0.7258679,-821.4553
VUT,Vanuatu,Vanuatu,1994,700,-0.68171406,-368.8195
VUT,Vanuatu,Vanuatu,1995,690.79,0.057280064,-616.1199
VUT,Vanuatu,Vanuatu,1996,695.99,0.08744415,58.931896
VUT,Vanuatu,Vanuatu,1997,700,-0.33287892,-574.7886
VUT,Vanuatu,Vanuatu,1998,700,0.379189,-240.76051
VUT,Vanuatu,Vanuatu,1999,717.99,0.039664585,905.0749
VUT,Vanuatu,Vanuatu,2000,725.5,0.029395899,880.14056
VUT,Vanuatu,Vanuatu,2001,734,0.12453508,-90.54818
VUT,Vanuatu,Vanuatu,2002,741.91,0.06713438,277.00925
VUT,Vanuatu,Vanuatu,2003,743.02,-0.099965096,-400.27777
VUT,Vanuatu,Vanuatu,2004,755.75,-0.15574534,-374.30054
VUT,Vanuatu,Vanuatu,2005,767.18,-0.027241388,-234.39209
VUT,Vanuatu,Vanuatu,2006,750,-0.15209675,-26.756168
VUT,Vanuatu,Vanuatu,2007,800,0.36636305,228.77963
VUT,Vanuatu,Vanuatu,2008,820,0.11130047,393.9243
VUT,Vanuatu,Vanuatu,2009,819.87,-0.16461198,203.55194
VUT,Vanuatu,Vanuatu,2010,822.91,0.38147005,-3.6557865
VUT,Vanuatu,Vanuatu,2011,830.58,0.11484877,668.7253
VUT,Vanuatu,Vanuatu,2012,800,-0.045330048,764.06226
VUT,Vanuatu,Vanuatu,2013,950,0.1283679,390.286
VUT,Vanuatu,Vanuatu,2014,890.19,0.038516045,-44.978973
VUT,Vanuatu,Vanuatu,2015,873.51,-0.065154076,-79.67301
VUT,Vanuatu,Vanuatu,2016,887.17,0.48131672,-668.38477
VUT,Vanuatu,Vanuatu,2017,904.19,0.27246538,62.950516
VUT,Vanuatu,Vanuatu,2018,916.67,0.038789272,198.57758
VUT,Vanuatu,Vanuatu,2019,932.3,0.10266861,-192.879
VUT,Vanuatu,Vanuatu,2020,945.56,0.33893028,546.0222
VUT,Vanuatu,Vanuatu,2021,956.94,0.35367966,358.46555
VUT,Vanuatu,Vanuatu,2022,986,0.7637251,1135.9553
VUT,Vanuatu,Vanuatu,2023,983.57,0.20768945,249.60033
VUT,Vanuatu,Vanuatu,2024,985.44,0.63393193,242.1429
YEM,Yemen,Yemen,1961,938400,-1.1541286,9.831502
YEM,Yemen,Yemen,1962,963100,-1.2909027,-20.952963
YEM,Yemen,Yemen,1963,978600,-1.4252018,49.745785
YEM,Yemen,Yemen,1964,1002700,-1.6128721,-5.4668293
YEM,Yemen,Yemen,1965,995900,-1.6545426,-24.623926
YEM,Yemen,Yemen,1966,918300,-1.375894,-19.009985
YEM,Yemen,Yemen,1967,910300,-1.7704778,51.566498
YEM,Yemen,Yemen,1968,894000,-1.769719,46.289177
YEM,Yemen,Yemen,1969,891974,-1.1358553,-36.072083
YEM,Yemen,Yemen,1970,845415,-1.3374947,-14.150973
YEM,Yemen,Yemen,1971,935300,-2.1953511,11.101826
YEM,Yemen,Yemen,1972,819175,-1.5634608,31.86158
YEM,Yemen,Yemen,1973,927530,-1.3551755,-32.63098
YEM,Yemen,Yemen,1974,878365,-1.7476134,17.002832
YEM,Yemen,Yemen,1975,1199953,-1.609683,44.45948
YEM,Yemen,Yemen,1976,1040872,-1.5367438,-2.942604
YEM,Yemen,Yemen,1977,879567,-1.4997193,147.0452
YEM,Yemen,Yemen,1978,818300,-1.2455505,28.84679
YEM,Yemen,Yemen,1979,901300,-0.87776375,4.3874435
YEM,Yemen,Yemen,1980,865000,-0.50159806,-30.83489
YEM,Yemen,Yemen,1981,924710,-0.80551815,10.42785
YEM,Yemen,Yemen,1982,862400,-0.85761136,39.318207
YEM,Yemen,Yemen,1983,471096,-1.2169884,104.30294
YEM,Yemen,Yemen,1984,480408,-1.1431359,-46.538994
YEM,Yemen,Yemen,1985,446285,-0.76022273,18.010576
YEM,Yemen,Yemen,1986,700358,-0.8603525,-3.4080071
YEM,Yemen,Yemen,1987,715748,-0.44881615,18.63011
YEM,Yemen,Yemen,1988,842688,-0.47318253,20.655731
YEM,Yemen,Yemen,1989,864060,-0.960896,41.792233
YEM,Yemen,Yemen,1990,766873,-0.01312081,-25.15922
YEM,Yemen,Yemen,1991,447647,-0.26848903,-49.833244
YEM,Yemen,Yemen,1992,810541,-0.9203164,31.84515
YEM,Yemen,Yemen,1993,833846,-0.5993104,32.316677
YEM,Yemen,Yemen,1994,802012,-0.34707102,-32.353844
YEM,Yemen,Yemen,1995,810177,-0.42058882,23.916641
YEM,Yemen,Yemen,1996,659902,-0.49303308,56.567154
YEM,Yemen,Yemen,1997,646169,0.0307525,32.41764
YEM,Yemen,Yemen,1998,832987,0.30544505,30.967196
YEM,Yemen,Yemen,1999,693713,-0.032875378,0.79008675
YEM,Yemen,Yemen,2000,672237,-0.11651913,-1.875125
YEM,Yemen,Yemen,2001,700141,-0.2021637,8.017594
YEM,Yemen,Yemen,2002,559760,-0.20422141,2.3090968
YEM,Yemen,Yemen,2003,417937,-0.03205061,-6.6582546
YEM,Yemen,Yemen,2004,490277,-0.008042653,-26.621284
YEM,Yemen,Yemen,2005,562230,0.23674679,0.6172491
YEM,Yemen,Yemen,2006,809204,0.26450172,-13.733408
YEM,Yemen,Yemen,2007,1028875,0.27794728,18.433971
YEM,Yemen,Yemen,2008,713739,-0.33282852,-11.631576
YEM,Yemen,Yemen,2009,674488,0.4224542,-53.29263
YEM,Yemen,Yemen,2010,1012945,0.26834503,31.52932
YEM,Yemen,Yemen,2011,816555,0.15478818,-30.99869
YEM,Yemen,Yemen,2012,909741,0.27349725,-55.13024
YEM,Yemen,Yemen,2013,863334,0.04445362,-13.36939
YEM,Yemen,Yemen,2014,699962,0.19473982,-25.902721
YEM,Yemen,Yemen,2015,459246,0.33868265,-21.177763
YEM,Yemen,Yemen,2016,357068,0.32879767,16.837492
YEM,Yemen,Yemen,2017,358355,0.23759477,-39.268604
YEM,Yemen,Yemen,2018,344648,-0.03122743,24.841791
YEM,Yemen,Yemen,2019,456714,0.5212485,5.67929
YEM,Yemen,Yemen,2020,452894,0.10874271,64.76044
YEM,Yemen,Yemen,2021,497661.1,0.06850275,-4.8865457
YEM,Yemen,Yemen,2022,491666,0.11632729,-30.894634
YEM,Yemen,Yemen,2023,445220,0.8452242,-3.8845282
YEM,Yemen,Yemen,2024,421000,1.4151019,-1.888543
ZAF,South Africa,South Africa,1961,6696635,-0.6594921,73.22851
ZAF,South Africa,South Africa,1962,7089341,-0.3019626,39.65725
ZAF,South Africa,South Africa,1963,7458814,-0.6995299,106.91337
ZAF,South Africa,South Africa,1964,5838900,-0.8731296,-47.06465
ZAF,South Africa,South Africa,1965,5844000,-0.71744084,-138.26744
ZAF,South Africa,South Africa,1966,6183711,-0.2952622,-30.127825
ZAF,South Africa,South Africa,1967,11867534,-0.8993771,74.85272
ZAF,South Africa,South Africa,1968,7003409,-1.3472872,-92.004005
ZAF,South Africa,South Africa,1969,7050700,-0.52672464,-39.236656
ZAF,South Africa,South Africa,1970,8137697,-0.38994947,-21.908207
ZAF,South Africa,South Africa,1971,11027700,-0.8368502,66.3035
ZAF,South Africa,South Africa,1972,11950910,-0.47235665,1.8753669
ZAF,South Africa,South Africa,1973,6467880,-0.6343078,77.29712
ZAF,South Africa,South Africa,1974,13579863,-1.2258805,220.36113
ZAF,South Africa,South Africa,1975,11557896,-1.1678137,103.06278
ZAF,South Africa,South Africa,1976,10273015,-1.3793813,190.78905
ZAF,South Africa,South Africa,1977,12302690,-0.5956514,95.93303
ZAF,South Africa,South Africa,1978,12755400,-0.74496126,-19.058899
ZAF,South Africa,South Africa,1979,11201720,-0.45642662,-23.445528
ZAF,South Africa,South Africa,1980,13377880,-0.41978106,-53.45797
ZAF,South Africa,South Africa,1981,18004771,-1.0190747,74.4692
ZAF,South Africa,South Africa,1982,11762871,-0.33423194,-55.94212
ZAF,South Africa,South Africa,1983,6673572,0.095481314,-51.814857
ZAF,South Africa,South Africa,1984,7927492,-0.13339901,-58.147057
ZAF,South Africa,South Africa,1985,11062037,-0.026539883,83.65446
ZAF,South Africa,South Africa,1986,11691051,-0.06809648,30.376795
ZAF,South Africa,South Africa,1987,12096954,0.008640051,86.051155
ZAF,South Africa,South Africa,1988,12140142,-0.54416585,193.91954
ZAF,South Africa,South Africa,1989,15341300,-0.7252023,84.60975
ZAF,South Africa,South Africa,1990,11558395,-0.3809266,-34.91819
ZAF,South Africa,South Africa,1991,11292511,-0.4011167,76.15528
ZAF,South Africa,South Africa,1992,5056342.2,0.10771164,-144.41824
ZAF,South Africa,South Africa,1993,12805479,0.13617237,-16.959814
ZAF,South Africa,South Africa,1994,15985688,-0.47982875,-94.130196
ZAF,South Africa,South Africa,1995,7514386.6,-0.38417616,51.222744
ZAF,South Africa,South Africa,1996,13670070,-1.0767763,136.92383
ZAF,South Africa,South Africa,1997,13254451,-0.6419282,35.090473
ZAF,South Africa,South Africa,1998,10232323,-0.043634575,28.551857
ZAF,South Africa,South Africa,1999,10059495,0.414258,23.515057
ZAF,South Africa,South Africa,2000,14549009,-0.6746382,205.88055
ZAF,South Africa,South Africa,2001,10714748,-0.30901924,139.10817
ZAF,South Africa,South Africa,2002,13048225,-0.13656211,-26.295065
ZAF,South Africa,South Africa,2003,11819153,0.19536924,-103.25689
ZAF,South Africa,South Africa,2004,12026899,0.12464634,25.420485
ZAF,South Africa,South Africa,2005,14175144,0.20803659,-15.097553
ZAF,South Africa,South Africa,2006,9452299.9,-0.4715302,164.42314
ZAF,South Africa,South Africa,2007,9507863.3,-0.058891773,-67.93358
ZAF,South Africa,South Africa,2008,15339478,-0.033577602,-50.784157
ZAF,South Africa,South Africa,2009,14570877,-0.15223224,20.47329
ZAF,South Africa,South Africa,2010,14700931,0.31441936,40.37597
ZAF,South Africa,South Africa,2011,12928365,-0.5898033,98.28026
ZAF,South Africa,South Africa,2012,14556168,-0.201936,9.435721
ZAF,South Africa,South Africa,2013,14154568,-0.05649193,-51.10545
ZAF,South Africa,South Africa,2014,16617349,0.042662222,11.282829
ZAF,South Africa,South Africa,2015,12581802,0.9307308,-156.10172
ZAF,South Africa,South Africa,2016,10629626,0.91820335,-69.92398
ZAF,South Africa,South Africa,2017,19591510,0.3714293,-35.68347
ZAF,South Africa,South Africa,2018,15565750,0.4547194,-110.39714
ZAF,South Africa,South Africa,2019,13872312,1.2231681,-123.69406
ZAF,South Africa,South Africa,2020,18790412,0.27061805,-0.35834408
ZAF,South Africa,South Africa,2021,19232355,-0.058073122,105.54706
ZAF,South Africa,South Africa,2022,18036975,0.21008547,133.7309
ZAF,South Africa,South Africa,2023,19016530,0.32601658,-13.943914
ZAF,South Africa,South Africa,2024,15313961,1.0059483,-118.98844
ZMB,Zambia,Zambia,1961,766608,-1.0342525,329.77274
ZMB,Zambia,Zambia,1962,748934,-0.7209355,237.31654
ZMB,Zambia,Zambia,1963,676717,-0.84448576,200.44626
ZMB,Zambia,Zambia,1964,773214,-0.7210746,-57.191517
ZMB,Zambia,Zambia,1965,816214,-0.85513085,-166.45801
ZMB,Zambia,Zambia,1966,892081,-0.2882317,-61.144924
ZMB,Zambia,Zambia,1967,893199,-0.7120466,-43.548496
ZMB,Zambia,Zambia,1968,823391,-0.6447482,-42.604324
ZMB,Zambia,Zambia,1969,830637,-0.7376564,302.4907
ZMB,Zambia,Zambia,1970,687555,-0.5027434,-15.65058
ZMB,Zambia,Zambia,1971,1065755,-0.8914685,40.26082
ZMB,Zambia,Zambia,1972,1380494,-0.8046222,37.13479
ZMB,Zambia,Zambia,1973,1027462,-0.4688646,-88.49478
ZMB,Zambia,Zambia,1974,1236246,-1.3327723,184.24213
ZMB,Zambia,Zambia,1975,1616425,-0.94184875,-61.759853
ZMB,Zambia,Zambia,1976,1744399,-1.3323113,182.26208
ZMB,Zambia,Zambia,1977,1736114,-0.38320574,142.15775
ZMB,Zambia,Zambia,1978,1470553,-0.89432126,467.383
ZMB,Zambia,Zambia,1979,936139,-0.97812146,104.60849
ZMB,Zambia,Zambia,1980,984244,-0.615339,-47.534393
ZMB,Zambia,Zambia,1981,1050738,-0.67893726,-35.222584
ZMB,Zambia,Zambia,1982,797960,-0.54876024,46.00729
ZMB,Zambia,Zambia,1983,982959,0.27246365,-35.68916
ZMB,Zambia,Zambia,1984,924702,-0.4011332,-1.8642553
ZMB,Zambia,Zambia,1985,1192709,-0.7977605,66.53696
ZMB,Zambia,Zambia,1986,1318756,-0.9350767,156.08984
ZMB,Zambia,Zambia,1987,1158112,0.33555603,-144.10008
ZMB,Zambia,Zambia,1988,2055470,-0.19791031,-41.556004
ZMB,Zambia,Zambia,1989,1966639,-0.5626351,139.11333
ZMB,Zambia,Zambia,1990,1209431,-0.090106964,-84.68733
ZMB,Zambia,Zambia,1991,1222673.8,-0.37720552,-28.913052
ZMB,Zambia,Zambia,1992,608801,0.2176625,-207.5129
ZMB,Zambia,Zambia,1993,1756388,-0.32808462,98.75719
ZMB,Zambia,Zambia,1994,1187964,-0.16055346,-136.78964
ZMB,Zambia,Zambia,1995,870488,0.4507861,-187.23073
ZMB,Zambia,Zambia,1996,1572874,0.097496666,-69.76207
ZMB,Zambia,Zambia,1997,1137129,-0.07555294,73.494484
ZMB,Zambia,Zambia,1998,797593,0.41634002,-23.93256
ZMB,Zambia,Zambia,1999,1003092,-0.32525906,-70.30937
ZMB,Zambia,Zambia,2000,1208056,-0.33428526,106.44156
ZMB,Zambia,Zambia,2001,950274.2,-0.29661798,65.64828
ZMB,Zambia,Zambia,2002,752881.31,0.04015748,-108.94501
ZMB,Zambia,Zambia,2003,1361067.7,-0.054700535,-56.537575
ZMB,Zambia,Zambia,2004,1380463.7,-0.38687912,42.58237
ZMB,Zambia,Zambia,2005,1066787.2,0.5568549,-233.34402
ZMB,Zambia,Zambia,2006,1603437.2,-0.3097113,33.04521
ZMB,Zambia,Zambia,2007,1536798.2,-0.16559267,83.62845
ZMB,Zambia,Zambia,2008,1394781.9,-0.4280313,89.71753
ZMB,Zambia,Zambia,2009,2197285.4,-0.40447235,63.335903
ZMB,Zambia,Zambia,2010,3096213.4,0.062364895,115.79818
ZMB,Zambia,Zambia,2011,3376059,-0.289996,36.495525
ZMB,Zambia,Zambia,2012,3210649.4,-0.10864401,42.82936
ZMB,Zambia,Zambia,2013,2901568.2,0.18735425,5.8892493
ZMB,Zambia,Zambia,2014,3652300.9,0.2492234,-20.752813
ZMB,Zambia,Zambia,2015,2900164.1,0.3364865,-56.995293
ZMB,Zambia,Zambia,2016,3110868.4,0.47438845,21.39493
ZMB,Zambia,Zambia,2017,3895117.4,-0.039951008,175.68433
ZMB,Zambia,Zambia,2018,2602942.7,0.27213922,34.18242
ZMB,Zambia,Zambia,2019,2225768.8,0.58697367,-76.77634
ZMB,Zambia,Zambia,2020,3689518.4,0.13731273,188.8764
ZMB,Zambia,Zambia,2021,3953632.3,0.096189655,-36.0149
ZMB,Zambia,Zambia,2022,3056715.4,-0.11240848,213.12828
ZMB,Zambia,Zambia,2023,3658965.8,0.701163,32.804516
ZMB,Zambia,Zambia,2024,1761003.5,0.77405137,-290.81522
ZWE,Zimbabwe,Zimbabwe,1961,1266453,-0.4120787,-73.35899
ZWE,Zimbabwe,Zimbabwe,1962,1225137,-0.7493623,199.21617
ZWE,Zimbabwe,Zimbabwe,1963,1030933,-1.1022173,-31.953907
ZWE,Zimbabwe,Zimbabwe,1964,1028799,-0.8048599,-149.96593
ZWE,Zimbabwe,Zimbabwe,1965,1134571,-0.8874709,-437.10016
ZWE,Zimbabwe,Zimbabwe,1966,1212978,-0.50466156,-46.712505
ZWE,Zimbabwe,Zimbabwe,1967,1901352,-0.8479648,-155.35814
ZWE,Zimbabwe,Zimbabwe,1968,1245153,-0.6471057,-116.33852
ZWE,Zimbabwe,Zimbabwe,1969,1934407,-0.8693525,181.85986
ZWE,Zimbabwe,Zimbabwe,1970,1438894,-0.040499527,-234.6392
ZWE,Zimbabwe,Zimbabwe,1971,2273966,-0.53502876,-127.16975
ZWE,Zimbabwe,Zimbabwe,1972,2704654,-1.0113903,-26.689175
ZWE,Zimbabwe,Zimbabwe,1973,1294515,-0.6166144,-24.500446
ZWE,Zimbabwe,Zimbabwe,1974,2530387,-1.7048794,144.25232
ZWE,Zimbabwe,Zimbabwe,1975,2196628,-1.3556604,-5.4688787
ZWE,Zimbabwe,Zimbabwe,1976,2325709,-1.5207361,67.01957
ZWE,Zimbabwe,Zimbabwe,1977,2049240,-0.77901703,222.60786
ZWE,Zimbabwe,Zimbabwe,1978,2123843,-1.3153661,281.33813
ZWE,Zimbabwe,Zimbabwe,1979,1516968,-0.9641115,-132.0983
ZWE,Zimbabwe,Zimbabwe,1980,1991554,-0.82141924,-42.466915
ZWE,Zimbabwe,Zimbabwe,1981,3316377,-1.4318765,125.89209
ZWE,Zimbabwe,Zimbabwe,1982,2207545,-0.35684952,-200.36467
ZWE,Zimbabwe,Zimbabwe,1983,1201648,0.53284293,-171.09123
ZWE,Zimbabwe,Zimbabwe,1984,1419828,-0.32366753,-50.379974
ZWE,Zimbabwe,Zimbabwe,1985,3420543,-0.85876864,91.97651
ZWE,Zimbabwe,Zimbabwe,1986,3098137,-0.82164425,41.19384
ZWE,Zimbabwe,Zimbabwe,1987,1507446,0.5218496,-216.5005
ZWE,Zimbabwe,Zimbabwe,1988,3082449,-0.4944365,11.760832
ZWE,Zimbabwe,Zimbabwe,1989,2555619,-0.42420435,13.817146
ZWE,Zimbabwe,Zimbabwe,1990,2561741,-0.04426368,-88.0911
ZWE,Zimbabwe,Zimbabwe,1991,2069933,-0.1239632,-133.51387
ZWE,Zimbabwe,Zimbabwe,1992,482169,0.86777705,-204.0747
ZWE,Zimbabwe,Zimbabwe,1993,2566994,-0.07246637,8.905116
ZWE,Zimbabwe,Zimbabwe,1994,2563155.5,-0.29851317,-218.7663
ZWE,Zimbabwe,Zimbabwe,1995,1029453,0.50523084,-186.36768
ZWE,Zimbabwe,Zimbabwe,1996,2521121.8,-0.5422847,147.16585
ZWE,Zimbabwe,Zimbabwe,1997,1967739.7,-0.57943535,140.18192
ZWE,Zimbabwe,Zimbabwe,1998,1557967,0.09770664,49.413506
ZWE,Zimbabwe,Zimbabwe,1999,1986269.1,-0.59821683,33.560753
ZWE,Zimbabwe,Zimbabwe,2000,1961931.6,-0.93032956,336.27322
ZWE,Zimbabwe,Zimbabwe,2001,1851458.9,-0.43773818,183.14433
ZWE,Zimbabwe,Zimbabwe,2002,855207.92,0.17244513,-308.08044
ZWE,Zimbabwe,Zimbabwe,2003,1357352.3,-0.013058186,2.483262
ZWE,Zimbabwe,Zimbabwe,2004,2873708.4,-0.38581252,65.24393
ZWE,Zimbabwe,Zimbabwe,2005,1610702.4,0.70444536,-140.18178
ZWE,Zimbabwe,Zimbabwe,2006,2487553,-0.26145992,28.654547
ZWE,Zimbabwe,Zimbabwe,2007,1856714,-0.1772302,136.10425
ZWE,Zimbabwe,Zimbabwe,2008,692819.56,-0.29260793,4.050485
ZWE,Zimbabwe,Zimbabwe,2009,874057.72,-0.53124434,-11.588686
ZWE,Zimbabwe,Zimbabwe,2010,1388500.1,0.25023547,67.43253
ZWE,Zimbabwe,Zimbabwe,2011,1172985,-0.06843662,-24.56805
ZWE,Zimbabwe,Zimbabwe,2012,1284471.9,0.23303287,-129.19873
ZWE,Zimbabwe,Zimbabwe,2013,1152560.1,0.034166496,57.96244
ZWE,Zimbabwe,Zimbabwe,2014,1230994.4,-0.10214456,150.38496
ZWE,Zimbabwe,Zimbabwe,2015,800284.41,0.6263118,-191.46567
ZWE,Zimbabwe,Zimbabwe,2016,676747.45,0.7902608,-19.921871
ZWE,Zimbabwe,Zimbabwe,2017,1748338.9,-0.32741752,242.17892
ZWE,Zimbabwe,Zimbabwe,2018,1780369,0.35333276,-40.82312
ZWE,Zimbabwe,Zimbabwe,2019,1025878.7,0.878125,-125.21083
ZWE,Zimbabwe,Zimbabwe,2020,1663143.1,0.22929335,80.6217
ZWE,Zimbabwe,Zimbabwe,2021,2044522.4,0.01683847,55.45905
ZWE,Zimbabwe,Zimbabwe,2022,1290692.8,0.035658598,40.831573
ZWE,Zimbabwe,Zimbabwe,2023,1678835.2,0.7928508,43.327763
ZWE,Zimbabwe,Zimbabwe,2024,1342958.8,1.3649564,-311.78864
