Year,Country,CountryCode,Variable,VariableCode,UnconsolidatedVariableCode,UnconsolidatedVariableName,ActivityCode,Activity,ActivityCombination,Value,UnitType,Metadata
2003,Albania,008,Original index,52,52,Original index,C,Total manufacturing,C,34.06,I,
2004,Albania,008,Original index,52,52,Original index,C,Total manufacturing,C,35.47,I,
2005,Albania,008,Original index,52,52,Original index,C,Total manufacturing,C,39.24,I,
2006,Albania,008,Original index,52,52,Original index,C,Total manufacturing,C,41.55,I,
2007,Albania,008,Original index,52,52,Original index,C,Total manufacturing,C,44.45,I,
2008,Albania,008,Original index,52,52,Original index,C,Total manufacturing,C,52.69,I,
2009,Albania,008,Original index,52,52,Original index,C,Total manufacturing,C,60.4,I,
2010,Albania,008,Original index,52,52,Original index,C,Total manufacturing,C,73.26,I,
2011,Albania,008,Original index,52,52,Original index,C,Total manufacturing,C,80.1,I,
2012,Albania,008,Original index,52,52,Original index,C,Total manufacturing,C,78.32,I,
2013,Albania,008,Original index,52,52,Original index,C,Total manufacturing,C,77.96,I,
2014,Albania,008,Original index,52,52,Original index,C,Total manufacturing,C,82.77,I,
2015,Albania,008,Original index,52,52,Original index,C,Total manufacturing,C,89.33,I,
2016,Albania,008,Original index,52,52,Original index,C,Total manufacturing,C,86.98,I,
2017,Albania,008,Original index,52,52,Original index,C,Total manufacturing,C,90.06,I,
2018,Albania,008,Original index,52,52,Original index,C,Total manufacturing,C,98.48,I,
2019,Albania,008,Original index,52,52,Original index,C,Total manufacturing,C,104.78,I,
2020,Albania,008,Original index,52,52,Original index,C,Total manufacturing,C,100.0,I,
2021,Albania,008,Original index,52,52,Original index,C,Total manufacturing,C,116.2,I,
2022,Albania,008,Original index,52,52,Original index,C,Total manufacturing,C,125.75,I,
2023,Albania,008,Original index,52,52,Original index,C,Total manufacturing,C,116.97,I,
2024,Albania,008,Original index,52,52,Original index,C,Total manufacturing,C,112.01,I,
2025,Albania,008,Original index,52,52,Original index,C,Total manufacturing,C,111.51,I,
1981,Algeria,012,Original index,52,52,Original index,C,Total manufacturing,C,143.8,I,
1982,Algeria,012,Original index,52,52,Original index,C,Total manufacturing,C,168.75,I,
1983,Algeria,012,Original index,52,52,Original index,C,Total manufacturing,C,183.55,I,
1984,Algeria,012,Original index,52,52,Original index,C,Total manufacturing,C,213.16,I,
1985,Algeria,012,Original index,52,52,Original index,C,Total manufacturing,C,219.93,I,
1986,Algeria,012,Original index,52,52,Original index,C,Total manufacturing,C,231.98,I,
1987,Algeria,012,Original index,52,52,Original index,C,Total manufacturing,C,228.6,I,
1988,Algeria,012,Original index,52,52,Original index,C,Total manufacturing,C,222.89,I,
1989,Algeria,012,Original index,52,52,Original index,C,Total manufacturing,C,211.47,I,
1990,Algeria,012,Original index,52,52,Original index,C,Total manufacturing,C,213.16,I,
1991,Algeria,012,Original index,52,52,Original index,C,Total manufacturing,C,202.16,I,
1992,Algeria,012,Original index,52,52,Original index,C,Total manufacturing,C,189.47,I,
1993,Algeria,012,Original index,52,52,Original index,C,Total manufacturing,C,186.51,I,
1994,Algeria,012,Original index,52,52,Original index,C,Total manufacturing,C,169.81,I,
1995,Algeria,012,Original index,52,52,Original index,C,Total manufacturing,C,167.06,I,
1996,Algeria,012,Original index,52,52,Original index,C,Total manufacturing,C,144.43,I,
1997,Algeria,012,Original index,52,52,Original index,C,Total manufacturing,C,134.28,I,
1998,Algeria,012,Original index,52,52,Original index,C,Total manufacturing,C,146.12,I,
1999,Algeria,012,Original index,52,52,Original index,C,Total manufacturing,C,143.8,I,
2000,Algeria,012,Original index,52,52,Original index,C,Total manufacturing,C,141.26,I,
2001,Algeria,012,Original index,52,52,Original index,C,Total manufacturing,C,139.99,I,
2002,Algeria,012,Original index,52,52,Original index,C,Total manufacturing,C,137.88,I,
2003,Algeria,012,Original index,52,52,Original index,C,Total manufacturing,C,133.01,I,
2004,Algeria,012,Original index,52,52,Original index,C,Total manufacturing,C,130.05,I,
2005,Algeria,012,Original index,52,52,Original index,C,Total manufacturing,C,125.61,I,
2006,Algeria,012,Original index,52,52,Original index,C,Total manufacturing,C,113.98,I,
2007,Algeria,012,Original index,52,52,Original index,C,Total manufacturing,C,109.54,I,
2008,Algeria,012,Original index,52,52,Original index,C,Total manufacturing,C,111.65,I,
2009,Algeria,012,Original index,52,52,Original index,C,Total manufacturing,C,113.56,I,
2010,Algeria,012,Original index,52,52,Original index,C,Total manufacturing,C,107.43,I,
2011,Algeria,012,Original index,52,52,Original index,C,Total manufacturing,C,106.14,I,
2012,Algeria,012,Original index,52,52,Original index,C,Total manufacturing,C,108.32,I,
2013,Algeria,012,Original index,52,52,Original index,C,Total manufacturing,C,110.26,I,
2014,Algeria,012,Original index,52,52,Original index,C,Total manufacturing,C,108.86,I,
2015,Algeria,012,Original index,52,52,Original index,C,Total manufacturing,C,109.24,I,
2016,Algeria,012,Original index,52,52,Original index,C,Total manufacturing,C,111.02,I,
2017,Algeria,012,Original index,52,52,Original index,C,Total manufacturing,C,111.02,I,
2018,Algeria,012,Original index,52,52,Original index,C,Total manufacturing,C,115.4,I,
2019,Algeria,012,Original index,52,52,Original index,C,Total manufacturing,C,115.67,I,
2020,Algeria,012,Original index,52,52,Original index,C,Total manufacturing,C,100.0,I,
2021,Algeria,012,Original index,52,52,Original index,C,Total manufacturing,C,96.92,I,
2022,Algeria,012,Original index,52,52,Original index,C,Total manufacturing,C,96.27,I,
2023,Algeria,012,Original index,52,52,Original index,C,Total manufacturing,C,97.51,I,
2024,Algeria,012,Original index,52,52,Original index,C,Total manufacturing,C,102.92,I,
2000,Andorra,020,Original index,52,52,Original index,C,Total manufacturing,C,86.03,I,
2001,Andorra,020,Original index,52,52,Original index,C,Total manufacturing,C,83.82,I,
2002,Andorra,020,Original index,52,52,Original index,C,Total manufacturing,C,87.29,I,
2003,Andorra,020,Original index,52,52,Original index,C,Total manufacturing,C,99.77,I,
2004,Andorra,020,Original index,52,52,Original index,C,Total manufacturing,C,109.07,I,
2005,Andorra,020,Original index,52,52,Original index,C,Total manufacturing,C,109.34,I,
2006,Andorra,020,Original index,52,52,Original index,C,Total manufacturing,C,113.23,I,
2007,Andorra,020,Original index,52,52,Original index,C,Total manufacturing,C,113.78,I,
2008,Andorra,020,Original index,52,52,Original index,C,Total manufacturing,C,113.07,I,
2009,Andorra,020,Original index,52,52,Original index,C,Total manufacturing,C,108.13,I,
2010,Andorra,020,Original index,52,52,Original index,C,Total manufacturing,C,108.57,I,
2011,Andorra,020,Original index,52,52,Original index,C,Total manufacturing,C,107.42,I,
2012,Andorra,020,Original index,52,52,Original index,C,Total manufacturing,C,103.82,I,
2013,Andorra,020,Original index,52,52,Original index,C,Total manufacturing,C,103.23,I,
2014,Andorra,020,Original index,52,52,Original index,C,Total manufacturing,C,101.35,I,
2015,Andorra,020,Original index,52,52,Original index,C,Total manufacturing,C,103.63,I,
2016,Andorra,020,Original index,52,52,Original index,C,Total manufacturing,C,108.49,I,
2017,Andorra,020,Original index,52,52,Original index,C,Total manufacturing,C,109.09,I,
2018,Andorra,020,Original index,52,52,Original index,C,Total manufacturing,C,106.72,I,
2019,Andorra,020,Original index,52,52,Original index,C,Total manufacturing,C,110.79,I,
2020,Andorra,020,Original index,52,52,Original index,C,Total manufacturing,C,100.0,I,
2021,Andorra,020,Original index,52,52,Original index,C,Total manufacturing,C,117.87,I,
2022,Andorra,020,Original index,52,52,Original index,C,Total manufacturing,C,113.63,I,
2023,Andorra,020,Original index,52,52,Original index,C,Total manufacturing,C,110.76,I,
2024,Andorra,020,Original index,52,52,Original index,C,Total manufacturing,C,105.81,I,
2002,Angola,024,Original index,52,52,Original index,C,Total manufacturing,C,22.52,I,
2003,Angola,024,Original index,52,52,Original index,C,Total manufacturing,C,25.04,I,
2004,Angola,024,Original index,52,52,Original index,C,Total manufacturing,C,28.91,I,
2005,Angola,024,Original index,52,52,Original index,C,Total manufacturing,C,33.43,I,
2006,Angola,024,Original index,52,52,Original index,C,Total manufacturing,C,33.43,I,
2007,Angola,024,Original index,52,52,Original index,C,Total manufacturing,C,34.69,I,
2008,Angola,024,Original index,52,52,Original index,C,Total manufacturing,C,37.3,I,
2009,Angola,024,Original index,52,52,Original index,C,Total manufacturing,C,40.87,I,
2010,Angola,024,Original index,52,52,Original index,C,Total manufacturing,C,50.27,I,
2011,Angola,024,Original index,52,52,Original index,C,Total manufacturing,C,56.91,I,
2012,Angola,024,Original index,52,52,Original index,C,Total manufacturing,C,63.92,I,
2013,Angola,024,Original index,52,52,Original index,C,Total manufacturing,C,69.88,I,
2014,Angola,024,Original index,52,52,Original index,C,Total manufacturing,C,76.97,I,
2015,Angola,024,Original index,52,52,Original index,C,Total manufacturing,C,78.44,I,
2016,Angola,024,Original index,52,52,Original index,C,Total manufacturing,C,75.7,I,
2017,Angola,024,Original index,52,52,Original index,C,Total manufacturing,C,77.19,I,
2018,Angola,024,Original index,52,52,Original index,C,Total manufacturing,C,84.97,I,
2019,Angola,024,Original index,52,52,Original index,C,Total manufacturing,C,90.55,I,
2020,Angola,024,Original index,52,52,Original index,C,Total manufacturing,C,100.0,I,
2021,Angola,024,Original index,52,52,Original index,C,Total manufacturing,C,113.55,I,
2022,Angola,024,Original index,52,52,Original index,C,Total manufacturing,C,116.03,I,
2023,Angola,024,Original index,52,52,Original index,C,Total manufacturing,C,117.86,I,
2024,Angola,024,Original index,52,52,Original index,C,Total manufacturing,C,128.46,I,
2025,Angola,024,Original index,52,52,Original index,C,Total manufacturing,C,184.16,I,
1977,Antigua and Barbuda,028,Original index,52,52,Original index,C,Total manufacturing,C,27.06,I,
1978,Antigua and Barbuda,028,Original index,52,52,Original index,C,Total manufacturing,C,32.55,I,
1979,Antigua and Barbuda,028,Original index,52,52,Original index,C,Total manufacturing,C,37.63,I,
1980,Antigua and Barbuda,028,Original index,52,52,Original index,C,Total manufacturing,C,44.71,I,
1981,Antigua and Barbuda,028,Original index,52,52,Original index,C,Total manufacturing,C,54.5,I,
1982,Antigua and Barbuda,028,Original index,52,52,Original index,C,Total manufacturing,C,54.5,I,
1983,Antigua and Barbuda,028,Original index,52,52,Original index,C,Total manufacturing,C,55.68,I,
1984,Antigua and Barbuda,028,Original index,52,52,Original index,C,Total manufacturing,C,57.92,I,
1985,Antigua and Barbuda,028,Original index,52,52,Original index,C,Total manufacturing,C,59.66,I,
1986,Antigua and Barbuda,028,Original index,52,52,Original index,C,Total manufacturing,C,62.04,I,
1987,Antigua and Barbuda,028,Original index,52,52,Original index,C,Total manufacturing,C,64.51,I,
1988,Antigua and Barbuda,028,Original index,52,52,Original index,C,Total manufacturing,C,65.88,I,
1989,Antigua and Barbuda,028,Original index,52,52,Original index,C,Total manufacturing,C,67.85,I,
1990,Antigua and Barbuda,028,Original index,52,52,Original index,C,Total manufacturing,C,69.88,I,
1991,Antigua and Barbuda,028,Original index,52,52,Original index,C,Total manufacturing,C,66.04,I,
1992,Antigua and Barbuda,028,Original index,52,52,Original index,C,Total manufacturing,C,62.08,I,
1993,Antigua and Barbuda,028,Original index,52,52,Original index,C,Total manufacturing,C,58.99,I,
1994,Antigua and Barbuda,028,Original index,52,52,Original index,C,Total manufacturing,C,60.17,I,
1995,Antigua and Barbuda,028,Original index,52,52,Original index,C,Total manufacturing,C,57.16,I,
1996,Antigua and Barbuda,028,Original index,52,52,Original index,C,Total manufacturing,C,59.47,I,
1997,Antigua and Barbuda,028,Original index,52,52,Original index,C,Total manufacturing,C,63.03,I,
1998,Antigua and Barbuda,028,Original index,52,52,Original index,C,Total manufacturing,C,66.5,I,
1999,Antigua and Barbuda,028,Original index,52,52,Original index,C,Total manufacturing,C,69.49,I,
2000,Antigua and Barbuda,028,Original index,52,52,Original index,C,Total manufacturing,C,71.56,I,
2001,Antigua and Barbuda,028,Original index,52,52,Original index,C,Total manufacturing,C,72.91,I,
2002,Antigua and Barbuda,028,Original index,52,52,Original index,C,Total manufacturing,C,76.79,I,
2003,Antigua and Barbuda,028,Original index,52,52,Original index,C,Total manufacturing,C,77.92,I,
2004,Antigua and Barbuda,028,Original index,52,52,Original index,C,Total manufacturing,C,81.66,I,
2005,Antigua and Barbuda,028,Original index,52,52,Original index,C,Total manufacturing,C,85.64,I,
2006,Antigua and Barbuda,028,Original index,52,52,Original index,C,Total manufacturing,C,96.28,I,
2007,Antigua and Barbuda,028,Original index,52,52,Original index,C,Total manufacturing,C,105.08,I,
2008,Antigua and Barbuda,028,Original index,52,52,Original index,C,Total manufacturing,C,95.48,I,
2009,Antigua and Barbuda,028,Original index,52,52,Original index,C,Total manufacturing,C,105.62,I,
2010,Antigua and Barbuda,028,Original index,52,52,Original index,C,Total manufacturing,C,96.31,I,
2011,Antigua and Barbuda,028,Original index,52,52,Original index,C,Total manufacturing,C,98.98,I,
2012,Antigua and Barbuda,028,Original index,52,52,Original index,C,Total manufacturing,C,85.28,I,
2013,Antigua and Barbuda,028,Original index,52,52,Original index,C,Total manufacturing,C,98.66,I,
2014,Antigua and Barbuda,028,Original index,52,52,Original index,C,Total manufacturing,C,103.13,I,
2015,Antigua and Barbuda,028,Original index,52,52,Original index,C,Total manufacturing,C,106.38,I,
2016,Antigua and Barbuda,028,Original index,52,52,Original index,C,Total manufacturing,C,113.83,I,
2017,Antigua and Barbuda,028,Original index,52,52,Original index,C,Total manufacturing,C,119.54,I,
2018,Antigua and Barbuda,028,Original index,52,52,Original index,C,Total manufacturing,C,129.69,I,
2019,Antigua and Barbuda,028,Original index,52,52,Original index,C,Total manufacturing,C,131.59,I,
2020,Antigua and Barbuda,028,Original index,52,52,Original index,C,Total manufacturing,C,100.0,I,
2021,Antigua and Barbuda,028,Original index,52,52,Original index,C,Total manufacturing,C,104.97,I,
2022,Antigua and Barbuda,028,Original index,52,52,Original index,C,Total manufacturing,C,108.0,I,
2023,Antigua and Barbuda,028,Original index,52,52,Original index,C,Total manufacturing,C,98.87,I,
2024,Antigua and Barbuda,028,Original index,52,52,Original index,C,Total manufacturing,C,105.26,I,
1990,Argentina,032,Original index,52,52,Original index,C,Total manufacturing,C,63.69,I,
1991,Argentina,032,Original index,52,52,Original index,C,Total manufacturing,C,70.17,I,
1992,Argentina,032,Original index,52,52,Original index,C,Total manufacturing,C,79.26,I,
1993,Argentina,032,Original index,52,52,Original index,C,Total manufacturing,C,81.97,I,
1994,Argentina,032,Original index,52,52,Original index,C,Total manufacturing,C,85.74,I,
1995,Argentina,032,Original index,52,52,Original index,C,Total manufacturing,C,79.84,I,
1996,Argentina,032,Original index,52,52,Original index,C,Total manufacturing,C,84.84,I,
1997,Argentina,032,Original index,52,52,Original index,C,Total manufacturing,C,92.79,I,
1998,Argentina,032,Original index,52,52,Original index,C,Total manufacturing,C,92.51,I,
1999,Argentina,032,Original index,52,52,Original index,C,Total manufacturing,C,82.77,I,
2000,Argentina,032,Original index,52,52,Original index,C,Total manufacturing,C,81.47,I,
2001,Argentina,032,Original index,52,52,Original index,C,Total manufacturing,C,72.1,I,
2002,Argentina,032,Original index,52,52,Original index,C,Total manufacturing,C,65.14,I,
2003,Argentina,032,Original index,52,52,Original index,C,Total manufacturing,C,76.46,I,
2004,Argentina,032,Original index,52,52,Original index,C,Total manufacturing,C,87.22,I,
2005,Argentina,032,Original index,52,52,Original index,C,Total manufacturing,C,95.2,I,
2006,Argentina,032,Original index,52,52,Original index,C,Total manufacturing,C,103.19,I,
2007,Argentina,032,Original index,52,52,Original index,C,Total manufacturing,C,110.99,I,
2008,Argentina,032,Original index,52,52,Original index,C,Total manufacturing,C,116.53,I,
2009,Argentina,032,Original index,52,52,Original index,C,Total manufacturing,C,116.6,I,
2010,Argentina,032,Original index,52,52,Original index,C,Total manufacturing,C,127.97,I,
2011,Argentina,032,Original index,52,52,Original index,C,Total manufacturing,C,136.35,I,
2012,Argentina,032,Original index,52,52,Original index,C,Total manufacturing,C,125.72,I,
2013,Argentina,032,Original index,52,52,Original index,C,Total manufacturing,C,125.72,I,
2014,Argentina,032,Original index,52,52,Original index,C,Total manufacturing,C,123.41,I,
2015,Argentina,032,Original index,52,52,Original index,C,Total manufacturing,C,123.86,I,
2016,Argentina,032,Original index,52,52,Original index,C,Total manufacturing,C,118.13,I,
2017,Argentina,032,Original index,52,52,Original index,C,Total manufacturing,C,121.12,I,
2018,Argentina,032,Original index,52,52,Original index,C,Total manufacturing,C,115.06,I,
2019,Argentina,032,Original index,52,52,Original index,C,Total manufacturing,C,107.82,I,
2020,Argentina,032,Original index,52,52,Original index,C,Total manufacturing,C,100.0,I,
2021,Argentina,032,Original index,52,52,Original index,C,Total manufacturing,C,115.48,I,
2022,Argentina,032,Original index,52,52,Original index,C,Total manufacturing,C,120.21,I,
2023,Argentina,032,Original index,52,52,Original index,C,Total manufacturing,C,118.03,I,
2024,Argentina,032,Original index,52,52,Original index,C,Total manufacturing,C,107.02,I,
2025,Argentina,032,Original index,52,52,Original index,C,Total manufacturing,C,108.68,I,
1995,Armenia,051,Original index,52,52,Original index,C,Total manufacturing,C,23.41,I,
1996,Armenia,051,Original index,52,52,Original index,C,Total manufacturing,C,23.18,I,
1997,Armenia,051,Original index,52,52,Original index,C,Total manufacturing,C,23.86,I,
1998,Armenia,051,Original index,52,52,Original index,C,Total manufacturing,C,22.73,I,
1999,Armenia,051,Original index,52,52,Original index,C,Total manufacturing,C,25.12,I,
2000,Armenia,051,Original index,52,52,Original index,C,Total manufacturing,C,26.85,I,
2001,Armenia,051,Original index,52,52,Original index,C,Total manufacturing,C,29.43,I,
2002,Armenia,051,Original index,52,52,Original index,C,Total manufacturing,C,36.87,I,
2003,Armenia,051,Original index,52,52,Original index,C,Total manufacturing,C,43.94,I,
2004,Armenia,051,Original index,52,52,Original index,C,Total manufacturing,C,43.68,I,
2005,Armenia,051,Original index,52,52,Original index,C,Total manufacturing,C,48.02,I,
2006,Armenia,051,Original index,52,52,Original index,C,Total manufacturing,C,47.06,I,
2007,Armenia,051,Original index,52,52,Original index,C,Total manufacturing,C,47.73,I,
2008,Armenia,051,Original index,52,52,Original index,C,Total manufacturing,C,48.02,I,
2009,Armenia,051,Original index,52,52,Original index,C,Total manufacturing,C,43.74,I,
2010,Armenia,051,Original index,52,52,Original index,C,Total manufacturing,C,48.77,I,
2011,Armenia,051,Original index,52,52,Original index,C,Total manufacturing,C,54.87,I,
2012,Armenia,051,Original index,52,52,Original index,C,Total manufacturing,C,58.11,I,
2013,Armenia,051,Original index,52,52,Original index,C,Total manufacturing,C,62.52,I,
2014,Armenia,051,Original index,52,52,Original index,C,Total manufacturing,C,66.15,I,
2015,Armenia,051,Original index,52,52,Original index,C,Total manufacturing,C,63.44,I,
2016,Armenia,051,Original index,52,52,Original index,C,Total manufacturing,C,67.99,I,
2017,Armenia,051,Original index,52,52,Original index,C,Total manufacturing,C,89.3,I,
2018,Armenia,051,Original index,52,52,Original index,C,Total manufacturing,C,97.14,I,
2019,Armenia,051,Original index,52,52,Original index,C,Total manufacturing,C,103.57,I,
2020,Armenia,051,Original index,52,52,Original index,C,Total manufacturing,C,100.0,I,
2021,Armenia,051,Original index,52,52,Original index,C,Total manufacturing,C,102.35,I,
2022,Armenia,051,Original index,52,52,Original index,C,Total manufacturing,C,116.3,I,
2023,Armenia,051,Original index,52,52,Original index,C,Total manufacturing,C,123.63,I,
2024,Armenia,051,Original index,52,52,Original index,C,Total manufacturing,C,135.85,I,
2025,Armenia,051,Original index,52,52,Original index,C,Total manufacturing,C,135.27,I,
1975,Australia,036,Original index,52,52,Original index,C,Total manufacturing,C,65.29,I,
1976,Australia,036,Original index,52,52,Original index,C,Total manufacturing,C,64.61,I,
1977,Australia,036,Original index,52,52,Original index,C,Total manufacturing,C,66.18,I,
1978,Australia,036,Original index,52,52,Original index,C,Total manufacturing,C,67.72,I,
1979,Australia,036,Original index,52,52,Original index,C,Total manufacturing,C,71.28,I,
1980,Australia,036,Original index,52,52,Original index,C,Total manufacturing,C,72.98,I,
1981,Australia,036,Original index,52,52,Original index,C,Total manufacturing,C,75.01,I,
1982,Australia,036,Original index,52,52,Original index,C,Total manufacturing,C,73.13,I,
1983,Australia,036,Original index,52,52,Original index,C,Total manufacturing,C,68.57,I,
1984,Australia,036,Original index,52,52,Original index,C,Total manufacturing,C,72.45,I,
1985,Australia,036,Original index,52,52,Original index,C,Total manufacturing,C,75.08,I,
1986,Australia,036,Original index,52,52,Original index,C,Total manufacturing,C,74.78,I,
1987,Australia,036,Original index,52,52,Original index,C,Total manufacturing,C,79.24,I,
1988,Australia,036,Original index,52,52,Original index,C,Total manufacturing,C,84.2,I,
1989,Australia,036,Original index,52,52,Original index,C,Total manufacturing,C,85.98,I,
1990,Australia,036,Original index,52,52,Original index,C,Total manufacturing,C,84.93,I,
1991,Australia,036,Original index,52,52,Original index,C,Total manufacturing,C,81.92,I,
1992,Australia,036,Original index,52,52,Original index,C,Total manufacturing,C,81.05,I,
1993,Australia,036,Original index,52,52,Original index,C,Total manufacturing,C,84.53,I,
1994,Australia,036,Original index,52,52,Original index,C,Total manufacturing,C,88.41,I,
1995,Australia,036,Original index,52,52,Original index,C,Total manufacturing,C,88.56,I,
1996,Australia,036,Original index,52,52,Original index,C,Total manufacturing,C,91.32,I,
1997,Australia,036,Original index,52,52,Original index,C,Total manufacturing,C,92.92,I,
1998,Australia,036,Original index,52,52,Original index,C,Total manufacturing,C,96.03,I,
1999,Australia,036,Original index,52,52,Original index,C,Total manufacturing,C,96.58,I,
2000,Australia,036,Original index,52,52,Original index,C,Total manufacturing,C,100.56,I,
2001,Australia,036,Original index,52,52,Original index,C,Total manufacturing,C,100.61,I,
2002,Australia,036,Original index,52,52,Original index,C,Total manufacturing,C,105.35,I,
2003,Australia,036,Original index,52,52,Original index,C,Total manufacturing,C,108.48,I,
2004,Australia,036,Original index,52,52,Original index,C,Total manufacturing,C,108.91,I,
2005,Australia,036,Original index,52,52,Original index,C,Total manufacturing,C,107.75,I,
2006,Australia,036,Original index,52,52,Original index,C,Total manufacturing,C,108.36,I,
2007,Australia,036,Original index,52,52,Original index,C,Total manufacturing,C,110.76,I,
2008,Australia,036,Original index,52,52,Original index,C,Total manufacturing,C,114.62,I,
2009,Australia,036,Original index,52,52,Original index,C,Total manufacturing,C,105.67,I,
2010,Australia,036,Original index,52,52,Original index,C,Total manufacturing,C,109.01,I,
2011,Australia,036,Original index,52,52,Original index,C,Total manufacturing,C,109.19,I,
2012,Australia,036,Original index,52,52,Original index,C,Total manufacturing,C,107.39,I,
2013,Australia,036,Original index,52,52,Original index,C,Total manufacturing,C,105.4,I,
2014,Australia,036,Original index,52,52,Original index,C,Total manufacturing,C,103.79,I,
2015,Australia,036,Original index,52,52,Original index,C,Total manufacturing,C,102.45,I,
2016,Australia,036,Original index,52,52,Original index,C,Total manufacturing,C,100.5,I,
2017,Australia,036,Original index,52,52,Original index,C,Total manufacturing,C,101.2,I,
2018,Australia,036,Original index,52,52,Original index,C,Total manufacturing,C,102.87,I,
2019,Australia,036,Original index,52,52,Original index,C,Total manufacturing,C,101.02,I,
2020,Australia,036,Original index,52,52,Original index,C,Total manufacturing,C,100.0,I,
2021,Australia,036,Original index,52,52,Original index,C,Total manufacturing,C,103.66,I,
2022,Australia,036,Original index,52,52,Original index,C,Total manufacturing,C,104.44,I,
2023,Australia,036,Original index,52,52,Original index,C,Total manufacturing,C,104.88,I,
2024,Australia,036,Original index,52,52,Original index,C,Total manufacturing,C,103.73,I,
2025,Australia,036,Original index,52,52,Original index,C,Total manufacturing,C,101.85,I,
1990,Austria,040,Original index,52,52,Original index,C,Total manufacturing,C,43.7,I,
1991,Austria,040,Original index,52,52,Original index,C,Total manufacturing,C,45.14,I,
1992,Austria,040,Original index,52,52,Original index,C,Total manufacturing,C,44.71,I,
1993,Austria,040,Original index,52,52,Original index,C,Total manufacturing,C,43.79,I,
1994,Austria,040,Original index,52,52,Original index,C,Total manufacturing,C,46.85,I,
1995,Austria,040,Original index,52,52,Original index,C,Total manufacturing,C,49.21,I,
1996,Austria,040,Original index,52,52,Original index,C,Total manufacturing,C,49.55,I,
1997,Austria,040,Original index,52,52,Original index,C,Total manufacturing,C,53.15,I,
1998,Austria,040,Original index,52,52,Original index,C,Total manufacturing,C,57.97,I,
1999,Austria,040,Original index,52,52,Original index,C,Total manufacturing,C,61.46,I,
2000,Austria,040,Original index,52,52,Original index,C,Total manufacturing,C,67.56,I,
2001,Austria,040,Original index,52,52,Original index,C,Total manufacturing,C,68.9,I,
2002,Austria,040,Original index,52,52,Original index,C,Total manufacturing,C,68.99,I,
2003,Austria,040,Original index,52,52,Original index,C,Total manufacturing,C,70.51,I,
2004,Austria,040,Original index,52,52,Original index,C,Total manufacturing,C,76.22,I,
2005,Austria,040,Original index,52,52,Original index,C,Total manufacturing,C,79.27,I,
2006,Austria,040,Original index,52,52,Original index,C,Total manufacturing,C,84.81,I,
2007,Austria,040,Original index,52,52,Original index,C,Total manufacturing,C,90.13,I,
2008,Austria,040,Original index,52,52,Original index,C,Total manufacturing,C,92.02,I,
2009,Austria,040,Original index,52,52,Original index,C,Total manufacturing,C,79.82,I,
2010,Austria,040,Original index,52,52,Original index,C,Total manufacturing,C,85.7,I,
2011,Austria,040,Original index,52,52,Original index,C,Total manufacturing,C,91.02,I,
2012,Austria,040,Original index,52,52,Original index,C,Total manufacturing,C,90.8,I,
2013,Austria,040,Original index,52,52,Original index,C,Total manufacturing,C,91.8,I,
2014,Austria,040,Original index,52,52,Original index,C,Total manufacturing,C,92.68,I,
2015,Austria,040,Original index,52,52,Original index,C,Total manufacturing,C,95.12,I,
2016,Austria,040,Original index,52,52,Original index,C,Total manufacturing,C,97.67,I,
2017,Austria,040,Original index,52,52,Original index,C,Total manufacturing,C,102.22,I,
2018,Austria,040,Original index,52,52,Original index,C,Total manufacturing,C,106.65,I,
2019,Austria,040,Original index,52,52,Original index,C,Total manufacturing,C,106.98,I,
2020,Austria,040,Original index,52,52,Original index,C,Total manufacturing,C,100.0,I,
2021,Austria,040,Original index,52,52,Original index,C,Total manufacturing,C,110.86,I,
2022,Austria,040,Original index,52,52,Original index,C,Total manufacturing,C,116.96,I,
2023,Austria,040,Original index,52,52,Original index,C,Total manufacturing,C,114.52,I,
2024,Austria,040,Original index,52,52,Original index,C,Total manufacturing,C,109.65,I,
2025,Austria,040,Original index,52,52,Original index,C,Total manufacturing,C,112.86,I,
1981,Azerbaijan,031,Original index,52,52,Original index,C,Total manufacturing,C,108.28,I,
1982,Azerbaijan,031,Original index,52,52,Original index,C,Total manufacturing,C,113.47,I,
1983,Azerbaijan,031,Original index,52,52,Original index,C,Total manufacturing,C,119.49,I,
1984,Azerbaijan,031,Original index,52,52,Original index,C,Total manufacturing,C,125.22,I,
1985,Azerbaijan,031,Original index,52,52,Original index,C,Total manufacturing,C,125.72,I,
1986,Azerbaijan,031,Original index,52,52,Original index,C,Total manufacturing,C,122.96,I,
1987,Azerbaijan,031,Original index,52,52,Original index,C,Total manufacturing,C,127.38,I,
1988,Azerbaijan,031,Original index,52,52,Original index,C,Total manufacturing,C,131.97,I,
1989,Azerbaijan,031,Original index,52,52,Original index,C,Total manufacturing,C,133.42,I,
1990,Azerbaijan,031,Original index,52,52,Original index,C,Total manufacturing,C,124.61,I,
1991,Azerbaijan,031,Original index,52,52,Original index,C,Total manufacturing,C,112.15,I,
1992,Azerbaijan,031,Original index,52,52,Original index,C,Total manufacturing,C,75.82,I,
1993,Azerbaijan,031,Original index,52,52,Original index,C,Total manufacturing,C,60.8,I,
1994,Azerbaijan,031,Original index,52,52,Original index,C,Total manufacturing,C,44.08,I,
1995,Azerbaijan,031,Original index,52,52,Original index,C,Total manufacturing,C,34.3,I,
1996,Azerbaijan,031,Original index,52,52,Original index,C,Total manufacturing,C,30.87,I,
1997,Azerbaijan,031,Original index,52,52,Original index,C,Total manufacturing,C,31.11,I,
1998,Azerbaijan,031,Original index,52,52,Original index,C,Total manufacturing,C,27.47,I,
1999,Azerbaijan,031,Original index,52,52,Original index,C,Total manufacturing,C,24.97,I,
2000,Azerbaijan,031,Original index,52,52,Original index,C,Total manufacturing,C,28.79,I,
2001,Azerbaijan,031,Original index,52,52,Original index,C,Total manufacturing,C,29.6,I,
2002,Azerbaijan,031,Original index,52,52,Original index,C,Total manufacturing,C,31.23,I,
2003,Azerbaijan,031,Original index,52,52,Original index,C,Total manufacturing,C,36.76,I,
2004,Azerbaijan,031,Original index,52,52,Original index,C,Total manufacturing,C,40.51,I,
2005,Azerbaijan,031,Original index,52,52,Original index,C,Total manufacturing,C,46.99,I,
2006,Azerbaijan,031,Original index,52,52,Original index,C,Total manufacturing,C,50.23,I,
2007,Azerbaijan,031,Original index,52,52,Original index,C,Total manufacturing,C,53.89,I,
2008,Azerbaijan,031,Original index,52,52,Original index,C,Total manufacturing,C,57.45,I,
2009,Azerbaijan,031,Original index,52,52,Original index,C,Total manufacturing,C,53.03,I,
2010,Azerbaijan,031,Original index,52,52,Original index,C,Total manufacturing,C,58.01,I,
2011,Azerbaijan,031,Original index,52,52,Original index,C,Total manufacturing,C,62.13,I,
2012,Azerbaijan,031,Original index,52,52,Original index,C,Total manufacturing,C,65.49,I,
2013,Azerbaijan,031,Original index,52,52,Original index,C,Total manufacturing,C,69.28,I,
2014,Azerbaijan,031,Original index,52,52,Original index,C,Total manufacturing,C,70.84,I,
2015,Azerbaijan,031,Original index,52,52,Original index,C,Total manufacturing,C,75.83,I,
2016,Azerbaijan,031,Original index,52,52,Original index,C,Total manufacturing,C,76.63,I,
2017,Azerbaijan,031,Original index,52,52,Original index,C,Total manufacturing,C,75.13,I,
2018,Azerbaijan,031,Original index,52,52,Original index,C,Total manufacturing,C,81.18,I,
2019,Azerbaijan,031,Original index,52,52,Original index,C,Total manufacturing,C,90.55,I,
2020,Azerbaijan,031,Original index,52,52,Original index,C,Total manufacturing,C,100.0,I,
2021,Azerbaijan,031,Original index,52,52,Original index,C,Total manufacturing,C,119.84,I,
2022,Azerbaijan,031,Original index,52,52,Original index,C,Total manufacturing,C,125.42,I,
2023,Azerbaijan,031,Original index,52,52,Original index,C,Total manufacturing,C,137.66,I,
2024,Azerbaijan,031,Original index,52,52,Original index,C,Total manufacturing,C,140.73,I,
2025,Azerbaijan,031,Original index,52,52,Original index,C,Total manufacturing,C,151.9,I,
2012,Bahamas,044,Original index,52,52,Original index,C,Total manufacturing,C,206.2,I,
2013,Bahamas,044,Original index,52,52,Original index,C,Total manufacturing,C,181.0,I,
2014,Bahamas,044,Original index,52,52,Original index,C,Total manufacturing,C,192.36,I,
2015,Bahamas,044,Original index,52,52,Original index,C,Total manufacturing,C,168.46,I,
2016,Bahamas,044,Original index,52,52,Original index,C,Total manufacturing,C,175.97,I,
2017,Bahamas,044,Original index,52,52,Original index,C,Total manufacturing,C,148.64,I,
2018,Bahamas,044,Original index,52,52,Original index,C,Total manufacturing,C,126.47,I,
2019,Bahamas,044,Original index,52,52,Original index,C,Total manufacturing,C,130.05,I,
2020,Bahamas,044,Original index,52,52,Original index,C,Total manufacturing,C,100.0,I,
2021,Bahamas,044,Original index,52,52,Original index,C,Total manufacturing,C,53.3,I,
2022,Bahamas,044,Original index,52,52,Original index,C,Total manufacturing,C,45.11,I,
2023,Bahamas,044,Original index,52,52,Original index,C,Total manufacturing,C,34.84,I,
2024,Bahamas,044,Original index,52,52,Original index,C,Total manufacturing,C,16.7,I,
2005,Bahrain,048,Original index,52,52,Original index,C,Total manufacturing,C,59.02,I,
2006,Bahrain,048,Original index,52,52,Original index,C,Total manufacturing,C,65.45,I,
2007,Bahrain,048,Original index,52,52,Original index,C,Total manufacturing,C,68.97,I,
2008,Bahrain,048,Original index,52,52,Original index,C,Total manufacturing,C,73.69,I,
2009,Bahrain,048,Original index,52,52,Original index,C,Total manufacturing,C,77.17,I,
2010,Bahrain,048,Original index,52,52,Original index,C,Total manufacturing,C,80.09,I,
2011,Bahrain,048,Original index,52,52,Original index,C,Total manufacturing,C,81.54,I,
2012,Bahrain,048,Original index,52,52,Original index,C,Total manufacturing,C,84.81,I,
2013,Bahrain,048,Original index,52,52,Original index,C,Total manufacturing,C,87.91,I,
2014,Bahrain,048,Original index,52,52,Original index,C,Total manufacturing,C,92.39,I,
2015,Bahrain,048,Original index,52,52,Original index,C,Total manufacturing,C,95.34,I,
2016,Bahrain,048,Original index,52,52,Original index,C,Total manufacturing,C,100.39,I,
2017,Bahrain,048,Original index,52,52,Original index,C,Total manufacturing,C,102.25,I,
2018,Bahrain,048,Original index,52,52,Original index,C,Total manufacturing,C,103.39,I,
2019,Bahrain,048,Original index,52,52,Original index,C,Total manufacturing,C,103.93,I,
2020,Bahrain,048,Original index,52,52,Original index,C,Total manufacturing,C,100.0,I,
2021,Bahrain,048,Original index,52,52,Original index,C,Total manufacturing,C,110.56,I,
2022,Bahrain,048,Original index,52,52,Original index,C,Total manufacturing,C,116.91,I,
2023,Bahrain,048,Original index,52,52,Original index,C,Total manufacturing,C,119.21,I,
2024,Bahrain,048,Original index,52,52,Original index,C,Total manufacturing,C,124.59,I,
2025,Bahrain,048,Original index,52,52,Original index,C,Total manufacturing,C,129.22,I,
1989,Bangladesh,050,Original index,52,52,Original index,C,Total manufacturing,C,8.52,I,
1990,Bangladesh,050,Original index,52,52,Original index,C,Total manufacturing,C,9.22,I,
1991,Bangladesh,050,Original index,52,52,Original index,C,Total manufacturing,C,9.57,I,
1992,Bangladesh,050,Original index,52,52,Original index,C,Total manufacturing,C,10.46,I,
1993,Bangladesh,050,Original index,52,52,Original index,C,Total manufacturing,C,12.08,I,
1994,Bangladesh,050,Original index,52,52,Original index,C,Total manufacturing,C,13.11,I,
1995,Bangladesh,050,Original index,52,52,Original index,C,Total manufacturing,C,13.92,I,
1996,Bangladesh,050,Original index,52,52,Original index,C,Total manufacturing,C,14.78,I,
1997,Bangladesh,050,Original index,52,52,Original index,C,Total manufacturing,C,15.01,I,
1998,Bangladesh,050,Original index,52,52,Original index,C,Total manufacturing,C,16.21,I,
1999,Bangladesh,050,Original index,52,52,Original index,C,Total manufacturing,C,17.17,I,
2000,Bangladesh,050,Original index,52,52,Original index,C,Total manufacturing,C,18.13,I,
2001,Bangladesh,050,Original index,52,52,Original index,C,Total manufacturing,C,18.53,I,
2002,Bangladesh,050,Original index,52,52,Original index,C,Total manufacturing,C,20.38,I,
2003,Bangladesh,050,Original index,52,52,Original index,C,Total manufacturing,C,21.15,I,
2004,Bangladesh,050,Original index,52,52,Original index,C,Total manufacturing,C,23.02,I,
2005,Bangladesh,050,Original index,52,52,Original index,C,Total manufacturing,C,24.49,I,
2006,Bangladesh,050,Original index,52,52,Original index,C,Total manufacturing,C,26.6,I,
2007,Bangladesh,050,Original index,52,52,Original index,C,Total manufacturing,C,29.31,I,
2008,Bangladesh,050,Original index,52,52,Original index,C,Total manufacturing,C,32.12,I,
2009,Bangladesh,050,Original index,52,52,Original index,C,Total manufacturing,C,34.29,I,
2010,Bangladesh,050,Original index,52,52,Original index,C,Total manufacturing,C,36.46,I,
2011,Bangladesh,050,Original index,52,52,Original index,C,Total manufacturing,C,40.4,I,
2012,Bangladesh,050,Original index,52,52,Original index,C,Total manufacturing,C,45.08,I,
2013,Bangladesh,050,Original index,52,52,Original index,C,Total manufacturing,C,50.55,I,
2014,Bangladesh,050,Original index,52,52,Original index,C,Total manufacturing,C,55.42,I,
2015,Bangladesh,050,Original index,52,52,Original index,C,Total manufacturing,C,61.86,I,
2016,Bangladesh,050,Original index,52,52,Original index,C,Total manufacturing,C,69.93,I,
2017,Bangladesh,050,Original index,52,52,Original index,C,Total manufacturing,C,80.16,I,
2018,Bangladesh,050,Original index,52,52,Original index,C,Total manufacturing,C,92.29,I,
2019,Bangladesh,050,Original index,52,52,Original index,C,Total manufacturing,C,100.56,I,
2020,Bangladesh,050,Original index,52,52,Original index,C,Total manufacturing,C,100.0,I,
2021,Bangladesh,050,Original index,52,52,Original index,C,Total manufacturing,C,121.0,I,
2022,Bangladesh,050,Original index,52,52,Original index,C,Total manufacturing,C,129.35,I,
2023,Bangladesh,050,Original index,52,52,Original index,C,Total manufacturing,C,136.58,I,
2024,Bangladesh,050,Original index,52,52,Original index,C,Total manufacturing,C,141.05,I,
2025,Bangladesh,050,Original index,52,52,Original index,C,Total manufacturing,C,147.41,I,
2004,Barbados,052,Original index,52,52,Original index,C,Total manufacturing,C,143.88,I,
2005,Barbados,052,Original index,52,52,Original index,C,Total manufacturing,C,146.87,I,
2006,Barbados,052,Original index,52,52,Original index,C,Total manufacturing,C,145.61,I,
2007,Barbados,052,Original index,52,52,Original index,C,Total manufacturing,C,139.74,I,
2008,Barbados,052,Original index,52,52,Original index,C,Total manufacturing,C,139.33,I,
2009,Barbados,052,Original index,52,52,Original index,C,Total manufacturing,C,117.03,I,
2010,Barbados,052,Original index,52,52,Original index,C,Total manufacturing,C,108.42,I,
2011,Barbados,052,Original index,52,52,Original index,C,Total manufacturing,C,117.55,I,
2012,Barbados,052,Original index,52,52,Original index,C,Total manufacturing,C,107.18,I,
2013,Barbados,052,Original index,52,52,Original index,C,Total manufacturing,C,112.64,I,
2014,Barbados,052,Original index,52,52,Original index,C,Total manufacturing,C,107.56,I,
2015,Barbados,052,Original index,52,52,Original index,C,Total manufacturing,C,115.49,I,
2016,Barbados,052,Original index,52,52,Original index,C,Total manufacturing,C,115.23,I,
2017,Barbados,052,Original index,52,52,Original index,C,Total manufacturing,C,117.94,I,
2018,Barbados,052,Original index,52,52,Original index,C,Total manufacturing,C,115.35,I,
2019,Barbados,052,Original index,52,52,Original index,C,Total manufacturing,C,117.37,I,
2020,Barbados,052,Original index,52,52,Original index,C,Total manufacturing,C,100.0,I,
2021,Barbados,052,Original index,52,52,Original index,C,Total manufacturing,C,103.75,I,
2022,Barbados,052,Original index,52,52,Original index,C,Total manufacturing,C,128.81,I,
2023,Barbados,052,Original index,52,52,Original index,C,Total manufacturing,C,135.09,I,
2024,Barbados,052,Original index,52,52,Original index,C,Total manufacturing,C,136.52,I,
1995,Belarus,112,Original index,52,52,Original index,C,Total manufacturing,C,21.83,I,
1996,Belarus,112,Original index,52,52,Original index,C,Total manufacturing,C,22.65,I,
1997,Belarus,112,Original index,52,52,Original index,C,Total manufacturing,C,26.98,I,
1998,Belarus,112,Original index,52,52,Original index,C,Total manufacturing,C,30.4,I,
1999,Belarus,112,Original index,52,52,Original index,C,Total manufacturing,C,33.65,I,
2000,Belarus,112,Original index,52,52,Original index,C,Total manufacturing,C,36.45,I,
2001,Belarus,112,Original index,52,52,Original index,C,Total manufacturing,C,38.5,I,
2002,Belarus,112,Original index,52,52,Original index,C,Total manufacturing,C,40.22,I,
2003,Belarus,112,Original index,52,52,Original index,C,Total manufacturing,C,43.04,I,
2004,Belarus,112,Original index,52,52,Original index,C,Total manufacturing,C,50.05,I,
2005,Belarus,112,Original index,52,52,Original index,C,Total manufacturing,C,55.31,I,
2006,Belarus,112,Original index,52,52,Original index,C,Total manufacturing,C,62.22,I,
2007,Belarus,112,Original index,52,52,Original index,C,Total manufacturing,C,68.47,I,
2008,Belarus,112,Original index,52,52,Original index,C,Total manufacturing,C,76.79,I,
2009,Belarus,112,Original index,52,52,Original index,C,Total manufacturing,C,74.71,I,
2010,Belarus,112,Original index,52,52,Original index,C,Total manufacturing,C,83.29,I,
2011,Belarus,112,Original index,52,52,Original index,C,Total manufacturing,C,85.02,I,
2012,Belarus,112,Original index,52,52,Original index,C,Total manufacturing,C,94.29,I,
2013,Belarus,112,Original index,52,52,Original index,C,Total manufacturing,C,97.75,I,
2014,Belarus,112,Original index,52,52,Original index,C,Total manufacturing,C,96.92,I,
2015,Belarus,112,Original index,52,52,Original index,C,Total manufacturing,C,89.17,I,
2016,Belarus,112,Original index,52,52,Original index,C,Total manufacturing,C,88.79,I,
2017,Belarus,112,Original index,52,52,Original index,C,Total manufacturing,C,93.09,I,
2018,Belarus,112,Original index,52,52,Original index,C,Total manufacturing,C,97.41,I,
2019,Belarus,112,Original index,52,52,Original index,C,Total manufacturing,C,100.24,I,
2020,Belarus,112,Original index,52,52,Original index,C,Total manufacturing,C,100.0,I,
2021,Belarus,112,Original index,52,52,Original index,C,Total manufacturing,C,105.78,I,
2022,Belarus,112,Original index,52,52,Original index,C,Total manufacturing,C,99.14,I,
2023,Belarus,112,Original index,52,52,Original index,C,Total manufacturing,C,107.95,I,
2024,Belarus,112,Original index,52,52,Original index,C,Total manufacturing,C,113.73,I,
2025,Belarus,112,Original index,52,52,Original index,C,Total manufacturing,C,113.96,I,
1981,Belgium,056,Original index,52,52,Original index,C,Total manufacturing,C,37.74,I,
1982,Belgium,056,Original index,52,52,Original index,C,Total manufacturing,C,37.9,I,
1983,Belgium,056,Original index,52,52,Original index,C,Total manufacturing,C,38.62,I,
1984,Belgium,056,Original index,52,52,Original index,C,Total manufacturing,C,39.67,I,
1985,Belgium,056,Original index,52,52,Original index,C,Total manufacturing,C,40.15,I,
1986,Belgium,056,Original index,52,52,Original index,C,Total manufacturing,C,40.67,I,
1987,Belgium,056,Original index,52,52,Original index,C,Total manufacturing,C,41.87,I,
1988,Belgium,056,Original index,52,52,Original index,C,Total manufacturing,C,44.52,I,
1989,Belgium,056,Original index,52,52,Original index,C,Total manufacturing,C,46.29,I,
1990,Belgium,056,Original index,52,52,Original index,C,Total manufacturing,C,48.26,I,
1991,Belgium,056,Original index,52,52,Original index,C,Total manufacturing,C,49.13,I,
1992,Belgium,056,Original index,52,52,Original index,C,Total manufacturing,C,47.69,I,
1993,Belgium,056,Original index,52,52,Original index,C,Total manufacturing,C,47.43,I,
1994,Belgium,056,Original index,52,52,Original index,C,Total manufacturing,C,48.31,I,
1995,Belgium,056,Original index,52,52,Original index,C,Total manufacturing,C,51.39,I,
1996,Belgium,056,Original index,52,52,Original index,C,Total manufacturing,C,51.65,I,
1997,Belgium,056,Original index,52,52,Original index,C,Total manufacturing,C,54.17,I,
1998,Belgium,056,Original index,52,52,Original index,C,Total manufacturing,C,55.71,I,
1999,Belgium,056,Original index,52,52,Original index,C,Total manufacturing,C,56.38,I,
2000,Belgium,056,Original index,52,52,Original index,C,Total manufacturing,C,59.72,I,
2001,Belgium,056,Original index,52,52,Original index,C,Total manufacturing,C,62.93,I,
2002,Belgium,056,Original index,52,52,Original index,C,Total manufacturing,C,63.02,I,
2003,Belgium,056,Original index,52,52,Original index,C,Total manufacturing,C,63.91,I,
2004,Belgium,056,Original index,52,52,Original index,C,Total manufacturing,C,68.91,I,
2005,Belgium,056,Original index,52,52,Original index,C,Total manufacturing,C,71.41,I,
2006,Belgium,056,Original index,52,52,Original index,C,Total manufacturing,C,76.2,I,
2007,Belgium,056,Original index,52,52,Original index,C,Total manufacturing,C,82.66,I,
2008,Belgium,056,Original index,52,52,Original index,C,Total manufacturing,C,86.55,I,
2009,Belgium,056,Original index,52,52,Original index,C,Total manufacturing,C,75.03,I,
2010,Belgium,056,Original index,52,52,Original index,C,Total manufacturing,C,82.92,I,
2011,Belgium,056,Original index,52,52,Original index,C,Total manufacturing,C,87.84,I,
2012,Belgium,056,Original index,52,52,Original index,C,Total manufacturing,C,87.32,I,
2013,Belgium,056,Original index,52,52,Original index,C,Total manufacturing,C,86.68,I,
2014,Belgium,056,Original index,52,52,Original index,C,Total manufacturing,C,89.78,I,
2015,Belgium,056,Original index,52,52,Original index,C,Total manufacturing,C,89.26,I,
2016,Belgium,056,Original index,52,52,Original index,C,Total manufacturing,C,91.59,I,
2017,Belgium,056,Original index,52,52,Original index,C,Total manufacturing,C,94.31,I,
2018,Belgium,056,Original index,52,52,Original index,C,Total manufacturing,C,97.28,I,
2019,Belgium,056,Original index,52,52,Original index,C,Total manufacturing,C,101.94,I,
2020,Belgium,056,Original index,52,52,Original index,C,Total manufacturing,C,100.0,I,
2021,Belgium,056,Original index,52,52,Original index,C,Total manufacturing,C,129.37,I,
2022,Belgium,056,Original index,52,52,Original index,C,Total manufacturing,C,128.98,I,
2023,Belgium,056,Original index,52,52,Original index,C,Total manufacturing,C,121.22,I,
2024,Belgium,056,Original index,52,52,Original index,C,Total manufacturing,C,118.37,I,
2025,Belgium,056,Original index,52,52,Original index,C,Total manufacturing,C,118.24,I,
1990,Belize,084,Original index,52,52,Original index,C,Total manufacturing,C,64.72,I,
1991,Belize,084,Original index,52,52,Original index,C,Total manufacturing,C,67.28,I,
1992,Belize,084,Original index,52,52,Original index,C,Total manufacturing,C,74.85,I,
1993,Belize,084,Original index,52,52,Original index,C,Total manufacturing,C,76.86,I,
1994,Belize,084,Original index,52,52,Original index,C,Total manufacturing,C,74.69,I,
1995,Belize,084,Original index,52,52,Original index,C,Total manufacturing,C,71.93,I,
1996,Belize,084,Original index,52,52,Original index,C,Total manufacturing,C,72.7,I,
1997,Belize,084,Original index,52,52,Original index,C,Total manufacturing,C,77.4,I,
1998,Belize,084,Original index,52,52,Original index,C,Total manufacturing,C,73.93,I,
1999,Belize,084,Original index,52,52,Original index,C,Total manufacturing,C,77.15,I,
2000,Belize,084,Original index,52,52,Original index,C,Total manufacturing,C,95.34,I,
2001,Belize,084,Original index,52,52,Original index,C,Total manufacturing,C,93.41,I,
2002,Belize,084,Original index,52,52,Original index,C,Total manufacturing,C,93.91,I,
2003,Belize,084,Original index,52,52,Original index,C,Total manufacturing,C,92.66,I,
2004,Belize,084,Original index,52,52,Original index,C,Total manufacturing,C,106.64,I,
2005,Belize,084,Original index,52,52,Original index,C,Total manufacturing,C,109.19,I,
2006,Belize,084,Original index,52,52,Original index,C,Total manufacturing,C,102.96,I,
2007,Belize,084,Original index,52,52,Original index,C,Total manufacturing,C,98.06,I,
2008,Belize,084,Original index,52,52,Original index,C,Total manufacturing,C,98.62,I,
2009,Belize,084,Original index,52,52,Original index,C,Total manufacturing,C,97.7,I,
2010,Belize,084,Original index,52,52,Original index,C,Total manufacturing,C,95.38,I,
2011,Belize,084,Original index,52,52,Original index,C,Total manufacturing,C,96.43,I,
2012,Belize,084,Original index,52,52,Original index,C,Total manufacturing,C,108.35,I,
2013,Belize,084,Original index,52,52,Original index,C,Total manufacturing,C,103.41,I,
2014,Belize,084,Original index,52,52,Original index,C,Total manufacturing,C,103.87,I,
2015,Belize,084,Original index,52,52,Original index,C,Total manufacturing,C,106.53,I,
2016,Belize,084,Original index,52,52,Original index,C,Total manufacturing,C,107.09,I,
2017,Belize,084,Original index,52,52,Original index,C,Total manufacturing,C,105.98,I,
2018,Belize,084,Original index,52,52,Original index,C,Total manufacturing,C,108.16,I,
2019,Belize,084,Original index,52,52,Original index,C,Total manufacturing,C,109.3,I,
2020,Belize,084,Original index,52,52,Original index,C,Total manufacturing,C,100.0,I,
2021,Belize,084,Original index,52,52,Original index,C,Total manufacturing,C,114.64,I,
2022,Belize,084,Original index,52,52,Original index,C,Total manufacturing,C,126.7,I,
2023,Belize,084,Original index,52,52,Original index,C,Total manufacturing,C,124.84,I,
2024,Belize,084,Original index,52,52,Original index,C,Total manufacturing,C,126.21,I,
2025,Belize,084,Original index,52,52,Original index,C,Total manufacturing,C,122.45,I,
2015,Benin,204,Original index,52,52,Original index,C,Total manufacturing,C,54.55,I,
2016,Benin,204,Original index,52,52,Original index,C,Total manufacturing,C,50.94,I,
2017,Benin,204,Original index,52,52,Original index,C,Total manufacturing,C,76.18,I,
2018,Benin,204,Original index,52,52,Original index,C,Total manufacturing,C,74.22,I,
2019,Benin,204,Original index,52,52,Original index,C,Total manufacturing,C,99.29,I,
2020,Benin,204,Original index,52,52,Original index,C,Total manufacturing,C,100.0,I,
2021,Benin,204,Original index,52,52,Original index,C,Total manufacturing,C,105.88,I,
2022,Benin,204,Original index,52,52,Original index,C,Total manufacturing,C,107.98,I,
2023,Benin,204,Original index,52,52,Original index,C,Total manufacturing,C,112.31,I,
2024,Benin,204,Original index,52,52,Original index,C,Total manufacturing,C,118.64,I,
2025,Benin,204,Original index,52,52,Original index,C,Total manufacturing,C,125.02,I,
2010,Bermuda,060,Original index,52,52,Original index,C,Total manufacturing,C,237.0,I,
2011,Bermuda,060,Original index,52,52,Original index,C,Total manufacturing,C,216.65,I,
2012,Bermuda,060,Original index,52,52,Original index,C,Total manufacturing,C,180.42,I,
2013,Bermuda,060,Original index,52,52,Original index,C,Total manufacturing,C,121.14,I,
2014,Bermuda,060,Original index,52,52,Original index,C,Total manufacturing,C,120.8,I,
2015,Bermuda,060,Original index,52,52,Original index,C,Total manufacturing,C,116.64,I,
2016,Bermuda,060,Original index,52,52,Original index,C,Total manufacturing,C,119.43,I,
2017,Bermuda,060,Original index,52,52,Original index,C,Total manufacturing,C,127.08,I,
2018,Bermuda,060,Original index,52,52,Original index,C,Total manufacturing,C,123.94,I,
2019,Bermuda,060,Original index,52,52,Original index,C,Total manufacturing,C,123.9,I,
2020,Bermuda,060,Original index,52,52,Original index,C,Total manufacturing,C,100.0,I,
2021,Bermuda,060,Original index,52,52,Original index,C,Total manufacturing,C,93.73,I,
2022,Bermuda,060,Original index,52,52,Original index,C,Total manufacturing,C,94.61,I,
2023,Bermuda,060,Original index,52,52,Original index,C,Total manufacturing,C,110.96,I,
2024,Bermuda,060,Original index,52,52,Original index,C,Total manufacturing,C,100.16,I,
2000,Bhutan,064,Original index,52,52,Original index,C,Total manufacturing,C,36.8,I,
2001,Bhutan,064,Original index,52,52,Original index,C,Total manufacturing,C,41.39,I,
2002,Bhutan,064,Original index,52,52,Original index,C,Total manufacturing,C,42.17,I,
2003,Bhutan,064,Original index,52,52,Original index,C,Total manufacturing,C,44.72,I,
2004,Bhutan,064,Original index,52,52,Original index,C,Total manufacturing,C,46.71,I,
2005,Bhutan,064,Original index,52,52,Original index,C,Total manufacturing,C,50.34,I,
2006,Bhutan,064,Original index,52,52,Original index,C,Total manufacturing,C,56.12,I,
2007,Bhutan,064,Original index,52,52,Original index,C,Total manufacturing,C,70.17,I,
2008,Bhutan,064,Original index,52,52,Original index,C,Total manufacturing,C,76.14,I,
2009,Bhutan,064,Original index,52,52,Original index,C,Total manufacturing,C,81.38,I,
2010,Bhutan,064,Original index,52,52,Original index,C,Total manufacturing,C,97.8,I,
2011,Bhutan,064,Original index,52,52,Original index,C,Total manufacturing,C,104.94,I,
2012,Bhutan,064,Original index,52,52,Original index,C,Total manufacturing,C,112.06,I,
2013,Bhutan,064,Original index,52,52,Original index,C,Total manufacturing,C,106.17,I,
2014,Bhutan,064,Original index,52,52,Original index,C,Total manufacturing,C,115.91,I,
2015,Bhutan,064,Original index,52,52,Original index,C,Total manufacturing,C,121.02,I,
2016,Bhutan,064,Original index,52,52,Original index,C,Total manufacturing,C,123.96,I,
2017,Bhutan,064,Original index,52,52,Original index,C,Total manufacturing,C,131.96,I,
2018,Bhutan,064,Original index,52,52,Original index,C,Total manufacturing,C,135.52,I,
2019,Bhutan,064,Original index,52,52,Original index,C,Total manufacturing,C,132.13,I,
2020,Bhutan,064,Original index,52,52,Original index,C,Total manufacturing,C,100.0,I,
2021,Bhutan,064,Original index,52,52,Original index,C,Total manufacturing,C,104.19,I,
2022,Bhutan,064,Original index,52,52,Original index,C,Total manufacturing,C,111.2,I,
2023,Bhutan,064,Original index,52,52,Original index,C,Total manufacturing,C,111.09,I,
2024,Bhutan,064,Original index,52,52,Original index,C,Total manufacturing,C,113.94,I,
1990,Bolivia (Plurinational State of),068,Original index,52,52,Original index,C,Total manufacturing,C,38.35,I,
1991,Bolivia (Plurinational State of),068,Original index,52,52,Original index,C,Total manufacturing,C,40.2,I,
1992,Bolivia (Plurinational State of),068,Original index,52,52,Original index,C,Total manufacturing,C,40.23,I,
1993,Bolivia (Plurinational State of),068,Original index,52,52,Original index,C,Total manufacturing,C,41.87,I,
1994,Bolivia (Plurinational State of),068,Original index,52,52,Original index,C,Total manufacturing,C,44.14,I,
1995,Bolivia (Plurinational State of),068,Original index,52,52,Original index,C,Total manufacturing,C,47.14,I,
1996,Bolivia (Plurinational State of),068,Original index,52,52,Original index,C,Total manufacturing,C,49.43,I,
1997,Bolivia (Plurinational State of),068,Original index,52,52,Original index,C,Total manufacturing,C,50.43,I,
1998,Bolivia (Plurinational State of),068,Original index,52,52,Original index,C,Total manufacturing,C,51.68,I,
1999,Bolivia (Plurinational State of),068,Original index,52,52,Original index,C,Total manufacturing,C,53.2,I,
2000,Bolivia (Plurinational State of),068,Original index,52,52,Original index,C,Total manufacturing,C,54.15,I,
2001,Bolivia (Plurinational State of),068,Original index,52,52,Original index,C,Total manufacturing,C,55.6,I,
2002,Bolivia (Plurinational State of),068,Original index,52,52,Original index,C,Total manufacturing,C,55.74,I,
2003,Bolivia (Plurinational State of),068,Original index,52,52,Original index,C,Total manufacturing,C,57.87,I,
2004,Bolivia (Plurinational State of),068,Original index,52,52,Original index,C,Total manufacturing,C,61.09,I,
2005,Bolivia (Plurinational State of),068,Original index,52,52,Original index,C,Total manufacturing,C,62.93,I,
2006,Bolivia (Plurinational State of),068,Original index,52,52,Original index,C,Total manufacturing,C,68.02,I,
2007,Bolivia (Plurinational State of),068,Original index,52,52,Original index,C,Total manufacturing,C,72.17,I,
2008,Bolivia (Plurinational State of),068,Original index,52,52,Original index,C,Total manufacturing,C,74.81,I,
2009,Bolivia (Plurinational State of),068,Original index,52,52,Original index,C,Total manufacturing,C,78.41,I,
2010,Bolivia (Plurinational State of),068,Original index,52,52,Original index,C,Total manufacturing,C,80.44,I,
2011,Bolivia (Plurinational State of),068,Original index,52,52,Original index,C,Total manufacturing,C,83.39,I,
2012,Bolivia (Plurinational State of),068,Original index,52,52,Original index,C,Total manufacturing,C,87.35,I,
2013,Bolivia (Plurinational State of),068,Original index,52,52,Original index,C,Total manufacturing,C,92.66,I,
2014,Bolivia (Plurinational State of),068,Original index,52,52,Original index,C,Total manufacturing,C,96.4,I,
2015,Bolivia (Plurinational State of),068,Original index,52,52,Original index,C,Total manufacturing,C,100.81,I,
2016,Bolivia (Plurinational State of),068,Original index,52,52,Original index,C,Total manufacturing,C,107.05,I,
2017,Bolivia (Plurinational State of),068,Original index,52,52,Original index,C,Total manufacturing,C,110.57,I,
2018,Bolivia (Plurinational State of),068,Original index,52,52,Original index,C,Total manufacturing,C,113.91,I,
2019,Bolivia (Plurinational State of),068,Original index,52,52,Original index,C,Total manufacturing,C,116.76,I,
2020,Bolivia (Plurinational State of),068,Original index,52,52,Original index,C,Total manufacturing,C,100.0,I,
2021,Bolivia (Plurinational State of),068,Original index,52,52,Original index,C,Total manufacturing,C,111.97,I,
2022,Bolivia (Plurinational State of),068,Original index,52,52,Original index,C,Total manufacturing,C,117.61,I,
2023,Bolivia (Plurinational State of),068,Original index,52,52,Original index,C,Total manufacturing,C,122.39,I,
2024,Bolivia (Plurinational State of),068,Original index,52,52,Original index,C,Total manufacturing,C,123.77,I,
2025,Bolivia (Plurinational State of),068,Original index,52,52,Original index,C,Total manufacturing,C,124.68,I,
2005,Bosnia and Herzegovina,070,Original index,52,52,Original index,C,Total manufacturing,C,67.76,I,
2006,Bosnia and Herzegovina,070,Original index,52,52,Original index,C,Total manufacturing,C,79.55,I,
2007,Bosnia and Herzegovina,070,Original index,52,52,Original index,C,Total manufacturing,C,87.7,I,
2008,Bosnia and Herzegovina,070,Original index,52,52,Original index,C,Total manufacturing,C,96.76,I,
2009,Bosnia and Herzegovina,070,Original index,52,52,Original index,C,Total manufacturing,C,87.82,I,
2010,Bosnia and Herzegovina,070,Original index,52,52,Original index,C,Total manufacturing,C,93.22,I,
2011,Bosnia and Herzegovina,070,Original index,52,52,Original index,C,Total manufacturing,C,94.74,I,
2012,Bosnia and Herzegovina,070,Original index,52,52,Original index,C,Total manufacturing,C,91.84,I,
2013,Bosnia and Herzegovina,070,Original index,52,52,Original index,C,Total manufacturing,C,97.16,I,
2014,Bosnia and Herzegovina,070,Original index,52,52,Original index,C,Total manufacturing,C,100.97,I,
2015,Bosnia and Herzegovina,070,Original index,52,52,Original index,C,Total manufacturing,C,105.83,I,
2016,Bosnia and Herzegovina,070,Original index,52,52,Original index,C,Total manufacturing,C,109.02,I,
2017,Bosnia and Herzegovina,070,Original index,52,52,Original index,C,Total manufacturing,C,114.82,I,
2018,Bosnia and Herzegovina,070,Original index,52,52,Original index,C,Total manufacturing,C,113.55,I,
2019,Bosnia and Herzegovina,070,Original index,52,52,Original index,C,Total manufacturing,C,108.32,I,
2020,Bosnia and Herzegovina,070,Original index,52,52,Original index,C,Total manufacturing,C,100.0,I,
2021,Bosnia and Herzegovina,070,Original index,52,52,Original index,C,Total manufacturing,C,112.27,I,
2022,Bosnia and Herzegovina,070,Original index,52,52,Original index,C,Total manufacturing,C,116.64,I,
2023,Bosnia and Herzegovina,070,Original index,52,52,Original index,C,Total manufacturing,C,110.63,I,
2024,Bosnia and Herzegovina,070,Original index,52,52,Original index,C,Total manufacturing,C,105.89,I,
2025,Bosnia and Herzegovina,070,Original index,52,52,Original index,C,Total manufacturing,C,103.89,I,
2004,Botswana,072,Original index,52,52,Original index,C,Total manufacturing,C,47.96,I,
2005,Botswana,072,Original index,52,52,Original index,C,Total manufacturing,C,48.85,I,
2006,Botswana,072,Original index,52,52,Original index,C,Total manufacturing,C,73.63,I,
2007,Botswana,072,Original index,52,52,Original index,C,Total manufacturing,C,92.55,I,
2008,Botswana,072,Original index,52,52,Original index,C,Total manufacturing,C,90.17,I,
2009,Botswana,072,Original index,52,52,Original index,C,Total manufacturing,C,94.69,I,
2010,Botswana,072,Original index,52,52,Original index,C,Total manufacturing,C,98.39,I,
2011,Botswana,072,Original index,52,52,Original index,C,Total manufacturing,C,109.56,I,
2012,Botswana,072,Original index,52,52,Original index,C,Total manufacturing,C,113.62,I,
2013,Botswana,072,Original index,52,52,Original index,C,Total manufacturing,C,121.04,I,
2014,Botswana,072,Original index,52,52,Original index,C,Total manufacturing,C,131.13,I,
2015,Botswana,072,Original index,52,52,Original index,C,Total manufacturing,C,110.78,I,
2016,Botswana,072,Original index,52,52,Original index,C,Total manufacturing,C,116.27,I,
2017,Botswana,072,Original index,52,52,Original index,C,Total manufacturing,C,113.76,I,
2018,Botswana,072,Original index,52,52,Original index,C,Total manufacturing,C,112.43,I,
2019,Botswana,072,Original index,52,52,Original index,C,Total manufacturing,C,117.51,I,
2020,Botswana,072,Original index,52,52,Original index,C,Total manufacturing,C,100.0,I,
2021,Botswana,072,Original index,52,52,Original index,C,Total manufacturing,C,108.07,I,
2022,Botswana,072,Original index,52,52,Original index,C,Total manufacturing,C,116.94,I,
2023,Botswana,072,Original index,52,52,Original index,C,Total manufacturing,C,119.14,I,
2024,Botswana,072,Original index,52,52,Original index,C,Total manufacturing,C,116.15,I,
2025,Botswana,072,Original index,52,52,Original index,C,Total manufacturing,C,118.41,I,
1991,Brazil,076,Original index,52,52,Original index,C,Total manufacturing,C,79.39,I,
1992,Brazil,076,Original index,52,52,Original index,C,Total manufacturing,C,76.18,I,
1993,Brazil,076,Original index,52,52,Original index,C,Total manufacturing,C,82.31,I,
1994,Brazil,076,Original index,52,52,Original index,C,Total manufacturing,C,88.73,I,
1995,Brazil,076,Original index,52,52,Original index,C,Total manufacturing,C,90.29,I,
1996,Brazil,076,Original index,52,52,Original index,C,Total manufacturing,C,91.26,I,
1997,Brazil,076,Original index,52,52,Original index,C,Total manufacturing,C,94.57,I,
1998,Brazil,076,Original index,52,52,Original index,C,Total manufacturing,C,91.46,I,
1999,Brazil,076,Original index,52,52,Original index,C,Total manufacturing,C,90.0,I,
2000,Brazil,076,Original index,52,52,Original index,C,Total manufacturing,C,95.54,I,
2001,Brazil,076,Original index,52,52,Original index,C,Total manufacturing,C,96.81,I,
2002,Brazil,076,Original index,52,52,Original index,C,Total manufacturing,C,97.29,I,
2003,Brazil,076,Original index,52,52,Original index,C,Total manufacturing,C,97.38,I,
2004,Brazil,076,Original index,52,52,Original index,C,Total manufacturing,C,105.74,I,
2005,Brazil,076,Original index,52,52,Original index,C,Total manufacturing,C,108.28,I,
2006,Brazil,076,Original index,52,52,Original index,C,Total manufacturing,C,110.88,I,
2007,Brazil,076,Original index,52,52,Original index,C,Total manufacturing,C,117.48,I,
2008,Brazil,076,Original index,52,52,Original index,C,Total manufacturing,C,121.05,I,
2009,Brazil,076,Original index,52,52,Original index,C,Total manufacturing,C,112.54,I,
2010,Brazil,076,Original index,52,52,Original index,C,Total manufacturing,C,123.83,I,
2011,Brazil,076,Original index,52,52,Original index,C,Total manufacturing,C,124.2,I,
2012,Brazil,076,Original index,52,52,Original index,C,Total manufacturing,C,121.21,I,
2013,Brazil,076,Original index,52,52,Original index,C,Total manufacturing,C,124.6,I,
2014,Brazil,076,Original index,52,52,Original index,C,Total manufacturing,C,119.41,I,
2015,Brazil,076,Original index,52,52,Original index,C,Total manufacturing,C,107.65,I,
2016,Brazil,076,Original index,52,52,Original index,C,Total manufacturing,C,101.22,I,
2017,Brazil,076,Original index,52,52,Original index,C,Total manufacturing,C,103.48,I,
2018,Brazil,076,Original index,52,52,Original index,C,Total manufacturing,C,104.62,I,
2019,Brazil,076,Original index,52,52,Original index,C,Total manufacturing,C,104.82,I,
2020,Brazil,076,Original index,52,52,Original index,C,Total manufacturing,C,100.0,I,
2021,Brazil,076,Original index,52,52,Original index,C,Total manufacturing,C,104.32,I,
2022,Brazil,076,Original index,52,52,Original index,C,Total manufacturing,C,103.94,I,
2023,Brazil,076,Original index,52,52,Original index,C,Total manufacturing,C,102.8,I,
2024,Brazil,076,Original index,52,52,Original index,C,Total manufacturing,C,106.59,I,
2025,Brazil,076,Original index,52,52,Original index,C,Total manufacturing,C,106.36,I,
2010,Brunei Darussalam,096,Original index,52,52,Original index,C,Total manufacturing,C,72.17,I,
2011,Brunei Darussalam,096,Original index,52,52,Original index,C,Total manufacturing,C,76.85,I,
2012,Brunei Darussalam,096,Original index,52,52,Original index,C,Total manufacturing,C,75.33,I,
2013,Brunei Darussalam,096,Original index,52,52,Original index,C,Total manufacturing,C,74.2,I,
2014,Brunei Darussalam,096,Original index,52,52,Original index,C,Total manufacturing,C,69.17,I,
2015,Brunei Darussalam,096,Original index,52,52,Original index,C,Total manufacturing,C,70.83,I,
2016,Brunei Darussalam,096,Original index,52,52,Original index,C,Total manufacturing,C,70.32,I,
2017,Brunei Darussalam,096,Original index,52,52,Original index,C,Total manufacturing,C,76.68,I,
2018,Brunei Darussalam,096,Original index,52,52,Original index,C,Total manufacturing,C,76.23,I,
2019,Brunei Darussalam,096,Original index,52,52,Original index,C,Total manufacturing,C,80.71,I,
2020,Brunei Darussalam,096,Original index,52,52,Original index,C,Total manufacturing,C,100.0,I,
2021,Brunei Darussalam,096,Original index,52,52,Original index,C,Total manufacturing,C,93.28,I,
2022,Brunei Darussalam,096,Original index,52,52,Original index,C,Total manufacturing,C,90.55,I,
2023,Brunei Darussalam,096,Original index,52,52,Original index,C,Total manufacturing,C,87.49,I,
2024,Brunei Darussalam,096,Original index,52,52,Original index,C,Total manufacturing,C,92.98,I,
2025,Brunei Darussalam,096,Original index,52,52,Original index,C,Total manufacturing,C,92.48,I,
1995,Bulgaria,100,Original index,52,52,Original index,C,Total manufacturing,C,69.16,I,
1996,Bulgaria,100,Original index,52,52,Original index,C,Total manufacturing,C,72.48,I,
1997,Bulgaria,100,Original index,52,52,Original index,C,Total manufacturing,C,58.23,I,
1998,Bulgaria,100,Original index,52,52,Original index,C,Total manufacturing,C,51.73,I,
1999,Bulgaria,100,Original index,52,52,Original index,C,Total manufacturing,C,48.2,I,
2000,Bulgaria,100,Original index,52,52,Original index,C,Total manufacturing,C,51.66,I,
2001,Bulgaria,100,Original index,52,52,Original index,C,Total manufacturing,C,52.69,I,
2002,Bulgaria,100,Original index,52,52,Original index,C,Total manufacturing,C,56.97,I,
2003,Bulgaria,100,Original index,52,52,Original index,C,Total manufacturing,C,67.02,I,
2004,Bulgaria,100,Original index,52,52,Original index,C,Total manufacturing,C,78.1,I,
2005,Bulgaria,100,Original index,52,52,Original index,C,Total manufacturing,C,84.15,I,
2006,Bulgaria,100,Original index,52,52,Original index,C,Total manufacturing,C,91.42,I,
2007,Bulgaria,100,Original index,52,52,Original index,C,Total manufacturing,C,100.11,I,
2008,Bulgaria,100,Original index,52,52,Original index,C,Total manufacturing,C,100.87,I,
2009,Bulgaria,100,Original index,52,52,Original index,C,Total manufacturing,C,78.28,I,
2010,Bulgaria,100,Original index,52,52,Original index,C,Total manufacturing,C,81.32,I,
2011,Bulgaria,100,Original index,52,52,Original index,C,Total manufacturing,C,85.56,I,
2012,Bulgaria,100,Original index,52,52,Original index,C,Total manufacturing,C,85.56,I,
2013,Bulgaria,100,Original index,52,52,Original index,C,Total manufacturing,C,85.99,I,
2014,Bulgaria,100,Original index,52,52,Original index,C,Total manufacturing,C,89.25,I,
2015,Bulgaria,100,Original index,52,52,Original index,C,Total manufacturing,C,93.05,I,
2016,Bulgaria,100,Original index,52,52,Original index,C,Total manufacturing,C,96.85,I,
2017,Bulgaria,100,Original index,52,52,Original index,C,Total manufacturing,C,102.06,I,
2018,Bulgaria,100,Original index,52,52,Original index,C,Total manufacturing,C,104.45,I,
2019,Bulgaria,100,Original index,52,52,Original index,C,Total manufacturing,C,106.3,I,
2020,Bulgaria,100,Original index,52,52,Original index,C,Total manufacturing,C,100.0,I,
2021,Bulgaria,100,Original index,52,52,Original index,C,Total manufacturing,C,108.58,I,
2022,Bulgaria,100,Original index,52,52,Original index,C,Total manufacturing,C,122.48,I,
2023,Bulgaria,100,Original index,52,52,Original index,C,Total manufacturing,C,117.48,I,
2024,Bulgaria,100,Original index,52,52,Original index,C,Total manufacturing,C,114.66,I,
2025,Bulgaria,100,Original index,52,52,Original index,C,Total manufacturing,C,109.66,I,
2010,Burkina Faso,854,Original index,52,52,Original index,C,Total manufacturing,C,89.58,I,
2011,Burkina Faso,854,Original index,52,52,Original index,C,Total manufacturing,C,79.13,I,
2012,Burkina Faso,854,Original index,52,52,Original index,C,Total manufacturing,C,82.04,I,
2013,Burkina Faso,854,Original index,52,52,Original index,C,Total manufacturing,C,85.3,I,
2014,Burkina Faso,854,Original index,52,52,Original index,C,Total manufacturing,C,84.15,I,
2015,Burkina Faso,854,Original index,52,52,Original index,C,Total manufacturing,C,83.39,I,
2016,Burkina Faso,854,Original index,52,52,Original index,C,Total manufacturing,C,91.45,I,
2017,Burkina Faso,854,Original index,52,52,Original index,C,Total manufacturing,C,90.62,I,
2018,Burkina Faso,854,Original index,52,52,Original index,C,Total manufacturing,C,90.56,I,
2019,Burkina Faso,854,Original index,52,52,Original index,C,Total manufacturing,C,101.38,I,
2020,Burkina Faso,854,Original index,52,52,Original index,C,Total manufacturing,C,100.0,I,
2021,Burkina Faso,854,Original index,52,52,Original index,C,Total manufacturing,C,100.96,I,
2022,Burkina Faso,854,Original index,52,52,Original index,C,Total manufacturing,C,110.84,I,
2023,Burkina Faso,854,Original index,52,52,Original index,C,Total manufacturing,C,136.65,I,
2024,Burkina Faso,854,Original index,52,52,Original index,C,Total manufacturing,C,164.67,I,
2010,Burundi,108,Original index,52,52,Original index,C,Total manufacturing,C,86.28,I,
2011,Burundi,108,Original index,52,52,Original index,C,Total manufacturing,C,92.7,I,
2012,Burundi,108,Original index,52,52,Original index,C,Total manufacturing,C,99.18,I,
2013,Burundi,108,Original index,52,52,Original index,C,Total manufacturing,C,98.03,I,
2014,Burundi,108,Original index,52,52,Original index,C,Total manufacturing,C,97.53,I,
2015,Burundi,108,Original index,52,52,Original index,C,Total manufacturing,C,92.55,I,
2016,Burundi,108,Original index,52,52,Original index,C,Total manufacturing,C,92.32,I,
2017,Burundi,108,Original index,52,52,Original index,C,Total manufacturing,C,93.63,I,
2018,Burundi,108,Original index,52,52,Original index,C,Total manufacturing,C,93.15,I,
2019,Burundi,108,Original index,52,52,Original index,C,Total manufacturing,C,95.21,I,
2020,Burundi,108,Original index,52,52,Original index,C,Total manufacturing,C,100.0,I,
2021,Burundi,108,Original index,52,52,Original index,C,Total manufacturing,C,102.63,I,
2022,Burundi,108,Original index,52,52,Original index,C,Total manufacturing,C,107.61,I,
2023,Burundi,108,Original index,52,52,Original index,C,Total manufacturing,C,108.17,I,
2024,Burundi,108,Original index,52,52,Original index,C,Total manufacturing,C,92.82,I,
2007,Cabo Verde,132,Original index,52,52,Original index,C,Total manufacturing,C,81.19,I,
2008,Cabo Verde,132,Original index,52,52,Original index,C,Total manufacturing,C,90.81,I,
2009,Cabo Verde,132,Original index,52,52,Original index,C,Total manufacturing,C,90.12,I,
2010,Cabo Verde,132,Original index,52,52,Original index,C,Total manufacturing,C,98.85,I,
2011,Cabo Verde,132,Original index,52,52,Original index,C,Total manufacturing,C,103.06,I,
2012,Cabo Verde,132,Original index,52,52,Original index,C,Total manufacturing,C,100.64,I,
2013,Cabo Verde,132,Original index,52,52,Original index,C,Total manufacturing,C,105.07,I,
2014,Cabo Verde,132,Original index,52,52,Original index,C,Total manufacturing,C,107.11,I,
2015,Cabo Verde,132,Original index,52,52,Original index,C,Total manufacturing,C,103.99,I,
2016,Cabo Verde,132,Original index,52,52,Original index,C,Total manufacturing,C,111.86,I,
2017,Cabo Verde,132,Original index,52,52,Original index,C,Total manufacturing,C,113.66,I,
2018,Cabo Verde,132,Original index,52,52,Original index,C,Total manufacturing,C,121.2,I,
2019,Cabo Verde,132,Original index,52,52,Original index,C,Total manufacturing,C,124.48,I,
2020,Cabo Verde,132,Original index,52,52,Original index,C,Total manufacturing,C,100.0,I,
2021,Cabo Verde,132,Original index,52,52,Original index,C,Total manufacturing,C,114.28,I,
2022,Cabo Verde,132,Original index,52,52,Original index,C,Total manufacturing,C,116.95,I,
2023,Cabo Verde,132,Original index,52,52,Original index,C,Total manufacturing,C,128.98,I,
2024,Cabo Verde,132,Original index,52,52,Original index,C,Total manufacturing,C,138.95,I,
2025,Cabo Verde,132,Original index,52,52,Original index,C,Total manufacturing,C,147.58,I,
2000,Cambodia,116,Original index,52,52,Original index,C,Total manufacturing,C,14.79,I,
2001,Cambodia,116,Original index,52,52,Original index,C,Total manufacturing,C,16.86,I,
2002,Cambodia,116,Original index,52,52,Original index,C,Total manufacturing,C,19.08,I,
2003,Cambodia,116,Original index,52,52,Original index,C,Total manufacturing,C,21.38,I,
2004,Cambodia,116,Original index,52,52,Original index,C,Total manufacturing,C,24.9,I,
2005,Cambodia,116,Original index,52,52,Original index,C,Total manufacturing,C,27.2,I,
2006,Cambodia,116,Original index,52,52,Original index,C,Total manufacturing,C,31.47,I,
2007,Cambodia,116,Original index,52,52,Original index,C,Total manufacturing,C,34.56,I,
2008,Cambodia,116,Original index,52,52,Original index,C,Total manufacturing,C,36.47,I,
2009,Cambodia,116,Original index,52,52,Original index,C,Total manufacturing,C,36.1,I,
2010,Cambodia,116,Original index,52,52,Original index,C,Total manufacturing,C,41.62,I,
2011,Cambodia,116,Original index,52,52,Original index,C,Total manufacturing,C,47.99,I,
2012,Cambodia,116,Original index,52,52,Original index,C,Total manufacturing,C,52.07,I,
2013,Cambodia,116,Original index,52,52,Original index,C,Total manufacturing,C,57.67,I,
2014,Cambodia,116,Original index,52,52,Original index,C,Total manufacturing,C,62.41,I,
2015,Cambodia,116,Original index,52,52,Original index,C,Total manufacturing,C,68.53,I,
2016,Cambodia,116,Original index,52,52,Original index,C,Total manufacturing,C,74.44,I,
2017,Cambodia,116,Original index,52,52,Original index,C,Total manufacturing,C,82.23,I,
2018,Cambodia,116,Original index,52,52,Original index,C,Total manufacturing,C,92.52,I,
2019,Cambodia,116,Original index,52,52,Original index,C,Total manufacturing,C,102.42,I,
2020,Cambodia,116,Original index,52,52,Original index,C,Total manufacturing,C,100.0,I,
2021,Cambodia,116,Original index,52,52,Original index,C,Total manufacturing,C,114.16,I,
2022,Cambodia,116,Original index,52,52,Original index,C,Total manufacturing,C,125.78,I,
1999,Cameroon,120,Original index,52,52,Original index,C,Total manufacturing,C,81.92,I,
2000,Cameroon,120,Original index,52,52,Original index,C,Total manufacturing,C,76.33,I,
2001,Cameroon,120,Original index,52,52,Original index,C,Total manufacturing,C,82.61,I,
2002,Cameroon,120,Original index,52,52,Original index,C,Total manufacturing,C,79.81,I,
2003,Cameroon,120,Original index,52,52,Original index,C,Total manufacturing,C,81.52,I,
2004,Cameroon,120,Original index,52,52,Original index,C,Total manufacturing,C,85.07,I,
2005,Cameroon,120,Original index,52,52,Original index,C,Total manufacturing,C,86.18,I,
2006,Cameroon,120,Original index,52,52,Original index,C,Total manufacturing,C,88.89,I,
2007,Cameroon,120,Original index,52,52,Original index,C,Total manufacturing,C,89.93,I,
2008,Cameroon,120,Original index,52,52,Original index,C,Total manufacturing,C,92.57,I,
2009,Cameroon,120,Original index,52,52,Original index,C,Total manufacturing,C,88.72,I,
2010,Cameroon,120,Original index,52,52,Original index,C,Total manufacturing,C,87.34,I,
2011,Cameroon,120,Original index,52,52,Original index,C,Total manufacturing,C,89.2,I,
2012,Cameroon,120,Original index,52,52,Original index,C,Total manufacturing,C,91.48,I,
2013,Cameroon,120,Original index,52,52,Original index,C,Total manufacturing,C,103.07,I,
2014,Cameroon,120,Original index,52,52,Original index,C,Total manufacturing,C,110.8,I,
2015,Cameroon,120,Original index,52,52,Original index,C,Total manufacturing,C,105.95,I,
2016,Cameroon,120,Original index,52,52,Original index,C,Total manufacturing,C,97.71,I,
2017,Cameroon,120,Original index,52,52,Original index,C,Total manufacturing,C,98.12,I,
2018,Cameroon,120,Original index,52,52,Original index,C,Total manufacturing,C,99.36,I,
2019,Cameroon,120,Original index,52,52,Original index,C,Total manufacturing,C,96.88,I,
2020,Cameroon,120,Original index,52,52,Original index,C,Total manufacturing,C,100.0,I,
2021,Cameroon,120,Original index,52,52,Original index,C,Total manufacturing,C,118.87,I,
2022,Cameroon,120,Original index,52,52,Original index,C,Total manufacturing,C,113.98,I,
2023,Cameroon,120,Original index,52,52,Original index,C,Total manufacturing,C,112.11,I,
2024,Cameroon,120,Original index,52,52,Original index,C,Total manufacturing,C,111.57,I,
2025,Cameroon,120,Original index,52,52,Original index,C,Total manufacturing,C,111.57,I,
1981,Canada,124,Original index,52,52,Original index,C,Total manufacturing,C,66.15,I,
1982,Canada,124,Original index,52,52,Original index,C,Total manufacturing,C,59.05,I,
1983,Canada,124,Original index,52,52,Original index,C,Total manufacturing,C,62.21,I,
1984,Canada,124,Original index,52,52,Original index,C,Total manufacturing,C,70.31,I,
1985,Canada,124,Original index,52,52,Original index,C,Total manufacturing,C,73.77,I,
1986,Canada,124,Original index,52,52,Original index,C,Total manufacturing,C,74.65,I,
1987,Canada,124,Original index,52,52,Original index,C,Total manufacturing,C,78.04,I,
1988,Canada,124,Original index,52,52,Original index,C,Total manufacturing,C,83.08,I,
1989,Canada,124,Original index,52,52,Original index,C,Total manufacturing,C,84.4,I,
1990,Canada,124,Original index,52,52,Original index,C,Total manufacturing,C,81.28,I,
1991,Canada,124,Original index,52,52,Original index,C,Total manufacturing,C,75.35,I,
1992,Canada,124,Original index,52,52,Original index,C,Total manufacturing,C,76.21,I,
1993,Canada,124,Original index,52,52,Original index,C,Total manufacturing,C,80.1,I,
1994,Canada,124,Original index,52,52,Original index,C,Total manufacturing,C,85.97,I,
1995,Canada,124,Original index,52,52,Original index,C,Total manufacturing,C,90.19,I,
1996,Canada,124,Original index,52,52,Original index,C,Total manufacturing,C,91.14,I,
1997,Canada,124,Original index,52,52,Original index,C,Total manufacturing,C,97.18,I,
1998,Canada,124,Original index,52,52,Original index,C,Total manufacturing,C,101.9,I,
1999,Canada,124,Original index,52,52,Original index,C,Total manufacturing,C,109.81,I,
2000,Canada,124,Original index,52,52,Original index,C,Total manufacturing,C,121.72,I,
2001,Canada,124,Original index,52,52,Original index,C,Total manufacturing,C,115.96,I,
2002,Canada,124,Original index,52,52,Original index,C,Total manufacturing,C,116.95,I,
2003,Canada,124,Original index,52,52,Original index,C,Total manufacturing,C,115.72,I,
2004,Canada,124,Original index,52,52,Original index,C,Total manufacturing,C,118.13,I,
2005,Canada,124,Original index,52,52,Original index,C,Total manufacturing,C,120.09,I,
2006,Canada,124,Original index,52,52,Original index,C,Total manufacturing,C,117.95,I,
2007,Canada,124,Original index,52,52,Original index,C,Total manufacturing,C,114.21,I,
2008,Canada,124,Original index,52,52,Original index,C,Total manufacturing,C,107.87,I,
2009,Canada,124,Original index,52,52,Original index,C,Total manufacturing,C,92.75,I,
2010,Canada,124,Original index,52,52,Original index,C,Total manufacturing,C,96.98,I,
2011,Canada,124,Original index,52,52,Original index,C,Total manufacturing,C,100.34,I,
2012,Canada,124,Original index,52,52,Original index,C,Total manufacturing,C,101.85,I,
2013,Canada,124,Original index,52,52,Original index,C,Total manufacturing,C,101.42,I,
2014,Canada,124,Original index,52,52,Original index,C,Total manufacturing,C,104.43,I,
2015,Canada,124,Original index,52,52,Original index,C,Total manufacturing,C,105.03,I,
2016,Canada,124,Original index,52,52,Original index,C,Total manufacturing,C,104.76,I,
2017,Canada,124,Original index,52,52,Original index,C,Total manufacturing,C,106.81,I,
2018,Canada,124,Original index,52,52,Original index,C,Total manufacturing,C,109.93,I,
2019,Canada,124,Original index,52,52,Original index,C,Total manufacturing,C,109.62,I,
2020,Canada,124,Original index,52,52,Original index,C,Total manufacturing,C,100.0,I,
2021,Canada,124,Original index,52,52,Original index,C,Total manufacturing,C,106.15,I,
2022,Canada,124,Original index,52,52,Original index,C,Total manufacturing,C,108.24,I,
2023,Canada,124,Original index,52,52,Original index,C,Total manufacturing,C,108.31,I,
2024,Canada,124,Original index,52,52,Original index,C,Total manufacturing,C,105.26,I,
2025,Canada,124,Original index,52,52,Original index,C,Total manufacturing,C,102.98,I,
2006,Cayman Islands,136,Original index,52,52,Original index,C,Total manufacturing,C,80.03,I,
2007,Cayman Islands,136,Original index,52,52,Original index,C,Total manufacturing,C,84.2,I,
2008,Cayman Islands,136,Original index,52,52,Original index,C,Total manufacturing,C,93.02,I,
2009,Cayman Islands,136,Original index,52,52,Original index,C,Total manufacturing,C,85.47,I,
2010,Cayman Islands,136,Original index,52,52,Original index,C,Total manufacturing,C,77.79,I,
2011,Cayman Islands,136,Original index,52,52,Original index,C,Total manufacturing,C,77.23,I,
2012,Cayman Islands,136,Original index,52,52,Original index,C,Total manufacturing,C,80.28,I,
2013,Cayman Islands,136,Original index,52,52,Original index,C,Total manufacturing,C,82.3,I,
2014,Cayman Islands,136,Original index,52,52,Original index,C,Total manufacturing,C,84.02,I,
2015,Cayman Islands,136,Original index,52,52,Original index,C,Total manufacturing,C,85.74,I,
2016,Cayman Islands,136,Original index,52,52,Original index,C,Total manufacturing,C,92.66,I,
2017,Cayman Islands,136,Original index,52,52,Original index,C,Total manufacturing,C,94.96,I,
2018,Cayman Islands,136,Original index,52,52,Original index,C,Total manufacturing,C,102.12,I,
2019,Cayman Islands,136,Original index,52,52,Original index,C,Total manufacturing,C,107.23,I,
2020,Cayman Islands,136,Original index,52,52,Original index,C,Total manufacturing,C,100.0,I,
2021,Cayman Islands,136,Original index,52,52,Original index,C,Total manufacturing,C,110.39,I,
2022,Cayman Islands,136,Original index,52,52,Original index,C,Total manufacturing,C,107.05,I,
2023,Cayman Islands,136,Original index,52,52,Original index,C,Total manufacturing,C,104.93,I,
2012,Chad,148,Original index,52,52,Original index,C,Total manufacturing,C,103.62,I,
2013,Chad,148,Original index,52,52,Original index,C,Total manufacturing,C,117.04,I,
2014,Chad,148,Original index,52,52,Original index,C,Total manufacturing,C,103.12,I,
2015,Chad,148,Original index,52,52,Original index,C,Total manufacturing,C,114.0,I,
2016,Chad,148,Original index,52,52,Original index,C,Total manufacturing,C,103.46,I,
2017,Chad,148,Original index,52,52,Original index,C,Total manufacturing,C,101.47,I,
2018,Chad,148,Original index,52,52,Original index,C,Total manufacturing,C,100.03,I,
2019,Chad,148,Original index,52,52,Original index,C,Total manufacturing,C,88.86,I,
2020,Chad,148,Original index,52,52,Original index,C,Total manufacturing,C,100.0,I,
2021,Chad,148,Original index,52,52,Original index,C,Total manufacturing,C,101.98,I,
2022,Chad,148,Original index,52,52,Original index,C,Total manufacturing,C,99.97,I,
2023,Chad,148,Original index,52,52,Original index,C,Total manufacturing,C,85.42,I,
2024,Chad,148,Original index,52,52,Original index,C,Total manufacturing,C,83.48,I,
1981,Chile,152,Original index,52,52,Original index,C,Total manufacturing,C,37.32,I,
1982,Chile,152,Original index,52,52,Original index,C,Total manufacturing,C,31.31,I,
1983,Chile,152,Original index,52,52,Original index,C,Total manufacturing,C,32.84,I,
1984,Chile,152,Original index,52,52,Original index,C,Total manufacturing,C,36.11,I,
1985,Chile,152,Original index,52,52,Original index,C,Total manufacturing,C,36.18,I,
1986,Chile,152,Original index,52,52,Original index,C,Total manufacturing,C,39.13,I,
1987,Chile,152,Original index,52,52,Original index,C,Total manufacturing,C,40.76,I,
1988,Chile,152,Original index,52,52,Original index,C,Total manufacturing,C,43.93,I,
1989,Chile,152,Original index,52,52,Original index,C,Total manufacturing,C,47.68,I,
1990,Chile,152,Original index,52,52,Original index,C,Total manufacturing,C,47.2,I,
1991,Chile,152,Original index,52,52,Original index,C,Total manufacturing,C,50.4,I,
1992,Chile,152,Original index,52,52,Original index,C,Total manufacturing,C,56.73,I,
1993,Chile,152,Original index,52,52,Original index,C,Total manufacturing,C,58.83,I,
1994,Chile,152,Original index,52,52,Original index,C,Total manufacturing,C,60.97,I,
1995,Chile,152,Original index,52,52,Original index,C,Total manufacturing,C,64.71,I,
1996,Chile,152,Original index,52,52,Original index,C,Total manufacturing,C,66.26,I,
1997,Chile,152,Original index,52,52,Original index,C,Total manufacturing,C,68.91,I,
1998,Chile,152,Original index,52,52,Original index,C,Total manufacturing,C,68.15,I,
1999,Chile,152,Original index,52,52,Original index,C,Total manufacturing,C,67.28,I,
2000,Chile,152,Original index,52,52,Original index,C,Total manufacturing,C,70.11,I,
2001,Chile,152,Original index,52,52,Original index,C,Total manufacturing,C,70.54,I,
2002,Chile,152,Original index,52,52,Original index,C,Total manufacturing,C,72.33,I,
2003,Chile,152,Original index,52,52,Original index,C,Total manufacturing,C,76.09,I,
2004,Chile,152,Original index,52,52,Original index,C,Total manufacturing,C,82.75,I,
2005,Chile,152,Original index,52,52,Original index,C,Total manufacturing,C,87.25,I,
2006,Chile,152,Original index,52,52,Original index,C,Total manufacturing,C,90.07,I,
2007,Chile,152,Original index,52,52,Original index,C,Total manufacturing,C,93.79,I,
2008,Chile,152,Original index,52,52,Original index,C,Total manufacturing,C,93.99,I,
2009,Chile,152,Original index,52,52,Original index,C,Total manufacturing,C,87.67,I,
2010,Chile,152,Original index,52,52,Original index,C,Total manufacturing,C,90.47,I,
2011,Chile,152,Original index,52,52,Original index,C,Total manufacturing,C,97.7,I,
2012,Chile,152,Original index,52,52,Original index,C,Total manufacturing,C,99.85,I,
2013,Chile,152,Original index,52,52,Original index,C,Total manufacturing,C,100.01,I,
2014,Chile,152,Original index,52,52,Original index,C,Total manufacturing,C,98.83,I,
2015,Chile,152,Original index,52,52,Original index,C,Total manufacturing,C,99.55,I,
2016,Chile,152,Original index,52,52,Original index,C,Total manufacturing,C,99.64,I,
2017,Chile,152,Original index,52,52,Original index,C,Total manufacturing,C,98.67,I,
2018,Chile,152,Original index,52,52,Original index,C,Total manufacturing,C,101.48,I,
2019,Chile,152,Original index,52,52,Original index,C,Total manufacturing,C,102.27,I,
2020,Chile,152,Original index,52,52,Original index,C,Total manufacturing,C,100.0,I,
2021,Chile,152,Original index,52,52,Original index,C,Total manufacturing,C,103.97,I,
2022,Chile,152,Original index,52,52,Original index,C,Total manufacturing,C,99.28,I,
2023,Chile,152,Original index,52,52,Original index,C,Total manufacturing,C,98.98,I,
2024,Chile,152,Original index,52,52,Original index,C,Total manufacturing,C,101.84,I,
2025,Chile,152,Original index,52,52,Original index,C,Total manufacturing,C,104.31,I,
2005,China,156,Original index,52,52,Original index,C,Total manufacturing,C,21.84,I,
2006,China,156,Original index,52,52,Original index,C,Total manufacturing,C,26.12,I,
2007,China,156,Original index,52,52,Original index,C,Total manufacturing,C,31.04,I,
2008,China,156,Original index,52,52,Original index,C,Total manufacturing,C,35.39,I,
2009,China,156,Original index,52,52,Original index,C,Total manufacturing,C,39.79,I,
2010,China,156,Original index,52,52,Original index,C,Total manufacturing,C,45.96,I,
2011,China,156,Original index,52,52,Original index,C,Total manufacturing,C,52.8,I,
2012,China,156,Original index,52,52,Original index,C,Total manufacturing,C,58.67,I,
2013,China,156,Original index,52,52,Original index,C,Total manufacturing,C,64.96,I,
2014,China,156,Original index,52,52,Original index,C,Total manufacturing,C,71.26,I,
2015,China,156,Original index,52,52,Original index,C,Total manufacturing,C,76.42,I,
2016,China,156,Original index,52,52,Original index,C,Total manufacturing,C,81.91,I,
2017,China,156,Original index,52,52,Original index,C,Total manufacturing,C,87.91,I,
2018,China,156,Original index,52,52,Original index,C,Total manufacturing,C,93.21,I,
2019,China,156,Original index,52,52,Original index,C,Total manufacturing,C,98.79,I,
2020,China,156,Original index,52,52,Original index,C,Total manufacturing,C,100.0,I,
2021,China,156,Original index,52,52,Original index,C,Total manufacturing,C,112.39,I,
2022,China,156,Original index,52,52,Original index,C,Total manufacturing,C,115.72,I,
2023,China,156,Original index,52,52,Original index,C,Total manufacturing,C,119.89,I,
2024,China,156,Original index,52,52,Original index,C,Total manufacturing,C,127.1,I,
2025,China,156,Original index,52,52,Original index,C,Total manufacturing,C,135.06,I,
1982,"China, Hong Kong SAR",344,Original index,52,52,Original index,C,Total manufacturing,C,96.58,I,
1983,"China, Hong Kong SAR",344,Original index,52,52,Original index,C,Total manufacturing,C,110.0,I,
1984,"China, Hong Kong SAR",344,Original index,52,52,Original index,C,Total manufacturing,C,127.62,I,
1985,"China, Hong Kong SAR",344,Original index,52,52,Original index,C,Total manufacturing,C,121.99,I,
1986,"China, Hong Kong SAR",344,Original index,52,52,Original index,C,Total manufacturing,C,141.33,I,
1987,"China, Hong Kong SAR",344,Original index,52,52,Original index,C,Total manufacturing,C,163.85,I,
1988,"China, Hong Kong SAR",344,Original index,52,52,Original index,C,Total manufacturing,C,173.67,I,
1989,"China, Hong Kong SAR",344,Original index,52,52,Original index,C,Total manufacturing,C,173.96,I,
1990,"China, Hong Kong SAR",344,Original index,52,52,Original index,C,Total manufacturing,C,172.8,I,
1991,"China, Hong Kong SAR",344,Original index,52,52,Original index,C,Total manufacturing,C,174.1,I,
1992,"China, Hong Kong SAR",344,Original index,52,52,Original index,C,Total manufacturing,C,177.71,I,
1993,"China, Hong Kong SAR",344,Original index,52,52,Original index,C,Total manufacturing,C,176.27,I,
1994,"China, Hong Kong SAR",344,Original index,52,52,Original index,C,Total manufacturing,C,176.12,I,
1995,"China, Hong Kong SAR",344,Original index,52,52,Original index,C,Total manufacturing,C,177.71,I,
1996,"China, Hong Kong SAR",344,Original index,52,52,Original index,C,Total manufacturing,C,171.07,I,
1997,"China, Hong Kong SAR",344,Original index,52,52,Original index,C,Total manufacturing,C,169.77,I,
1998,"China, Hong Kong SAR",344,Original index,52,52,Original index,C,Total manufacturing,C,155.04,I,
1999,"China, Hong Kong SAR",344,Original index,52,52,Original index,C,Total manufacturing,C,145.23,I,
2000,"China, Hong Kong SAR",344,Original index,52,52,Original index,C,Total manufacturing,C,144.36,I,
2001,"China, Hong Kong SAR",344,Original index,52,52,Original index,C,Total manufacturing,C,138.01,I,
2002,"China, Hong Kong SAR",344,Original index,52,52,Original index,C,Total manufacturing,C,124.44,I,
2003,"China, Hong Kong SAR",344,Original index,52,52,Original index,C,Total manufacturing,C,113.04,I,
2004,"China, Hong Kong SAR",344,Original index,52,52,Original index,C,Total manufacturing,C,116.36,I,
2005,"China, Hong Kong SAR",344,Original index,52,52,Original index,C,Total manufacturing,C,119.24,I,
2006,"China, Hong Kong SAR",344,Original index,52,52,Original index,C,Total manufacturing,C,121.91,I,
2007,"China, Hong Kong SAR",344,Original index,52,52,Original index,C,Total manufacturing,C,120.16,I,
2008,"China, Hong Kong SAR",344,Original index,52,52,Original index,C,Total manufacturing,C,112.11,I,
2009,"China, Hong Kong SAR",344,Original index,52,52,Original index,C,Total manufacturing,C,102.82,I,
2010,"China, Hong Kong SAR",344,Original index,52,52,Original index,C,Total manufacturing,C,106.45,I,
2011,"China, Hong Kong SAR",344,Original index,52,52,Original index,C,Total manufacturing,C,107.26,I,
2012,"China, Hong Kong SAR",344,Original index,52,52,Original index,C,Total manufacturing,C,106.4,I,
2013,"China, Hong Kong SAR",344,Original index,52,52,Original index,C,Total manufacturing,C,106.5,I,
2014,"China, Hong Kong SAR",344,Original index,52,52,Original index,C,Total manufacturing,C,106.08,I,
2015,"China, Hong Kong SAR",344,Original index,52,52,Original index,C,Total manufacturing,C,104.41,I,
2016,"China, Hong Kong SAR",344,Original index,52,52,Original index,C,Total manufacturing,C,103.99,I,
2017,"China, Hong Kong SAR",344,Original index,52,52,Original index,C,Total manufacturing,C,104.41,I,
2018,"China, Hong Kong SAR",344,Original index,52,52,Original index,C,Total manufacturing,C,105.74,I,
2019,"China, Hong Kong SAR",344,Original index,52,52,Original index,C,Total manufacturing,C,106.21,I,
2020,"China, Hong Kong SAR",344,Original index,52,52,Original index,C,Total manufacturing,C,100.0,I,
2021,"China, Hong Kong SAR",344,Original index,52,52,Original index,C,Total manufacturing,C,105.48,I,
2022,"China, Hong Kong SAR",344,Original index,52,52,Original index,C,Total manufacturing,C,105.69,I,
2023,"China, Hong Kong SAR",344,Original index,52,52,Original index,C,Total manufacturing,C,109.66,I,
2024,"China, Hong Kong SAR",344,Original index,52,52,Original index,C,Total manufacturing,C,110.52,I,
2025,"China, Hong Kong SAR",344,Original index,52,52,Original index,C,Total manufacturing,C,114.13,I,
2000,"China, Macao SAR",446,Original index,52,52,Original index,C,Total manufacturing,C,168.94,I,
2001,"China, Macao SAR",446,Original index,52,52,Original index,C,Total manufacturing,C,178.47,I,
2002,"China, Macao SAR",446,Original index,52,52,Original index,C,Total manufacturing,C,207.08,I,
2003,"China, Macao SAR",446,Original index,52,52,Original index,C,Total manufacturing,C,243.07,I,
2004,"China, Macao SAR",446,Original index,52,52,Original index,C,Total manufacturing,C,228.77,I,
2005,"China, Macao SAR",446,Original index,52,52,Original index,C,Total manufacturing,C,178.93,I,
2006,"China, Macao SAR",446,Original index,52,52,Original index,C,Total manufacturing,C,177.22,I,
2007,"China, Macao SAR",446,Original index,52,52,Original index,C,Total manufacturing,C,167.8,I,
2008,"China, Macao SAR",446,Original index,52,52,Original index,C,Total manufacturing,C,113.53,I,
2009,"China, Macao SAR",446,Original index,52,52,Original index,C,Total manufacturing,C,52.34,I,
2010,"China, Macao SAR",446,Original index,52,52,Original index,C,Total manufacturing,C,54.84,I,
2011,"China, Macao SAR",446,Original index,52,52,Original index,C,Total manufacturing,C,69.3,I,
2012,"China, Macao SAR",446,Original index,52,52,Original index,C,Total manufacturing,C,88.14,I,
2013,"China, Macao SAR",446,Original index,52,52,Original index,C,Total manufacturing,C,103.09,I,
2014,"China, Macao SAR",446,Original index,52,52,Original index,C,Total manufacturing,C,117.5,I,
2015,"China, Macao SAR",446,Original index,52,52,Original index,C,Total manufacturing,C,112.4,I,
2016,"China, Macao SAR",446,Original index,52,52,Original index,C,Total manufacturing,C,125.5,I,
2017,"China, Macao SAR",446,Original index,52,52,Original index,C,Total manufacturing,C,130.95,I,
2018,"China, Macao SAR",446,Original index,52,52,Original index,C,Total manufacturing,C,154.16,I,
2019,"China, Macao SAR",446,Original index,52,52,Original index,C,Total manufacturing,C,182.67,I,
2020,"China, Macao SAR",446,Original index,52,52,Original index,C,Total manufacturing,C,100.0,I,
2021,"China, Macao SAR",446,Original index,52,52,Original index,C,Total manufacturing,C,116.96,I,
2022,"China, Macao SAR",446,Original index,52,52,Original index,C,Total manufacturing,C,108.65,I,
2023,"China, Macao SAR",446,Original index,52,52,Original index,C,Total manufacturing,C,152.14,I,
2024,"China, Macao SAR",446,Original index,52,52,Original index,C,Total manufacturing,C,207.74,I,
2025,"China, Macao SAR",446,Original index,52,52,Original index,C,Total manufacturing,C,440.04,I,
1981,Colombia,170,Original index,52,52,Original index,C,Total manufacturing,C,47.66,I,
1982,Colombia,170,Original index,52,52,Original index,C,Total manufacturing,C,46.27,I,
1983,Colombia,170,Original index,52,52,Original index,C,Total manufacturing,C,46.14,I,
1984,Colombia,170,Original index,52,52,Original index,C,Total manufacturing,C,50.51,I,
1985,Colombia,170,Original index,52,52,Original index,C,Total manufacturing,C,51.91,I,
1986,Colombia,170,Original index,52,52,Original index,C,Total manufacturing,C,55.75,I,
1987,Colombia,170,Original index,52,52,Original index,C,Total manufacturing,C,59.53,I,
1988,Colombia,170,Original index,52,52,Original index,C,Total manufacturing,C,60.72,I,
1989,Colombia,170,Original index,52,52,Original index,C,Total manufacturing,C,62.18,I,
1990,Colombia,170,Original index,52,52,Original index,C,Total manufacturing,C,66.29,I,
1991,Colombia,170,Original index,52,52,Original index,C,Total manufacturing,C,66.07,I,
1992,Colombia,170,Original index,52,52,Original index,C,Total manufacturing,C,70.72,I,
1993,Colombia,170,Original index,52,52,Original index,C,Total manufacturing,C,72.6,I,
1994,Colombia,170,Original index,52,52,Original index,C,Total manufacturing,C,75.21,I,
1995,Colombia,170,Original index,52,52,Original index,C,Total manufacturing,C,77.24,I,
1996,Colombia,170,Original index,52,52,Original index,C,Total manufacturing,C,74.63,I,
1997,Colombia,170,Original index,52,52,Original index,C,Total manufacturing,C,76.52,I,
1998,Colombia,170,Original index,52,52,Original index,C,Total manufacturing,C,75.21,I,
1999,Colombia,170,Original index,52,52,Original index,C,Total manufacturing,C,65.13,I,
2000,Colombia,170,Original index,52,52,Original index,C,Total manufacturing,C,72.02,I,
2001,Colombia,170,Original index,52,52,Original index,C,Total manufacturing,C,72.53,I,
2002,Colombia,170,Original index,52,52,Original index,C,Total manufacturing,C,72.52,I,
2003,Colombia,170,Original index,52,52,Original index,C,Total manufacturing,C,73.87,I,
2004,Colombia,170,Original index,52,52,Original index,C,Total manufacturing,C,78.22,I,
2005,Colombia,170,Original index,52,52,Original index,C,Total manufacturing,C,81.27,I,
2006,Colombia,170,Original index,52,52,Original index,C,Total manufacturing,C,89.62,I,
2007,Colombia,170,Original index,52,52,Original index,C,Total manufacturing,C,98.32,I,
2008,Colombia,170,Original index,52,52,Original index,C,Total manufacturing,C,95.07,I,
2009,Colombia,170,Original index,52,52,Original index,C,Total manufacturing,C,90.27,I,
2010,Colombia,170,Original index,52,52,Original index,C,Total manufacturing,C,94.08,I,
2011,Colombia,170,Original index,52,52,Original index,C,Total manufacturing,C,98.7,I,
2012,Colombia,170,Original index,52,52,Original index,C,Total manufacturing,C,98.37,I,
2013,Colombia,170,Original index,52,52,Original index,C,Total manufacturing,C,97.08,I,
2014,Colombia,170,Original index,52,52,Original index,C,Total manufacturing,C,98.56,I,
2015,Colombia,170,Original index,52,52,Original index,C,Total manufacturing,C,100.57,I,
2016,Colombia,170,Original index,52,52,Original index,C,Total manufacturing,C,104.64,I,
2017,Colombia,170,Original index,52,52,Original index,C,Total manufacturing,C,104.11,I,
2018,Colombia,170,Original index,52,52,Original index,C,Total manufacturing,C,107.16,I,
2019,Colombia,170,Original index,52,52,Original index,C,Total manufacturing,C,108.8,I,
2020,Colombia,170,Original index,52,52,Original index,C,Total manufacturing,C,100.0,I,
2021,Colombia,170,Original index,52,52,Original index,C,Total manufacturing,C,116.11,I,
2022,Colombia,170,Original index,52,52,Original index,C,Total manufacturing,C,128.45,I,
2023,Colombia,170,Original index,52,52,Original index,C,Total manufacturing,C,122.08,I,
2024,Colombia,170,Original index,52,52,Original index,C,Total manufacturing,C,119.47,I,
2025,Colombia,170,Original index,52,52,Original index,C,Total manufacturing,C,121.72,I,
2007,Comoros,174,Original index,52,52,Original index,C,Total manufacturing,C,68.51,I,
2008,Comoros,174,Original index,52,52,Original index,C,Total manufacturing,C,71.37,I,
2009,Comoros,174,Original index,52,52,Original index,C,Total manufacturing,C,69.49,I,
2010,Comoros,174,Original index,52,52,Original index,C,Total manufacturing,C,81.48,I,
2011,Comoros,174,Original index,52,52,Original index,C,Total manufacturing,C,78.33,I,
2012,Comoros,174,Original index,52,52,Original index,C,Total manufacturing,C,82.5,I,
2013,Comoros,174,Original index,52,52,Original index,C,Total manufacturing,C,91.26,I,
2014,Comoros,174,Original index,52,52,Original index,C,Total manufacturing,C,90.41,I,
2015,Comoros,174,Original index,52,52,Original index,C,Total manufacturing,C,103.59,I,
2016,Comoros,174,Original index,52,52,Original index,C,Total manufacturing,C,100.02,I,
2017,Comoros,174,Original index,52,52,Original index,C,Total manufacturing,C,99.31,I,
2018,Comoros,174,Original index,52,52,Original index,C,Total manufacturing,C,104.29,I,
2019,Comoros,174,Original index,52,52,Original index,C,Total manufacturing,C,108.7,I,
2020,Comoros,174,Original index,52,52,Original index,C,Total manufacturing,C,100.0,I,
2021,Comoros,174,Original index,52,52,Original index,C,Total manufacturing,C,103.44,I,
2022,Comoros,174,Original index,52,52,Original index,C,Total manufacturing,C,118.7,I,
2023,Comoros,174,Original index,52,52,Original index,C,Total manufacturing,C,126.75,I,
2005,Congo,178,Original index,52,52,Original index,C,Total manufacturing,C,64.92,I,
2006,Congo,178,Original index,52,52,Original index,C,Total manufacturing,C,72.23,I,
2007,Congo,178,Original index,52,52,Original index,C,Total manufacturing,C,74.23,I,
2008,Congo,178,Original index,52,52,Original index,C,Total manufacturing,C,75.58,I,
2009,Congo,178,Original index,52,52,Original index,C,Total manufacturing,C,81.96,I,
2010,Congo,178,Original index,52,52,Original index,C,Total manufacturing,C,89.27,I,
2011,Congo,178,Original index,52,52,Original index,C,Total manufacturing,C,94.3,I,
2012,Congo,178,Original index,52,52,Original index,C,Total manufacturing,C,88.25,I,
2013,Congo,178,Original index,52,52,Original index,C,Total manufacturing,C,103.97,I,
2014,Congo,178,Original index,52,52,Original index,C,Total manufacturing,C,102.94,I,
2015,Congo,178,Original index,52,52,Original index,C,Total manufacturing,C,95.52,I,
2016,Congo,178,Original index,52,52,Original index,C,Total manufacturing,C,105.8,I,
2017,Congo,178,Original index,52,52,Original index,C,Total manufacturing,C,100.67,I,
2018,Congo,178,Original index,52,52,Original index,C,Total manufacturing,C,91.62,I,
2019,Congo,178,Original index,52,52,Original index,C,Total manufacturing,C,103.54,I,
2020,Congo,178,Original index,52,52,Original index,C,Total manufacturing,C,100.0,I,
2021,Congo,178,Original index,52,52,Original index,C,Total manufacturing,C,95.07,I,
2022,Congo,178,Original index,52,52,Original index,C,Total manufacturing,C,100.4,I,
2023,Congo,178,Original index,52,52,Original index,C,Total manufacturing,C,102.72,I,
2024,Congo,178,Original index,52,52,Original index,C,Total manufacturing,C,105.26,I,
1981,Costa Rica,188,Original index,52,52,Original index,C,Total manufacturing,C,43.56,I,
1982,Costa Rica,188,Original index,52,52,Original index,C,Total manufacturing,C,37.44,I,
1983,Costa Rica,188,Original index,52,52,Original index,C,Total manufacturing,C,36.16,I,
1984,Costa Rica,188,Original index,52,52,Original index,C,Total manufacturing,C,39.37,I,
1985,Costa Rica,188,Original index,52,52,Original index,C,Total manufacturing,C,41.44,I,
1986,Costa Rica,188,Original index,52,52,Original index,C,Total manufacturing,C,44.01,I,
1987,Costa Rica,188,Original index,52,52,Original index,C,Total manufacturing,C,45.24,I,
1988,Costa Rica,188,Original index,52,52,Original index,C,Total manufacturing,C,46.28,I,
1989,Costa Rica,188,Original index,52,52,Original index,C,Total manufacturing,C,47.26,I,
1990,Costa Rica,188,Original index,52,52,Original index,C,Total manufacturing,C,48.05,I,
1991,Costa Rica,188,Original index,52,52,Original index,C,Total manufacturing,C,49.33,I,
1992,Costa Rica,188,Original index,52,52,Original index,C,Total manufacturing,C,54.4,I,
1993,Costa Rica,188,Original index,52,52,Original index,C,Total manufacturing,C,58.72,I,
1994,Costa Rica,188,Original index,52,52,Original index,C,Total manufacturing,C,60.73,I,
1995,Costa Rica,188,Original index,52,52,Original index,C,Total manufacturing,C,64.52,I,
1996,Costa Rica,188,Original index,52,52,Original index,C,Total manufacturing,C,64.94,I,
1997,Costa Rica,188,Original index,52,52,Original index,C,Total manufacturing,C,70.45,I,
1998,Costa Rica,188,Original index,52,52,Original index,C,Total manufacturing,C,73.12,I,
1999,Costa Rica,188,Original index,52,52,Original index,C,Total manufacturing,C,73.59,I,
2000,Costa Rica,188,Original index,52,52,Original index,C,Total manufacturing,C,74.21,I,
2001,Costa Rica,188,Original index,52,52,Original index,C,Total manufacturing,C,73.26,I,
2002,Costa Rica,188,Original index,52,52,Original index,C,Total manufacturing,C,76.48,I,
2003,Costa Rica,188,Original index,52,52,Original index,C,Total manufacturing,C,80.09,I,
2004,Costa Rica,188,Original index,52,52,Original index,C,Total manufacturing,C,82.14,I,
2005,Costa Rica,188,Original index,52,52,Original index,C,Total manufacturing,C,85.83,I,
2006,Costa Rica,188,Original index,52,52,Original index,C,Total manufacturing,C,90.38,I,
2007,Costa Rica,188,Original index,52,52,Original index,C,Total manufacturing,C,92.71,I,
2008,Costa Rica,188,Original index,52,52,Original index,C,Total manufacturing,C,89.66,I,
2009,Costa Rica,188,Original index,52,52,Original index,C,Total manufacturing,C,81.79,I,
2010,Costa Rica,188,Original index,52,52,Original index,C,Total manufacturing,C,85.68,I,
2011,Costa Rica,188,Original index,52,52,Original index,C,Total manufacturing,C,88.95,I,
2012,Costa Rica,188,Original index,52,52,Original index,C,Total manufacturing,C,88.09,I,
2013,Costa Rica,188,Original index,52,52,Original index,C,Total manufacturing,C,86.81,I,
2014,Costa Rica,188,Original index,52,52,Original index,C,Total manufacturing,C,88.16,I,
2015,Costa Rica,188,Original index,52,52,Original index,C,Total manufacturing,C,89.4,I,
2016,Costa Rica,188,Original index,52,52,Original index,C,Total manufacturing,C,93.49,I,
2017,Costa Rica,188,Original index,52,52,Original index,C,Total manufacturing,C,96.46,I,
2018,Costa Rica,188,Original index,52,52,Original index,C,Total manufacturing,C,97.76,I,
2019,Costa Rica,188,Original index,52,52,Original index,C,Total manufacturing,C,99.83,I,
2020,Costa Rica,188,Original index,52,52,Original index,C,Total manufacturing,C,100.0,I,
2021,Costa Rica,188,Original index,52,52,Original index,C,Total manufacturing,C,114.6,I,
2022,Costa Rica,188,Original index,52,52,Original index,C,Total manufacturing,C,119.15,I,
2023,Costa Rica,188,Original index,52,52,Original index,C,Total manufacturing,C,126.33,I,
2024,Costa Rica,188,Original index,52,52,Original index,C,Total manufacturing,C,133.29,I,
2025,Costa Rica,188,Original index,52,52,Original index,C,Total manufacturing,C,146.1,I,
1981,Côte d'Ivoire,384,Original index,52,52,Original index,C,Total manufacturing,C,33.79,I,
1982,Côte d'Ivoire,384,Original index,52,52,Original index,C,Total manufacturing,C,34.75,I,
1983,Côte d'Ivoire,384,Original index,52,52,Original index,C,Total manufacturing,C,36.04,I,
1984,Côte d'Ivoire,384,Original index,52,52,Original index,C,Total manufacturing,C,37.97,I,
1985,Côte d'Ivoire,384,Original index,52,52,Original index,C,Total manufacturing,C,36.36,I,
1986,Côte d'Ivoire,384,Original index,52,52,Original index,C,Total manufacturing,C,39.63,I,
1987,Côte d'Ivoire,384,Original index,52,52,Original index,C,Total manufacturing,C,38.91,I,
1988,Côte d'Ivoire,384,Original index,52,52,Original index,C,Total manufacturing,C,37.81,I,
1989,Côte d'Ivoire,384,Original index,52,52,Original index,C,Total manufacturing,C,37.09,I,
1990,Côte d'Ivoire,384,Original index,52,52,Original index,C,Total manufacturing,C,40.0,I,
1991,Côte d'Ivoire,384,Original index,52,52,Original index,C,Total manufacturing,C,38.91,I,
1992,Côte d'Ivoire,384,Original index,52,52,Original index,C,Total manufacturing,C,38.91,I,
1993,Côte d'Ivoire,384,Original index,52,52,Original index,C,Total manufacturing,C,38.91,I,
1994,Côte d'Ivoire,384,Original index,52,52,Original index,C,Total manufacturing,C,39.63,I,
1995,Côte d'Ivoire,384,Original index,52,52,Original index,C,Total manufacturing,C,40.69,I,
1996,Côte d'Ivoire,384,Original index,52,52,Original index,C,Total manufacturing,C,43.38,I,
1997,Côte d'Ivoire,384,Original index,52,52,Original index,C,Total manufacturing,C,48.5,I,
1998,Côte d'Ivoire,384,Original index,52,52,Original index,C,Total manufacturing,C,56.76,I,
1999,Côte d'Ivoire,384,Original index,52,52,Original index,C,Total manufacturing,C,56.79,I,
2000,Côte d'Ivoire,384,Original index,52,52,Original index,C,Total manufacturing,C,51.63,I,
2001,Côte d'Ivoire,384,Original index,52,52,Original index,C,Total manufacturing,C,49.45,I,
2002,Côte d'Ivoire,384,Original index,52,52,Original index,C,Total manufacturing,C,43.52,I,
2003,Côte d'Ivoire,384,Original index,52,52,Original index,C,Total manufacturing,C,37.85,I,
2004,Côte d'Ivoire,384,Original index,52,52,Original index,C,Total manufacturing,C,38.83,I,
2005,Côte d'Ivoire,384,Original index,52,52,Original index,C,Total manufacturing,C,41.63,I,
2006,Côte d'Ivoire,384,Original index,52,52,Original index,C,Total manufacturing,C,38.25,I,
2007,Côte d'Ivoire,384,Original index,52,52,Original index,C,Total manufacturing,C,38.76,I,
2008,Côte d'Ivoire,384,Original index,52,52,Original index,C,Total manufacturing,C,42.28,I,
2009,Côte d'Ivoire,384,Original index,52,52,Original index,C,Total manufacturing,C,45.9,I,
2010,Côte d'Ivoire,384,Original index,52,52,Original index,C,Total manufacturing,C,44.01,I,
2011,Côte d'Ivoire,384,Original index,52,52,Original index,C,Total manufacturing,C,40.54,I,
2012,Côte d'Ivoire,384,Original index,52,52,Original index,C,Total manufacturing,C,46.93,I,
2013,Côte d'Ivoire,384,Original index,52,52,Original index,C,Total manufacturing,C,51.35,I,
2014,Côte d'Ivoire,384,Original index,52,52,Original index,C,Total manufacturing,C,54.9,I,
2015,Côte d'Ivoire,384,Original index,52,52,Original index,C,Total manufacturing,C,56.56,I,
2016,Côte d'Ivoire,384,Original index,52,52,Original index,C,Total manufacturing,C,58.03,I,
2017,Côte d'Ivoire,384,Original index,52,52,Original index,C,Total manufacturing,C,65.33,I,
2018,Côte d'Ivoire,384,Original index,52,52,Original index,C,Total manufacturing,C,71.86,I,
2019,Côte d'Ivoire,384,Original index,52,52,Original index,C,Total manufacturing,C,101.16,I,
2020,Côte d'Ivoire,384,Original index,52,52,Original index,C,Total manufacturing,C,100.0,I,
2021,Côte d'Ivoire,384,Original index,52,52,Original index,C,Total manufacturing,C,107.91,I,
2022,Côte d'Ivoire,384,Original index,52,52,Original index,C,Total manufacturing,C,113.7,I,
2023,Côte d'Ivoire,384,Original index,52,52,Original index,C,Total manufacturing,C,118.61,I,
2024,Côte d'Ivoire,384,Original index,52,52,Original index,C,Total manufacturing,C,116.5,I,
2025,Côte d'Ivoire,384,Original index,52,52,Original index,C,Total manufacturing,C,112.67,I,
1985,Croatia,191,Original index,52,52,Original index,C,Total manufacturing,C,153.94,I,
1986,Croatia,191,Original index,52,52,Original index,C,Total manufacturing,C,161.06,I,
1987,Croatia,191,Original index,52,52,Original index,C,Total manufacturing,C,165.33,I,
1988,Croatia,191,Original index,52,52,Original index,C,Total manufacturing,C,162.91,I,
1989,Croatia,191,Original index,52,52,Original index,C,Total manufacturing,C,162.49,I,
1990,Croatia,191,Original index,52,52,Original index,C,Total manufacturing,C,142.35,I,
1991,Croatia,191,Original index,52,52,Original index,C,Total manufacturing,C,99.61,I,
1992,Croatia,191,Original index,52,52,Original index,C,Total manufacturing,C,83.83,I,
1993,Croatia,191,Original index,52,52,Original index,C,Total manufacturing,C,77.83,I,
1994,Croatia,191,Original index,52,52,Original index,C,Total manufacturing,C,76.02,I,
1995,Croatia,191,Original index,52,52,Original index,C,Total manufacturing,C,75.78,I,
1996,Croatia,191,Original index,52,52,Original index,C,Total manufacturing,C,76.68,I,
1997,Croatia,191,Original index,52,52,Original index,C,Total manufacturing,C,79.72,I,
1998,Croatia,191,Original index,52,52,Original index,C,Total manufacturing,C,82.27,I,
1999,Croatia,191,Original index,52,52,Original index,C,Total manufacturing,C,79.8,I,
2000,Croatia,191,Original index,52,52,Original index,C,Total manufacturing,C,81.99,I,
2001,Croatia,191,Original index,52,52,Original index,C,Total manufacturing,C,86.94,I,
2002,Croatia,191,Original index,52,52,Original index,C,Total manufacturing,C,90.86,I,
2003,Croatia,191,Original index,52,52,Original index,C,Total manufacturing,C,93.88,I,
2004,Croatia,191,Original index,52,52,Original index,C,Total manufacturing,C,97.03,I,
2005,Croatia,191,Original index,52,52,Original index,C,Total manufacturing,C,102.73,I,
2006,Croatia,191,Original index,52,52,Original index,C,Total manufacturing,C,106.76,I,
2007,Croatia,191,Original index,52,52,Original index,C,Total manufacturing,C,113.03,I,
2008,Croatia,191,Original index,52,52,Original index,C,Total manufacturing,C,114.19,I,
2009,Croatia,191,Original index,52,52,Original index,C,Total manufacturing,C,102.09,I,
2010,Croatia,191,Original index,52,52,Original index,C,Total manufacturing,C,99.95,I,
2011,Croatia,191,Original index,52,52,Original index,C,Total manufacturing,C,99.81,I,
2012,Croatia,191,Original index,52,52,Original index,C,Total manufacturing,C,94.51,I,
2013,Croatia,191,Original index,52,52,Original index,C,Total manufacturing,C,90.73,I,
2014,Croatia,191,Original index,52,52,Original index,C,Total manufacturing,C,93.56,I,
2015,Croatia,191,Original index,52,52,Original index,C,Total manufacturing,C,97.08,I,
2016,Croatia,191,Original index,52,52,Original index,C,Total manufacturing,C,102.47,I,
2017,Croatia,191,Original index,52,52,Original index,C,Total manufacturing,C,104.5,I,
2018,Croatia,191,Original index,52,52,Original index,C,Total manufacturing,C,103.59,I,
2019,Croatia,191,Original index,52,52,Original index,C,Total manufacturing,C,103.3,I,
2020,Croatia,191,Original index,52,52,Original index,C,Total manufacturing,C,100.0,I,
2021,Croatia,191,Original index,52,52,Original index,C,Total manufacturing,C,106.25,I,
2022,Croatia,191,Original index,52,52,Original index,C,Total manufacturing,C,107.75,I,
2023,Croatia,191,Original index,52,52,Original index,C,Total manufacturing,C,107.53,I,
2024,Croatia,191,Original index,52,52,Original index,C,Total manufacturing,C,106.54,I,
2025,Croatia,191,Original index,52,52,Original index,C,Total manufacturing,C,111.42,I,
1990,Cuba,192,Original index,52,52,Original index,C,Total manufacturing,C,257.32,I,
1991,Cuba,192,Original index,52,52,Original index,C,Total manufacturing,C,193.61,I,
1992,Cuba,192,Original index,52,52,Original index,C,Total manufacturing,C,144.59,I,
1993,Cuba,192,Original index,52,52,Original index,C,Total manufacturing,C,108.3,I,
1994,Cuba,192,Original index,52,52,Original index,C,Total manufacturing,C,109.96,I,
1995,Cuba,192,Original index,52,52,Original index,C,Total manufacturing,C,114.12,I,
1996,Cuba,192,Original index,52,52,Original index,C,Total manufacturing,C,129.91,I,
1997,Cuba,192,Original index,52,52,Original index,C,Total manufacturing,C,133.51,I,
1998,Cuba,192,Original index,52,52,Original index,C,Total manufacturing,C,127.14,I,
1999,Cuba,192,Original index,52,52,Original index,C,Total manufacturing,C,135.45,I,
2000,Cuba,192,Original index,52,52,Original index,C,Total manufacturing,C,142.65,I,
2001,Cuba,192,Original index,52,52,Original index,C,Total manufacturing,C,143.48,I,
2002,Cuba,192,Original index,52,52,Original index,C,Total manufacturing,C,118.0,I,
2003,Cuba,192,Original index,52,52,Original index,C,Total manufacturing,C,109.41,I,
2004,Cuba,192,Original index,52,52,Original index,C,Total manufacturing,C,111.62,I,
2005,Cuba,192,Original index,52,52,Original index,C,Total manufacturing,C,106.36,I,
2006,Cuba,192,Original index,52,52,Original index,C,Total manufacturing,C,107.19,I,
2007,Cuba,192,Original index,52,52,Original index,C,Total manufacturing,C,111.35,I,
2008,Cuba,192,Original index,52,52,Original index,C,Total manufacturing,C,127.8,I,
2009,Cuba,192,Original index,52,52,Original index,C,Total manufacturing,C,124.24,I,
2010,Cuba,192,Original index,52,52,Original index,C,Total manufacturing,C,120.79,I,
2011,Cuba,192,Original index,52,52,Original index,C,Total manufacturing,C,125.55,I,
2012,Cuba,192,Original index,52,52,Original index,C,Total manufacturing,C,128.31,I,
2013,Cuba,192,Original index,52,52,Original index,C,Total manufacturing,C,130.95,I,
2014,Cuba,192,Original index,52,52,Original index,C,Total manufacturing,C,126.23,I,
2015,Cuba,192,Original index,52,52,Original index,C,Total manufacturing,C,134.17,I,
2016,Cuba,192,Original index,52,52,Original index,C,Total manufacturing,C,127.17,I,
2017,Cuba,192,Original index,52,52,Original index,C,Total manufacturing,C,125.81,I,
2018,Cuba,192,Original index,52,52,Original index,C,Total manufacturing,C,124.66,I,
2019,Cuba,192,Original index,52,52,Original index,C,Total manufacturing,C,117.05,I,
2020,Cuba,192,Original index,52,52,Original index,C,Total manufacturing,C,100.0,I,
2021,Cuba,192,Original index,52,52,Original index,C,Total manufacturing,C,84.23,I,
2022,Cuba,192,Original index,52,52,Original index,C,Total manufacturing,C,78.53,I,
2023,Cuba,192,Original index,52,52,Original index,C,Total manufacturing,C,73.13,I,
2024,Cuba,192,Original index,52,52,Original index,C,Total manufacturing,C,65.77,I,
1981,Cyprus,196,Original index,52,52,Original index,C,Total manufacturing,C,77.35,I,
1982,Cyprus,196,Original index,52,52,Original index,C,Total manufacturing,C,79.42,I,
1983,Cyprus,196,Original index,52,52,Original index,C,Total manufacturing,C,81.79,I,
1984,Cyprus,196,Original index,52,52,Original index,C,Total manufacturing,C,86.83,I,
1985,Cyprus,196,Original index,52,52,Original index,C,Total manufacturing,C,84.76,I,
1986,Cyprus,196,Original index,52,52,Original index,C,Total manufacturing,C,87.3,I,
1987,Cyprus,196,Original index,52,52,Original index,C,Total manufacturing,C,95.77,I,
1988,Cyprus,196,Original index,52,52,Original index,C,Total manufacturing,C,101.71,I,
1989,Cyprus,196,Original index,52,52,Original index,C,Total manufacturing,C,105.95,I,
1990,Cyprus,196,Original index,52,52,Original index,C,Total manufacturing,C,111.03,I,
1991,Cyprus,196,Original index,52,52,Original index,C,Total manufacturing,C,112.14,I,
1992,Cyprus,196,Original index,52,52,Original index,C,Total manufacturing,C,114.36,I,
1993,Cyprus,196,Original index,52,52,Original index,C,Total manufacturing,C,103.26,I,
1994,Cyprus,196,Original index,52,52,Original index,C,Total manufacturing,C,106.92,I,
1995,Cyprus,196,Original index,52,52,Original index,C,Total manufacturing,C,107.48,I,
1996,Cyprus,196,Original index,52,52,Original index,C,Total manufacturing,C,102.0,I,
1997,Cyprus,196,Original index,52,52,Original index,C,Total manufacturing,C,101.35,I,
1998,Cyprus,196,Original index,52,52,Original index,C,Total manufacturing,C,102.53,I,
1999,Cyprus,196,Original index,52,52,Original index,C,Total manufacturing,C,103.5,I,
2000,Cyprus,196,Original index,52,52,Original index,C,Total manufacturing,C,107.58,I,
2001,Cyprus,196,Original index,52,52,Original index,C,Total manufacturing,C,113.22,I,
2002,Cyprus,196,Original index,52,52,Original index,C,Total manufacturing,C,113.33,I,
2003,Cyprus,196,Original index,52,52,Original index,C,Total manufacturing,C,111.53,I,
2004,Cyprus,196,Original index,52,52,Original index,C,Total manufacturing,C,113.44,I,
2005,Cyprus,196,Original index,52,52,Original index,C,Total manufacturing,C,112.65,I,
2006,Cyprus,196,Original index,52,52,Original index,C,Total manufacturing,C,111.81,I,
2007,Cyprus,196,Original index,52,52,Original index,C,Total manufacturing,C,117.33,I,
2008,Cyprus,196,Original index,52,52,Original index,C,Total manufacturing,C,122.38,I,
2009,Cyprus,196,Original index,52,52,Original index,C,Total manufacturing,C,108.34,I,
2010,Cyprus,196,Original index,52,52,Original index,C,Total manufacturing,C,104.87,I,
2011,Cyprus,196,Original index,52,52,Original index,C,Total manufacturing,C,96.53,I,
2012,Cyprus,196,Original index,52,52,Original index,C,Total manufacturing,C,86.54,I,
2013,Cyprus,196,Original index,52,52,Original index,C,Total manufacturing,C,74.28,I,
2014,Cyprus,196,Original index,52,52,Original index,C,Total manufacturing,C,73.59,I,
2015,Cyprus,196,Original index,52,52,Original index,C,Total manufacturing,C,77.72,I,
2016,Cyprus,196,Original index,52,52,Original index,C,Total manufacturing,C,85.38,I,
2017,Cyprus,196,Original index,52,52,Original index,C,Total manufacturing,C,94.36,I,
2018,Cyprus,196,Original index,52,52,Original index,C,Total manufacturing,C,103.0,I,
2019,Cyprus,196,Original index,52,52,Original index,C,Total manufacturing,C,107.92,I,
2020,Cyprus,196,Original index,52,52,Original index,C,Total manufacturing,C,100.0,I,
2021,Cyprus,196,Original index,52,52,Original index,C,Total manufacturing,C,107.18,I,
2022,Cyprus,196,Original index,52,52,Original index,C,Total manufacturing,C,110.91,I,
2023,Cyprus,196,Original index,52,52,Original index,C,Total manufacturing,C,113.24,I,
2024,Cyprus,196,Original index,52,52,Original index,C,Total manufacturing,C,114.98,I,
2025,Cyprus,196,Original index,52,52,Original index,C,Total manufacturing,C,121.54,I,
1990,Czechia,203,Original index,52,52,Original index,C,Total manufacturing,C,74.88,I,
1991,Czechia,203,Original index,52,52,Original index,C,Total manufacturing,C,42.46,I,
1992,Czechia,203,Original index,52,52,Original index,C,Total manufacturing,C,42.46,I,
1993,Czechia,203,Original index,52,52,Original index,C,Total manufacturing,C,42.46,I,
1994,Czechia,203,Original index,52,52,Original index,C,Total manufacturing,C,42.46,I,
1995,Czechia,203,Original index,52,52,Original index,C,Total manufacturing,C,45.98,I,
1996,Czechia,203,Original index,52,52,Original index,C,Total manufacturing,C,46.71,I,
1997,Czechia,203,Original index,52,52,Original index,C,Total manufacturing,C,49.7,I,
1998,Czechia,203,Original index,52,52,Original index,C,Total manufacturing,C,50.99,I,
1999,Czechia,203,Original index,52,52,Original index,C,Total manufacturing,C,49.59,I,
2000,Czechia,203,Original index,52,52,Original index,C,Total manufacturing,C,49.74,I,
2001,Czechia,203,Original index,52,52,Original index,C,Total manufacturing,C,54.31,I,
2002,Czechia,203,Original index,52,52,Original index,C,Total manufacturing,C,55.52,I,
2003,Czechia,203,Original index,52,52,Original index,C,Total manufacturing,C,57.38,I,
2004,Czechia,203,Original index,52,52,Original index,C,Total manufacturing,C,64.74,I,
2005,Czechia,203,Original index,52,52,Original index,C,Total manufacturing,C,68.09,I,
2006,Czechia,203,Original index,52,52,Original index,C,Total manufacturing,C,74.52,I,
2007,Czechia,203,Original index,52,52,Original index,C,Total manufacturing,C,83.83,I,
2008,Czechia,203,Original index,52,52,Original index,C,Total manufacturing,C,82.55,I,
2009,Czechia,203,Original index,52,52,Original index,C,Total manufacturing,C,70.02,I,
2010,Czechia,203,Original index,52,52,Original index,C,Total manufacturing,C,76.98,I,
2011,Czechia,203,Original index,52,52,Original index,C,Total manufacturing,C,82.76,I,
2012,Czechia,203,Original index,52,52,Original index,C,Total manufacturing,C,82.23,I,
2013,Czechia,203,Original index,52,52,Original index,C,Total manufacturing,C,82.87,I,
2014,Czechia,203,Original index,52,52,Original index,C,Total manufacturing,C,88.33,I,
2015,Czechia,203,Original index,52,52,Original index,C,Total manufacturing,C,93.25,I,
2016,Czechia,203,Original index,52,52,Original index,C,Total manufacturing,C,97.0,I,
2017,Czechia,203,Original index,52,52,Original index,C,Total manufacturing,C,103.75,I,
2018,Czechia,203,Original index,52,52,Original index,C,Total manufacturing,C,107.17,I,
2019,Czechia,203,Original index,52,52,Original index,C,Total manufacturing,C,107.17,I,
2020,Czechia,203,Original index,52,52,Original index,C,Total manufacturing,C,100.0,I,
2021,Czechia,203,Original index,52,52,Original index,C,Total manufacturing,C,107.07,I,
2022,Czechia,203,Original index,52,52,Original index,C,Total manufacturing,C,109.85,I,
2023,Czechia,203,Original index,52,52,Original index,C,Total manufacturing,C,110.17,I,
2024,Czechia,203,Original index,52,52,Original index,C,Total manufacturing,C,109.53,I,
2025,Czechia,203,Original index,52,52,Original index,C,Total manufacturing,C,111.56,I,
1981,Denmark,208,Original index,52,52,Original index,C,Total manufacturing,C,50.12,I,
1982,Denmark,208,Original index,52,52,Original index,C,Total manufacturing,C,51.12,I,
1983,Denmark,208,Original index,52,52,Original index,C,Total manufacturing,C,53.13,I,
1984,Denmark,208,Original index,52,52,Original index,C,Total manufacturing,C,58.64,I,
1985,Denmark,208,Original index,52,52,Original index,C,Total manufacturing,C,61.15,I,
1986,Denmark,208,Original index,52,52,Original index,C,Total manufacturing,C,64.98,I,
1987,Denmark,208,Original index,52,52,Original index,C,Total manufacturing,C,61.76,I,
1988,Denmark,208,Original index,52,52,Original index,C,Total manufacturing,C,65.15,I,
1989,Denmark,208,Original index,52,52,Original index,C,Total manufacturing,C,65.41,I,
1990,Denmark,208,Original index,52,52,Original index,C,Total manufacturing,C,65.93,I,
1991,Denmark,208,Original index,52,52,Original index,C,Total manufacturing,C,66.11,I,
1992,Denmark,208,Original index,52,52,Original index,C,Total manufacturing,C,68.11,I,
1993,Denmark,208,Original index,52,52,Original index,C,Total manufacturing,C,65.58,I,
1994,Denmark,208,Original index,52,52,Original index,C,Total manufacturing,C,72.37,I,
1995,Denmark,208,Original index,52,52,Original index,C,Total manufacturing,C,75.24,I,
1996,Denmark,208,Original index,52,52,Original index,C,Total manufacturing,C,76.2,I,
1997,Denmark,208,Original index,52,52,Original index,C,Total manufacturing,C,80.02,I,
1998,Denmark,208,Original index,52,52,Original index,C,Total manufacturing,C,82.37,I,
1999,Denmark,208,Original index,52,52,Original index,C,Total manufacturing,C,82.55,I,
2000,Denmark,208,Original index,52,52,Original index,C,Total manufacturing,C,86.98,I,
2001,Denmark,208,Original index,52,52,Original index,C,Total manufacturing,C,89.76,I,
2002,Denmark,208,Original index,52,52,Original index,C,Total manufacturing,C,90.39,I,
2003,Denmark,208,Original index,52,52,Original index,C,Total manufacturing,C,88.51,I,
2004,Denmark,208,Original index,52,52,Original index,C,Total manufacturing,C,86.89,I,
2005,Denmark,208,Original index,52,52,Original index,C,Total manufacturing,C,90.39,I,
2006,Denmark,208,Original index,52,52,Original index,C,Total manufacturing,C,94.36,I,
2007,Denmark,208,Original index,52,52,Original index,C,Total manufacturing,C,94.59,I,
2008,Denmark,208,Original index,52,52,Original index,C,Total manufacturing,C,93.48,I,
2009,Denmark,208,Original index,52,52,Original index,C,Total manufacturing,C,77.57,I,
2010,Denmark,208,Original index,52,52,Original index,C,Total manufacturing,C,79.56,I,
2011,Denmark,208,Original index,52,52,Original index,C,Total manufacturing,C,82.98,I,
2012,Denmark,208,Original index,52,52,Original index,C,Total manufacturing,C,84.42,I,
2013,Denmark,208,Original index,52,52,Original index,C,Total manufacturing,C,85.97,I,
2014,Denmark,208,Original index,52,52,Original index,C,Total manufacturing,C,88.62,I,
2015,Denmark,208,Original index,52,52,Original index,C,Total manufacturing,C,90.39,I,
2016,Denmark,208,Original index,52,52,Original index,C,Total manufacturing,C,94.81,I,
2017,Denmark,208,Original index,52,52,Original index,C,Total manufacturing,C,96.8,I,
2018,Denmark,208,Original index,52,52,Original index,C,Total manufacturing,C,100.33,I,
2019,Denmark,208,Original index,52,52,Original index,C,Total manufacturing,C,104.31,I,
2020,Denmark,208,Original index,52,52,Original index,C,Total manufacturing,C,100.0,I,
2021,Denmark,208,Original index,52,52,Original index,C,Total manufacturing,C,110.5,I,
2022,Denmark,208,Original index,52,52,Original index,C,Total manufacturing,C,125.3,I,
2023,Denmark,208,Original index,52,52,Original index,C,Total manufacturing,C,138.45,I,
2024,Denmark,208,Original index,52,52,Original index,C,Total manufacturing,C,149.28,I,
2025,Denmark,208,Original index,52,52,Original index,C,Total manufacturing,C,144.42,I,
2007,Dominican Republic,214,Original index,52,52,Original index,C,Total manufacturing,C,69.39,I,
2008,Dominican Republic,214,Original index,52,52,Original index,C,Total manufacturing,C,74.22,I,
2009,Dominican Republic,214,Original index,52,52,Original index,C,Total manufacturing,C,70.63,I,
2010,Dominican Republic,214,Original index,52,52,Original index,C,Total manufacturing,C,76.24,I,
2011,Dominican Republic,214,Original index,52,52,Original index,C,Total manufacturing,C,78.77,I,
2012,Dominican Republic,214,Original index,52,52,Original index,C,Total manufacturing,C,78.87,I,
2013,Dominican Republic,214,Original index,52,52,Original index,C,Total manufacturing,C,81.71,I,
2014,Dominican Republic,214,Original index,52,52,Original index,C,Total manufacturing,C,86.54,I,
2015,Dominican Republic,214,Original index,52,52,Original index,C,Total manufacturing,C,90.85,I,
2016,Dominican Republic,214,Original index,52,52,Original index,C,Total manufacturing,C,93.66,I,
2017,Dominican Republic,214,Original index,52,52,Original index,C,Total manufacturing,C,95.89,I,
2018,Dominican Republic,214,Original index,52,52,Original index,C,Total manufacturing,C,101.29,I,
2019,Dominican Republic,214,Original index,52,52,Original index,C,Total manufacturing,C,104.62,I,
2020,Dominican Republic,214,Original index,52,52,Original index,C,Total manufacturing,C,100.0,I,
2021,Dominican Republic,214,Original index,52,52,Original index,C,Total manufacturing,C,114.26,I,
2022,Dominican Republic,214,Original index,52,52,Original index,C,Total manufacturing,C,117.16,I,
2023,Dominican Republic,214,Original index,52,52,Original index,C,Total manufacturing,C,115.36,I,
2024,Dominican Republic,214,Original index,52,52,Original index,C,Total manufacturing,C,120.34,I,
2025,Dominican Republic,214,Original index,52,52,Original index,C,Total manufacturing,C,121.97,I,
2001,Ecuador,218,Original index,52,52,Original index,C,Total manufacturing,C,75.71,I,
2002,Ecuador,218,Original index,52,52,Original index,C,Total manufacturing,C,77.1,I,
2003,Ecuador,218,Original index,52,52,Original index,C,Total manufacturing,C,76.62,I,
2004,Ecuador,218,Original index,52,52,Original index,C,Total manufacturing,C,80.25,I,
2005,Ecuador,218,Original index,52,52,Original index,C,Total manufacturing,C,83.42,I,
2006,Ecuador,218,Original index,52,52,Original index,C,Total manufacturing,C,86.34,I,
2007,Ecuador,218,Original index,52,52,Original index,C,Total manufacturing,C,88.77,I,
2008,Ecuador,218,Original index,52,52,Original index,C,Total manufacturing,C,96.05,I,
2009,Ecuador,218,Original index,52,52,Original index,C,Total manufacturing,C,95.2,I,
2010,Ecuador,218,Original index,52,52,Original index,C,Total manufacturing,C,96.92,I,
2011,Ecuador,218,Original index,52,52,Original index,C,Total manufacturing,C,102.85,I,
2012,Ecuador,218,Original index,52,52,Original index,C,Total manufacturing,C,107.07,I,
2013,Ecuador,218,Original index,52,52,Original index,C,Total manufacturing,C,107.95,I,
2014,Ecuador,218,Original index,52,52,Original index,C,Total manufacturing,C,107.32,I,
2015,Ecuador,218,Original index,52,52,Original index,C,Total manufacturing,C,108.08,I,
2016,Ecuador,218,Original index,52,52,Original index,C,Total manufacturing,C,108.27,I,
2017,Ecuador,218,Original index,52,52,Original index,C,Total manufacturing,C,113.47,I,
2018,Ecuador,218,Original index,52,52,Original index,C,Total manufacturing,C,114.3,I,
2019,Ecuador,218,Original index,52,52,Original index,C,Total manufacturing,C,111.78,I,
2020,Ecuador,218,Original index,52,52,Original index,C,Total manufacturing,C,100.0,I,
2021,Ecuador,218,Original index,52,52,Original index,C,Total manufacturing,C,114.96,I,
2022,Ecuador,218,Original index,52,52,Original index,C,Total manufacturing,C,122.43,I,
2023,Ecuador,218,Original index,52,52,Original index,C,Total manufacturing,C,121.96,I,
2024,Ecuador,218,Original index,52,52,Original index,C,Total manufacturing,C,117.58,I,
2025,Ecuador,218,Original index,52,52,Original index,C,Total manufacturing,C,123.56,I,
1981,Egypt,818,Original index,52,52,Original index,C,Total manufacturing,C,44.45,I,
1982,Egypt,818,Original index,52,52,Original index,C,Total manufacturing,C,49.11,I,
1983,Egypt,818,Original index,52,52,Original index,C,Total manufacturing,C,53.07,I,
1984,Egypt,818,Original index,52,52,Original index,C,Total manufacturing,C,58.28,I,
1985,Egypt,818,Original index,52,52,Original index,C,Total manufacturing,C,62.59,I,
1986,Egypt,818,Original index,52,52,Original index,C,Total manufacturing,C,55.99,I,
1987,Egypt,818,Original index,52,52,Original index,C,Total manufacturing,C,58.5,I,
1988,Egypt,818,Original index,52,52,Original index,C,Total manufacturing,C,58.71,I,
1989,Egypt,818,Original index,52,52,Original index,C,Total manufacturing,C,57.26,I,
1990,Egypt,818,Original index,52,52,Original index,C,Total manufacturing,C,53.54,I,
1991,Egypt,818,Original index,52,52,Original index,C,Total manufacturing,C,56.83,I,
1992,Egypt,818,Original index,52,52,Original index,C,Total manufacturing,C,51.67,I,
1993,Egypt,818,Original index,52,52,Original index,C,Total manufacturing,C,53.24,I,
1994,Egypt,818,Original index,52,52,Original index,C,Total manufacturing,C,54.24,I,
1995,Egypt,818,Original index,52,52,Original index,C,Total manufacturing,C,54.2,I,
1996,Egypt,818,Original index,52,52,Original index,C,Total manufacturing,C,65.23,I,
1997,Egypt,818,Original index,52,52,Original index,C,Total manufacturing,C,72.62,I,
1998,Egypt,818,Original index,52,52,Original index,C,Total manufacturing,C,78.4,I,
1999,Egypt,818,Original index,52,52,Original index,C,Total manufacturing,C,72.52,I,
2000,Egypt,818,Original index,52,52,Original index,C,Total manufacturing,C,69.02,I,
2001,Egypt,818,Original index,52,52,Original index,C,Total manufacturing,C,67.83,I,
2002,Egypt,818,Original index,52,52,Original index,C,Total manufacturing,C,71.97,I,
2003,Egypt,818,Original index,52,52,Original index,C,Total manufacturing,C,68.08,I,
2004,Egypt,818,Original index,52,52,Original index,C,Total manufacturing,C,72.33,I,
2005,Egypt,818,Original index,52,52,Original index,C,Total manufacturing,C,79.46,I,
2006,Egypt,818,Original index,52,52,Original index,C,Total manufacturing,C,91.69,I,
2007,Egypt,818,Original index,52,52,Original index,C,Total manufacturing,C,99.61,I,
2008,Egypt,818,Original index,52,52,Original index,C,Total manufacturing,C,102.99,I,
2009,Egypt,818,Original index,52,52,Original index,C,Total manufacturing,C,102.49,I,
2010,Egypt,818,Original index,52,52,Original index,C,Total manufacturing,C,101.68,I,
2011,Egypt,818,Original index,52,52,Original index,C,Total manufacturing,C,95.7,I,
2012,Egypt,818,Original index,52,52,Original index,C,Total manufacturing,C,98.26,I,
2013,Egypt,818,Original index,52,52,Original index,C,Total manufacturing,C,98.12,I,
2014,Egypt,818,Original index,52,52,Original index,C,Total manufacturing,C,101.5,I,
2015,Egypt,818,Original index,52,52,Original index,C,Total manufacturing,C,102.36,I,
2016,Egypt,818,Original index,52,52,Original index,C,Total manufacturing,C,105.88,I,
2017,Egypt,818,Original index,52,52,Original index,C,Total manufacturing,C,110.84,I,
2018,Egypt,818,Original index,52,52,Original index,C,Total manufacturing,C,112.49,I,
2019,Egypt,818,Original index,52,52,Original index,C,Total manufacturing,C,115.44,I,
2020,Egypt,818,Original index,52,52,Original index,C,Total manufacturing,C,100.0,I,
2021,Egypt,818,Original index,52,52,Original index,C,Total manufacturing,C,108.55,I,
2022,Egypt,818,Original index,52,52,Original index,C,Total manufacturing,C,110.92,I,
2023,Egypt,818,Original index,52,52,Original index,C,Total manufacturing,C,100.47,I,
2024,Egypt,818,Original index,52,52,Original index,C,Total manufacturing,C,106.2,I,
2025,Egypt,818,Original index,52,52,Original index,C,Total manufacturing,C,121.0,I,
1990,El Salvador,222,Original index,52,52,Original index,C,Total manufacturing,C,48.67,I,
1991,El Salvador,222,Original index,52,52,Original index,C,Total manufacturing,C,51.55,I,
1992,El Salvador,222,Original index,52,52,Original index,C,Total manufacturing,C,56.64,I,
1993,El Salvador,222,Original index,52,52,Original index,C,Total manufacturing,C,55.78,I,
1994,El Salvador,222,Original index,52,52,Original index,C,Total manufacturing,C,59.89,I,
1995,El Salvador,222,Original index,52,52,Original index,C,Total manufacturing,C,64.0,I,
1996,El Salvador,222,Original index,52,52,Original index,C,Total manufacturing,C,65.11,I,
1997,El Salvador,222,Original index,52,52,Original index,C,Total manufacturing,C,70.31,I,
1998,El Salvador,222,Original index,52,52,Original index,C,Total manufacturing,C,74.97,I,
1999,El Salvador,222,Original index,52,52,Original index,C,Total manufacturing,C,77.74,I,
2000,El Salvador,222,Original index,52,52,Original index,C,Total manufacturing,C,80.96,I,
2001,El Salvador,222,Original index,52,52,Original index,C,Total manufacturing,C,84.24,I,
2002,El Salvador,222,Original index,52,52,Original index,C,Total manufacturing,C,86.69,I,
2003,El Salvador,222,Original index,52,52,Original index,C,Total manufacturing,C,88.64,I,
2004,El Salvador,222,Original index,52,52,Original index,C,Total manufacturing,C,89.49,I,
2005,El Salvador,222,Original index,52,52,Original index,C,Total manufacturing,C,91.03,I,
2006,El Salvador,222,Original index,52,52,Original index,C,Total manufacturing,C,93.66,I,
2007,El Salvador,222,Original index,52,52,Original index,C,Total manufacturing,C,95.63,I,
2008,El Salvador,222,Original index,52,52,Original index,C,Total manufacturing,C,100.81,I,
2009,El Salvador,222,Original index,52,52,Original index,C,Total manufacturing,C,96.64,I,
2010,El Salvador,222,Original index,52,52,Original index,C,Total manufacturing,C,98.45,I,
2011,El Salvador,222,Original index,52,52,Original index,C,Total manufacturing,C,102.55,I,
2012,El Salvador,222,Original index,52,52,Original index,C,Total manufacturing,C,104.09,I,
2013,El Salvador,222,Original index,52,52,Original index,C,Total manufacturing,C,104.92,I,
2014,El Salvador,222,Original index,52,52,Original index,C,Total manufacturing,C,107.56,I,
2015,El Salvador,222,Original index,52,52,Original index,C,Total manufacturing,C,110.83,I,
2016,El Salvador,222,Original index,52,52,Original index,C,Total manufacturing,C,112.29,I,
2017,El Salvador,222,Original index,52,52,Original index,C,Total manufacturing,C,113.72,I,
2018,El Salvador,222,Original index,52,52,Original index,C,Total manufacturing,C,114.25,I,
2019,El Salvador,222,Original index,52,52,Original index,C,Total manufacturing,C,116.49,I,
2020,El Salvador,222,Original index,52,52,Original index,C,Total manufacturing,C,100.0,I,
2021,El Salvador,222,Original index,52,52,Original index,C,Total manufacturing,C,111.73,I,
2022,El Salvador,222,Original index,52,52,Original index,C,Total manufacturing,C,108.33,I,
2023,El Salvador,222,Original index,52,52,Original index,C,Total manufacturing,C,105.52,I,
2024,El Salvador,222,Original index,52,52,Original index,C,Total manufacturing,C,107.02,I,
2025,El Salvador,222,Original index,52,52,Original index,C,Total manufacturing,C,109.12,I,
2006,Equatorial Guinea,226,Original index,52,52,Original index,C,Total manufacturing,C,31.09,I,
2007,Equatorial Guinea,226,Original index,52,52,Original index,C,Total manufacturing,C,69.9,I,
2008,Equatorial Guinea,226,Original index,52,52,Original index,C,Total manufacturing,C,120.44,I,
2009,Equatorial Guinea,226,Original index,52,52,Original index,C,Total manufacturing,C,136.91,I,
2010,Equatorial Guinea,226,Original index,52,52,Original index,C,Total manufacturing,C,120.14,I,
2011,Equatorial Guinea,226,Original index,52,52,Original index,C,Total manufacturing,C,130.46,I,
2012,Equatorial Guinea,226,Original index,52,52,Original index,C,Total manufacturing,C,123.79,I,
2013,Equatorial Guinea,226,Original index,52,52,Original index,C,Total manufacturing,C,130.22,I,
2014,Equatorial Guinea,226,Original index,52,52,Original index,C,Total manufacturing,C,131.43,I,
2015,Equatorial Guinea,226,Original index,52,52,Original index,C,Total manufacturing,C,118.05,I,
2016,Equatorial Guinea,226,Original index,52,52,Original index,C,Total manufacturing,C,124.41,I,
2017,Equatorial Guinea,226,Original index,52,52,Original index,C,Total manufacturing,C,136.06,I,
2018,Equatorial Guinea,226,Original index,52,52,Original index,C,Total manufacturing,C,122.03,I,
2019,Equatorial Guinea,226,Original index,52,52,Original index,C,Total manufacturing,C,107.75,I,
2020,Equatorial Guinea,226,Original index,52,52,Original index,C,Total manufacturing,C,100.0,I,
2021,Equatorial Guinea,226,Original index,52,52,Original index,C,Total manufacturing,C,110.74,I,
2022,Equatorial Guinea,226,Original index,52,52,Original index,C,Total manufacturing,C,118.99,I,
2023,Equatorial Guinea,226,Original index,52,52,Original index,C,Total manufacturing,C,107.16,I,
1985,Estonia,233,Original index,52,52,Original index,C,Total manufacturing,C,47.33,I,
1986,Estonia,233,Original index,52,52,Original index,C,Total manufacturing,C,49.49,I,
1987,Estonia,233,Original index,52,52,Original index,C,Total manufacturing,C,51.01,I,
1988,Estonia,233,Original index,52,52,Original index,C,Total manufacturing,C,52.75,I,
1989,Estonia,233,Original index,52,52,Original index,C,Total manufacturing,C,53.2,I,
1990,Estonia,233,Original index,52,52,Original index,C,Total manufacturing,C,53.43,I,
1991,Estonia,233,Original index,52,52,Original index,C,Total manufacturing,C,49.42,I,
1992,Estonia,233,Original index,52,52,Original index,C,Total manufacturing,C,30.64,I,
1993,Estonia,233,Original index,52,52,Original index,C,Total manufacturing,C,24.95,I,
1994,Estonia,233,Original index,52,52,Original index,C,Total manufacturing,C,24.18,I,
1995,Estonia,233,Original index,52,52,Original index,C,Total manufacturing,C,24.87,I,
1996,Estonia,233,Original index,52,52,Original index,C,Total manufacturing,C,25.41,I,
1997,Estonia,233,Original index,52,52,Original index,C,Total manufacturing,C,30.11,I,
1998,Estonia,233,Original index,52,52,Original index,C,Total manufacturing,C,31.81,I,
1999,Estonia,233,Original index,52,52,Original index,C,Total manufacturing,C,31.02,I,
2000,Estonia,233,Original index,52,52,Original index,C,Total manufacturing,C,36.15,I,
2001,Estonia,233,Original index,52,52,Original index,C,Total manufacturing,C,39.72,I,
2002,Estonia,233,Original index,52,52,Original index,C,Total manufacturing,C,43.29,I,
2003,Estonia,233,Original index,52,52,Original index,C,Total manufacturing,C,47.88,I,
2004,Estonia,233,Original index,52,52,Original index,C,Total manufacturing,C,53.44,I,
2005,Estonia,233,Original index,52,52,Original index,C,Total manufacturing,C,59.78,I,
2006,Estonia,233,Original index,52,52,Original index,C,Total manufacturing,C,65.96,I,
2007,Estonia,233,Original index,52,52,Original index,C,Total manufacturing,C,70.0,I,
2008,Estonia,233,Original index,52,52,Original index,C,Total manufacturing,C,66.74,I,
2009,Estonia,233,Original index,52,52,Original index,C,Total manufacturing,C,49.78,I,
2010,Estonia,233,Original index,52,52,Original index,C,Total manufacturing,C,61.35,I,
2011,Estonia,233,Original index,52,52,Original index,C,Total manufacturing,C,75.17,I,
2012,Estonia,233,Original index,52,52,Original index,C,Total manufacturing,C,76.4,I,
2013,Estonia,233,Original index,52,52,Original index,C,Total manufacturing,C,79.33,I,
2014,Estonia,233,Original index,52,52,Original index,C,Total manufacturing,C,83.26,I,
2015,Estonia,233,Original index,52,52,Original index,C,Total manufacturing,C,84.38,I,
2016,Estonia,233,Original index,52,52,Original index,C,Total manufacturing,C,87.19,I,
2017,Estonia,233,Original index,52,52,Original index,C,Total manufacturing,C,89.89,I,
2018,Estonia,233,Original index,52,52,Original index,C,Total manufacturing,C,94.27,I,
2019,Estonia,233,Original index,52,52,Original index,C,Total manufacturing,C,103.15,I,
2020,Estonia,233,Original index,52,52,Original index,C,Total manufacturing,C,100.0,I,
2021,Estonia,233,Original index,52,52,Original index,C,Total manufacturing,C,112.36,I,
2022,Estonia,233,Original index,52,52,Original index,C,Total manufacturing,C,112.47,I,
2023,Estonia,233,Original index,52,52,Original index,C,Total manufacturing,C,102.81,I,
2024,Estonia,233,Original index,52,52,Original index,C,Total manufacturing,C,101.35,I,
2025,Estonia,233,Original index,52,52,Original index,C,Total manufacturing,C,104.04,I,
2013,Eswatini,748,Original index,52,52,Original index,C,Total manufacturing,C,93.55,I,
2014,Eswatini,748,Original index,52,52,Original index,C,Total manufacturing,C,98.08,I,
2015,Eswatini,748,Original index,52,52,Original index,C,Total manufacturing,C,100.26,I,
2016,Eswatini,748,Original index,52,52,Original index,C,Total manufacturing,C,102.36,I,
2017,Eswatini,748,Original index,52,52,Original index,C,Total manufacturing,C,105.73,I,
2018,Eswatini,748,Original index,52,52,Original index,C,Total manufacturing,C,105.58,I,
2019,Eswatini,748,Original index,52,52,Original index,C,Total manufacturing,C,113.52,I,
2020,Eswatini,748,Original index,52,52,Original index,C,Total manufacturing,C,100.0,I,
2021,Eswatini,748,Original index,52,52,Original index,C,Total manufacturing,C,117.62,I,
2022,Eswatini,748,Original index,52,52,Original index,C,Total manufacturing,C,116.92,I,
2023,Eswatini,748,Original index,52,52,Original index,C,Total manufacturing,C,115.69,I,
1981,Fiji,242,Original index,52,52,Original index,C,Total manufacturing,C,106.77,I,
1982,Fiji,242,Original index,52,52,Original index,C,Total manufacturing,C,104.12,I,
1983,Fiji,242,Original index,52,52,Original index,C,Total manufacturing,C,91.17,I,
1984,Fiji,242,Original index,52,52,Original index,C,Total manufacturing,C,110.67,I,
1985,Fiji,242,Original index,52,52,Original index,C,Total manufacturing,C,94.49,I,
1986,Fiji,242,Original index,52,52,Original index,C,Total manufacturing,C,113.57,I,
1987,Fiji,242,Original index,52,52,Original index,C,Total manufacturing,C,98.58,I,
1988,Fiji,242,Original index,52,52,Original index,C,Total manufacturing,C,93.36,I,
1989,Fiji,242,Original index,52,52,Original index,C,Total manufacturing,C,110.05,I,
1990,Fiji,242,Original index,52,52,Original index,C,Total manufacturing,C,132.99,I,
1991,Fiji,242,Original index,52,52,Original index,C,Total manufacturing,C,144.35,I,
1992,Fiji,242,Original index,52,52,Original index,C,Total manufacturing,C,121.75,I,
1993,Fiji,242,Original index,52,52,Original index,C,Total manufacturing,C,132.2,I,
1994,Fiji,242,Original index,52,52,Original index,C,Total manufacturing,C,138.79,I,
1995,Fiji,242,Original index,52,52,Original index,C,Total manufacturing,C,143.78,I,
1996,Fiji,242,Original index,52,52,Original index,C,Total manufacturing,C,105.96,I,
1997,Fiji,242,Original index,52,52,Original index,C,Total manufacturing,C,112.67,I,
1998,Fiji,242,Original index,52,52,Original index,C,Total manufacturing,C,116.41,I,
1999,Fiji,242,Original index,52,52,Original index,C,Total manufacturing,C,122.09,I,
2000,Fiji,242,Original index,52,52,Original index,C,Total manufacturing,C,109.83,I,
2001,Fiji,242,Original index,52,52,Original index,C,Total manufacturing,C,117.44,I,
2002,Fiji,242,Original index,52,52,Original index,C,Total manufacturing,C,117.1,I,
2003,Fiji,242,Original index,52,52,Original index,C,Total manufacturing,C,114.99,I,
2004,Fiji,242,Original index,52,52,Original index,C,Total manufacturing,C,129.16,I,
2005,Fiji,242,Original index,52,52,Original index,C,Total manufacturing,C,107.99,I,
2006,Fiji,242,Original index,52,52,Original index,C,Total manufacturing,C,112.63,I,
2007,Fiji,242,Original index,52,52,Original index,C,Total manufacturing,C,111.55,I,
2008,Fiji,242,Original index,52,52,Original index,C,Total manufacturing,C,105.93,I,
2009,Fiji,242,Original index,52,52,Original index,C,Total manufacturing,C,102.48,I,
2010,Fiji,242,Original index,52,52,Original index,C,Total manufacturing,C,111.12,I,
2011,Fiji,242,Original index,52,52,Original index,C,Total manufacturing,C,115.11,I,
2012,Fiji,242,Original index,52,52,Original index,C,Total manufacturing,C,85.53,I,
2013,Fiji,242,Original index,52,52,Original index,C,Total manufacturing,C,90.02,I,
2014,Fiji,242,Original index,52,52,Original index,C,Total manufacturing,C,92.67,I,
2015,Fiji,242,Original index,52,52,Original index,C,Total manufacturing,C,101.0,I,
2016,Fiji,242,Original index,52,52,Original index,C,Total manufacturing,C,102.97,I,
2017,Fiji,242,Original index,52,52,Original index,C,Total manufacturing,C,104.67,I,
2018,Fiji,242,Original index,52,52,Original index,C,Total manufacturing,C,108.44,I,
2019,Fiji,242,Original index,52,52,Original index,C,Total manufacturing,C,105.4,I,
2020,Fiji,242,Original index,52,52,Original index,C,Total manufacturing,C,100.0,I,
2021,Fiji,242,Original index,52,52,Original index,C,Total manufacturing,C,97.71,I,
2022,Fiji,242,Original index,52,52,Original index,C,Total manufacturing,C,101.77,I,
2023,Fiji,242,Original index,52,52,Original index,C,Total manufacturing,C,99.45,I,
2024,Fiji,242,Original index,52,52,Original index,C,Total manufacturing,C,101.53,I,
2025,Fiji,242,Original index,52,52,Original index,C,Total manufacturing,C,102.21,I,
1981,Finland,246,Original index,52,52,Original index,C,Total manufacturing,C,40.18,I,
1982,Finland,246,Original index,52,52,Original index,C,Total manufacturing,C,40.57,I,
1983,Finland,246,Original index,52,52,Original index,C,Total manufacturing,C,41.94,I,
1984,Finland,246,Original index,52,52,Original index,C,Total manufacturing,C,43.66,I,
1985,Finland,246,Original index,52,52,Original index,C,Total manufacturing,C,45.18,I,
1986,Finland,246,Original index,52,52,Original index,C,Total manufacturing,C,45.95,I,
1987,Finland,246,Original index,52,52,Original index,C,Total manufacturing,C,48.3,I,
1988,Finland,246,Original index,52,52,Original index,C,Total manufacturing,C,50.2,I,
1989,Finland,246,Original index,52,52,Original index,C,Total manufacturing,C,52.01,I,
1990,Finland,246,Original index,52,52,Original index,C,Total manufacturing,C,51.56,I,
1991,Finland,246,Original index,52,52,Original index,C,Total manufacturing,C,46.38,I,
1992,Finland,246,Original index,52,52,Original index,C,Total manufacturing,C,47.0,I,
1993,Finland,246,Original index,52,52,Original index,C,Total manufacturing,C,49.54,I,
1994,Finland,246,Original index,52,52,Original index,C,Total manufacturing,C,55.33,I,
1995,Finland,246,Original index,52,52,Original index,C,Total manufacturing,C,59.27,I,
1996,Finland,246,Original index,52,52,Original index,C,Total manufacturing,C,60.76,I,
1997,Finland,246,Original index,52,52,Original index,C,Total manufacturing,C,66.29,I,
1998,Finland,246,Original index,52,52,Original index,C,Total manufacturing,C,73.21,I,
1999,Finland,246,Original index,52,52,Original index,C,Total manufacturing,C,77.6,I,
2000,Finland,246,Original index,52,52,Original index,C,Total manufacturing,C,87.68,I,
2001,Finland,246,Original index,52,52,Original index,C,Total manufacturing,C,87.77,I,
2002,Finland,246,Original index,52,52,Original index,C,Total manufacturing,C,89.57,I,
2003,Finland,246,Original index,52,52,Original index,C,Total manufacturing,C,89.75,I,
2004,Finland,246,Original index,52,52,Original index,C,Total manufacturing,C,95.7,I,
2005,Finland,246,Original index,52,52,Original index,C,Total manufacturing,C,96.78,I,
2006,Finland,246,Original index,52,52,Original index,C,Total manufacturing,C,105.09,I,
2007,Finland,246,Original index,52,52,Original index,C,Total manufacturing,C,111.21,I,
2008,Finland,246,Original index,52,52,Original index,C,Total manufacturing,C,113.4,I,
2009,Finland,246,Original index,52,52,Original index,C,Total manufacturing,C,90.34,I,
2010,Finland,246,Original index,52,52,Original index,C,Total manufacturing,C,94.81,I,
2011,Finland,246,Original index,52,52,Original index,C,Total manufacturing,C,97.61,I,
2012,Finland,246,Original index,52,52,Original index,C,Total manufacturing,C,95.85,I,
2013,Finland,246,Original index,52,52,Original index,C,Total manufacturing,C,92.21,I,
2014,Finland,246,Original index,52,52,Original index,C,Total manufacturing,C,90.86,I,
2015,Finland,246,Original index,52,52,Original index,C,Total manufacturing,C,90.03,I,
2016,Finland,246,Original index,52,52,Original index,C,Total manufacturing,C,94.08,I,
2017,Finland,246,Original index,52,52,Original index,C,Total manufacturing,C,97.72,I,
2018,Finland,246,Original index,52,52,Original index,C,Total manufacturing,C,100.83,I,
2019,Finland,246,Original index,52,52,Original index,C,Total manufacturing,C,103.22,I,
2020,Finland,246,Original index,52,52,Original index,C,Total manufacturing,C,100.0,I,
2021,Finland,246,Original index,52,52,Original index,C,Total manufacturing,C,103.84,I,
2022,Finland,246,Original index,52,52,Original index,C,Total manufacturing,C,108.41,I,
2023,Finland,246,Original index,52,52,Original index,C,Total manufacturing,C,104.05,I,
2024,Finland,246,Original index,52,52,Original index,C,Total manufacturing,C,103.01,I,
2025,Finland,246,Original index,52,52,Original index,C,Total manufacturing,C,104.47,I,
1985,France,250,Original index,52,52,Original index,C,Total manufacturing,C,92.62,I,
1986,France,250,Original index,52,52,Original index,C,Total manufacturing,C,92.82,I,
1987,France,250,Original index,52,52,Original index,C,Total manufacturing,C,93.76,I,
1988,France,250,Original index,52,52,Original index,C,Total manufacturing,C,98.42,I,
1989,France,250,Original index,52,52,Original index,C,Total manufacturing,C,102.15,I,
1990,France,250,Original index,52,52,Original index,C,Total manufacturing,C,103.6,I,
1991,France,250,Original index,52,52,Original index,C,Total manufacturing,C,102.17,I,
1992,France,250,Original index,52,52,Original index,C,Total manufacturing,C,100.39,I,
1993,France,250,Original index,52,52,Original index,C,Total manufacturing,C,95.64,I,
1994,France,250,Original index,52,52,Original index,C,Total manufacturing,C,100.27,I,
1995,France,250,Original index,52,52,Original index,C,Total manufacturing,C,102.05,I,
1996,France,250,Original index,52,52,Original index,C,Total manufacturing,C,101.34,I,
1997,France,250,Original index,52,52,Original index,C,Total manufacturing,C,106.57,I,
1998,France,250,Original index,52,52,Original index,C,Total manufacturing,C,111.08,I,
1999,France,250,Original index,52,52,Original index,C,Total manufacturing,C,113.93,I,
2000,France,250,Original index,52,52,Original index,C,Total manufacturing,C,118.81,I,
2001,France,250,Original index,52,52,Original index,C,Total manufacturing,C,119.88,I,
2002,France,250,Original index,52,52,Original index,C,Total manufacturing,C,118.16,I,
2003,France,250,Original index,52,52,Original index,C,Total manufacturing,C,116.55,I,
2004,France,250,Original index,52,52,Original index,C,Total manufacturing,C,119.45,I,
2005,France,250,Original index,52,52,Original index,C,Total manufacturing,C,119.45,I,
2006,France,250,Original index,52,52,Original index,C,Total manufacturing,C,120.51,I,
2007,France,250,Original index,52,52,Original index,C,Total manufacturing,C,122.41,I,
2008,France,250,Original index,52,52,Original index,C,Total manufacturing,C,118.5,I,
2009,France,250,Original index,52,52,Original index,C,Total manufacturing,C,102.22,I,
2010,France,250,Original index,52,52,Original index,C,Total manufacturing,C,106.87,I,
2011,France,250,Original index,52,52,Original index,C,Total manufacturing,C,110.78,I,
2012,France,250,Original index,52,52,Original index,C,Total manufacturing,C,107.4,I,
2013,France,250,Original index,52,52,Original index,C,Total manufacturing,C,107.08,I,
2014,France,250,Original index,52,52,Original index,C,Total manufacturing,C,106.77,I,
2015,France,250,Original index,52,52,Original index,C,Total manufacturing,C,108.35,I,
2016,France,250,Original index,52,52,Original index,C,Total manufacturing,C,108.77,I,
2017,France,250,Original index,52,52,Original index,C,Total manufacturing,C,111.52,I,
2018,France,250,Original index,52,52,Original index,C,Total manufacturing,C,112.26,I,
2019,France,250,Original index,52,52,Original index,C,Total manufacturing,C,112.9,I,
2020,France,250,Original index,52,52,Original index,C,Total manufacturing,C,100.0,I,
2021,France,250,Original index,52,52,Original index,C,Total manufacturing,C,105.71,I,
2022,France,250,Original index,52,52,Original index,C,Total manufacturing,C,107.72,I,
2023,France,250,Original index,52,52,Original index,C,Total manufacturing,C,108.25,I,
2024,France,250,Original index,52,52,Original index,C,Total manufacturing,C,108.25,I,
2025,France,250,Original index,52,52,Original index,C,Total manufacturing,C,108.56,I,
2014,Gambia,270,Original index,52,52,Original index,C,Total manufacturing,C,172.59,I,
2015,Gambia,270,Original index,52,52,Original index,C,Total manufacturing,C,177.14,I,
2016,Gambia,270,Original index,52,52,Original index,C,Total manufacturing,C,164.66,I,
2017,Gambia,270,Original index,52,52,Original index,C,Total manufacturing,C,151.7,I,
2018,Gambia,270,Original index,52,52,Original index,C,Total manufacturing,C,149.88,I,
2019,Gambia,270,Original index,52,52,Original index,C,Total manufacturing,C,142.12,I,
2020,Gambia,270,Original index,52,52,Original index,C,Total manufacturing,C,100.0,I,
2021,Gambia,270,Original index,52,52,Original index,C,Total manufacturing,C,71.8,I,
2022,Gambia,270,Original index,52,52,Original index,C,Total manufacturing,C,53.59,I,
2023,Gambia,270,Original index,52,52,Original index,C,Total manufacturing,C,78.27,I,
2024,Gambia,270,Original index,52,52,Original index,C,Total manufacturing,C,84.81,I,
2000,Georgia,268,Original index,52,52,Original index,C,Total manufacturing,C,18.84,I,
2001,Georgia,268,Original index,52,52,Original index,C,Total manufacturing,C,18.42,I,
2002,Georgia,268,Original index,52,52,Original index,C,Total manufacturing,C,24.8,I,
2003,Georgia,268,Original index,52,52,Original index,C,Total manufacturing,C,30.68,I,
2004,Georgia,268,Original index,52,52,Original index,C,Total manufacturing,C,33.47,I,
2005,Georgia,268,Original index,52,52,Original index,C,Total manufacturing,C,47.06,I,
2006,Georgia,268,Original index,52,52,Original index,C,Total manufacturing,C,63.9,I,
2007,Georgia,268,Original index,52,52,Original index,C,Total manufacturing,C,68.71,I,
2008,Georgia,268,Original index,52,52,Original index,C,Total manufacturing,C,64.25,I,
2009,Georgia,268,Original index,52,52,Original index,C,Total manufacturing,C,56.02,I,
2010,Georgia,268,Original index,52,52,Original index,C,Total manufacturing,C,79.21,I,
2011,Georgia,268,Original index,52,52,Original index,C,Total manufacturing,C,90.26,I,
2012,Georgia,268,Original index,52,52,Original index,C,Total manufacturing,C,95.3,I,
2013,Georgia,268,Original index,52,52,Original index,C,Total manufacturing,C,99.69,I,
2014,Georgia,268,Original index,52,52,Original index,C,Total manufacturing,C,99.74,I,
2015,Georgia,268,Original index,52,52,Original index,C,Total manufacturing,C,90.0,I,
2016,Georgia,268,Original index,52,52,Original index,C,Total manufacturing,C,88.63,I,
2017,Georgia,268,Original index,52,52,Original index,C,Total manufacturing,C,100.4,I,
2018,Georgia,268,Original index,52,52,Original index,C,Total manufacturing,C,104.14,I,
2019,Georgia,268,Original index,52,52,Original index,C,Total manufacturing,C,106.29,I,
2020,Georgia,268,Original index,52,52,Original index,C,Total manufacturing,C,100.0,I,
2021,Georgia,268,Original index,52,52,Original index,C,Total manufacturing,C,107.14,I,
2022,Georgia,268,Original index,52,52,Original index,C,Total manufacturing,C,121.5,I,
2023,Georgia,268,Original index,52,52,Original index,C,Total manufacturing,C,125.17,I,
2024,Georgia,268,Original index,52,52,Original index,C,Total manufacturing,C,130.03,I,
2025,Georgia,268,Original index,52,52,Original index,C,Total manufacturing,C,135.15,I,
1991,Germany,276,Original index,52,52,Original index,C,Total manufacturing,C,79.69,I,
1992,Germany,276,Original index,52,52,Original index,C,Total manufacturing,C,77.87,I,
1993,Germany,276,Original index,52,52,Original index,C,Total manufacturing,C,71.63,I,
1994,Germany,276,Original index,52,52,Original index,C,Total manufacturing,C,74.06,I,
1995,Germany,276,Original index,52,52,Original index,C,Total manufacturing,C,74.58,I,
1996,Germany,276,Original index,52,52,Original index,C,Total manufacturing,C,74.49,I,
1997,Germany,276,Original index,52,52,Original index,C,Total manufacturing,C,77.17,I,
1998,Germany,276,Original index,52,52,Original index,C,Total manufacturing,C,80.47,I,
1999,Germany,276,Original index,52,52,Original index,C,Total manufacturing,C,81.51,I,
2000,Germany,276,Original index,52,52,Original index,C,Total manufacturing,C,86.62,I,
2001,Germany,276,Original index,52,52,Original index,C,Total manufacturing,C,86.72,I,
2002,Germany,276,Original index,52,52,Original index,C,Total manufacturing,C,85.65,I,
2003,Germany,276,Original index,52,52,Original index,C,Total manufacturing,C,85.86,I,
2004,Germany,276,Original index,52,52,Original index,C,Total manufacturing,C,89.74,I,
2005,Germany,276,Original index,52,52,Original index,C,Total manufacturing,C,92.87,I,
2006,Germany,276,Original index,52,52,Original index,C,Total manufacturing,C,98.32,I,
2007,Germany,276,Original index,52,52,Original index,C,Total manufacturing,C,104.4,I,
2008,Germany,276,Original index,52,52,Original index,C,Total manufacturing,C,105.35,I,
2009,Germany,276,Original index,52,52,Original index,C,Total manufacturing,C,87.21,I,
2010,Germany,276,Original index,52,52,Original index,C,Total manufacturing,C,97.69,I,
2011,Germany,276,Original index,52,52,Original index,C,Total manufacturing,C,105.97,I,
2012,Germany,276,Original index,52,52,Original index,C,Total manufacturing,C,104.82,I,
2013,Germany,276,Original index,52,52,Original index,C,Total manufacturing,C,104.72,I,
2014,Germany,276,Original index,52,52,Original index,C,Total manufacturing,C,106.81,I,
2015,Germany,276,Original index,52,52,Original index,C,Total manufacturing,C,107.97,I,
2016,Germany,276,Original index,52,52,Original index,C,Total manufacturing,C,109.12,I,
2017,Germany,276,Original index,52,52,Original index,C,Total manufacturing,C,112.05,I,
2018,Germany,276,Original index,52,52,Original index,C,Total manufacturing,C,113.31,I,
2019,Germany,276,Original index,52,52,Original index,C,Total manufacturing,C,109.75,I,
2020,Germany,276,Original index,52,52,Original index,C,Total manufacturing,C,100.0,I,
2021,Germany,276,Original index,52,52,Original index,C,Total manufacturing,C,104.82,I,
2022,Germany,276,Original index,52,52,Original index,C,Total manufacturing,C,104.61,I,
2023,Germany,276,Original index,52,52,Original index,C,Total manufacturing,C,103.35,I,
2024,Germany,276,Original index,52,52,Original index,C,Total manufacturing,C,98.32,I,
2025,Germany,276,Original index,52,52,Original index,C,Total manufacturing,C,97.27,I,
2006,Ghana,288,Original index,52,52,Original index,C,Total manufacturing,C,57.49,I,
2007,Ghana,288,Original index,52,52,Original index,C,Total manufacturing,C,56.79,I,
2008,Ghana,288,Original index,52,52,Original index,C,Total manufacturing,C,58.9,I,
2009,Ghana,288,Original index,52,52,Original index,C,Total manufacturing,C,58.13,I,
2010,Ghana,288,Original index,52,52,Original index,C,Total manufacturing,C,62.54,I,
2011,Ghana,288,Original index,52,52,Original index,C,Total manufacturing,C,73.18,I,
2012,Ghana,288,Original index,52,52,Original index,C,Total manufacturing,C,74.61,I,
2013,Ghana,288,Original index,52,52,Original index,C,Total manufacturing,C,74.24,I,
2014,Ghana,288,Original index,52,52,Original index,C,Total manufacturing,C,72.33,I,
2015,Ghana,288,Original index,52,52,Original index,C,Total manufacturing,C,74.98,I,
2016,Ghana,288,Original index,52,52,Original index,C,Total manufacturing,C,80.92,I,
2017,Ghana,288,Original index,52,52,Original index,C,Total manufacturing,C,88.62,I,
2018,Ghana,288,Original index,52,52,Original index,C,Total manufacturing,C,92.29,I,
2019,Ghana,288,Original index,52,52,Original index,C,Total manufacturing,C,98.12,I,
2020,Ghana,288,Original index,52,52,Original index,C,Total manufacturing,C,100.0,I,
2021,Ghana,288,Original index,52,52,Original index,C,Total manufacturing,C,108.14,I,
2022,Ghana,288,Original index,52,52,Original index,C,Total manufacturing,C,105.46,I,
2023,Ghana,288,Original index,52,52,Original index,C,Total manufacturing,C,106.45,I,
2024,Ghana,288,Original index,52,52,Original index,C,Total manufacturing,C,110.92,I,
2025,Ghana,288,Original index,52,52,Original index,C,Total manufacturing,C,117.29,I,
1981,Greece,300,Original index,52,52,Original index,C,Total manufacturing,C,117.71,I,
1982,Greece,300,Original index,52,52,Original index,C,Total manufacturing,C,115.26,I,
1983,Greece,300,Original index,52,52,Original index,C,Total manufacturing,C,113.62,I,
1984,Greece,300,Original index,52,52,Original index,C,Total manufacturing,C,115.14,I,
1985,Greece,300,Original index,52,52,Original index,C,Total manufacturing,C,118.06,I,
1986,Greece,300,Original index,52,52,Original index,C,Total manufacturing,C,117.24,I,
1987,Greece,300,Original index,52,52,Original index,C,Total manufacturing,C,114.91,I,
1988,Greece,300,Original index,52,52,Original index,C,Total manufacturing,C,120.75,I,
1989,Greece,300,Original index,52,52,Original index,C,Total manufacturing,C,123.44,I,
1990,Greece,300,Original index,52,52,Original index,C,Total manufacturing,C,119.93,I,
1991,Greece,300,Original index,52,52,Original index,C,Total manufacturing,C,118.88,I,
1992,Greece,300,Original index,52,52,Original index,C,Total manufacturing,C,117.24,I,
1993,Greece,300,Original index,52,52,Original index,C,Total manufacturing,C,113.5,I,
1994,Greece,300,Original index,52,52,Original index,C,Total manufacturing,C,112.48,I,
1995,Greece,300,Original index,52,52,Original index,C,Total manufacturing,C,114.75,I,
1996,Greece,300,Original index,52,52,Original index,C,Total manufacturing,C,114.29,I,
1997,Greece,300,Original index,52,52,Original index,C,Total manufacturing,C,116.93,I,
1998,Greece,300,Original index,52,52,Original index,C,Total manufacturing,C,126.46,I,
1999,Greece,300,Original index,52,52,Original index,C,Total manufacturing,C,125.31,I,
2000,Greece,300,Original index,52,52,Original index,C,Total manufacturing,C,131.74,I,
2001,Greece,300,Original index,52,52,Original index,C,Total manufacturing,C,125.75,I,
2002,Greece,300,Original index,52,52,Original index,C,Total manufacturing,C,124.37,I,
2003,Greece,300,Original index,52,52,Original index,C,Total manufacturing,C,123.63,I,
2004,Greece,300,Original index,52,52,Original index,C,Total manufacturing,C,124.37,I,
2005,Greece,300,Original index,52,52,Original index,C,Total manufacturing,C,122.25,I,
2006,Greece,300,Original index,52,52,Original index,C,Total manufacturing,C,124.65,I,
2007,Greece,300,Original index,52,52,Original index,C,Total manufacturing,C,127.37,I,
2008,Greece,300,Original index,52,52,Original index,C,Total manufacturing,C,121.37,I,
2009,Greece,300,Original index,52,52,Original index,C,Total manufacturing,C,107.96,I,
2010,Greece,300,Original index,52,52,Original index,C,Total manufacturing,C,102.51,I,
2011,Greece,300,Original index,52,52,Original index,C,Total manufacturing,C,93.24,I,
2012,Greece,300,Original index,52,52,Original index,C,Total manufacturing,C,89.97,I,
2013,Greece,300,Original index,52,52,Original index,C,Total manufacturing,C,88.88,I,
2014,Greece,300,Original index,52,52,Original index,C,Total manufacturing,C,90.51,I,
2015,Greece,300,Original index,52,52,Original index,C,Total manufacturing,C,92.15,I,
2016,Greece,300,Original index,52,52,Original index,C,Total manufacturing,C,95.09,I,
2017,Greece,300,Original index,52,52,Original index,C,Total manufacturing,C,97.82,I,
2018,Greece,300,Original index,52,52,Original index,C,Total manufacturing,C,100.55,I,
2019,Greece,300,Original index,52,52,Original index,C,Total manufacturing,C,101.42,I,
2020,Greece,300,Original index,52,52,Original index,C,Total manufacturing,C,100.0,I,
2021,Greece,300,Original index,52,52,Original index,C,Total manufacturing,C,109.05,I,
2022,Greece,300,Original index,52,52,Original index,C,Total manufacturing,C,114.18,I,
2023,Greece,300,Original index,52,52,Original index,C,Total manufacturing,C,118.1,I,
2024,Greece,300,Original index,52,52,Original index,C,Total manufacturing,C,122.79,I,
2025,Greece,300,Original index,52,52,Original index,C,Total manufacturing,C,126.72,I,
2003,Greenland,304,Original index,52,52,Original index,C,Total manufacturing,C,93.22,I,
2004,Greenland,304,Original index,52,52,Original index,C,Total manufacturing,C,103.62,I,
2005,Greenland,304,Original index,52,52,Original index,C,Total manufacturing,C,110.3,I,
2006,Greenland,304,Original index,52,52,Original index,C,Total manufacturing,C,89.31,I,
2007,Greenland,304,Original index,52,52,Original index,C,Total manufacturing,C,93.59,I,
2008,Greenland,304,Original index,52,52,Original index,C,Total manufacturing,C,107.42,I,
2009,Greenland,304,Original index,52,52,Original index,C,Total manufacturing,C,87.02,I,
2010,Greenland,304,Original index,52,52,Original index,C,Total manufacturing,C,84.06,I,
2011,Greenland,304,Original index,52,52,Original index,C,Total manufacturing,C,90.27,I,
2012,Greenland,304,Original index,52,52,Original index,C,Total manufacturing,C,97.45,I,
2013,Greenland,304,Original index,52,52,Original index,C,Total manufacturing,C,92.89,I,
2014,Greenland,304,Original index,52,52,Original index,C,Total manufacturing,C,109.15,I,
2015,Greenland,304,Original index,52,52,Original index,C,Total manufacturing,C,101.77,I,
2016,Greenland,304,Original index,52,52,Original index,C,Total manufacturing,C,117.8,I,
2017,Greenland,304,Original index,52,52,Original index,C,Total manufacturing,C,81.89,I,
2018,Greenland,304,Original index,52,52,Original index,C,Total manufacturing,C,94.97,I,
2019,Greenland,304,Original index,52,52,Original index,C,Total manufacturing,C,94.73,I,
2020,Greenland,304,Original index,52,52,Original index,C,Total manufacturing,C,100.0,I,
2021,Greenland,304,Original index,52,52,Original index,C,Total manufacturing,C,92.73,I,
2022,Greenland,304,Original index,52,52,Original index,C,Total manufacturing,C,100.14,I,
2023,Greenland,304,Original index,52,52,Original index,C,Total manufacturing,C,96.98,I,
2010,Grenada,308,Original index,52,52,Original index,C,Total manufacturing,C,89.63,I,
2011,Grenada,308,Original index,52,52,Original index,C,Total manufacturing,C,89.51,I,
2012,Grenada,308,Original index,52,52,Original index,C,Total manufacturing,C,89.31,I,
2013,Grenada,308,Original index,52,52,Original index,C,Total manufacturing,C,87.3,I,
2014,Grenada,308,Original index,52,52,Original index,C,Total manufacturing,C,88.66,I,
2015,Grenada,308,Original index,52,52,Original index,C,Total manufacturing,C,91.89,I,
2016,Grenada,308,Original index,52,52,Original index,C,Total manufacturing,C,96.02,I,
2017,Grenada,308,Original index,52,52,Original index,C,Total manufacturing,C,98.67,I,
2018,Grenada,308,Original index,52,52,Original index,C,Total manufacturing,C,107.96,I,
2019,Grenada,308,Original index,52,52,Original index,C,Total manufacturing,C,111.5,I,
2020,Grenada,308,Original index,52,52,Original index,C,Total manufacturing,C,100.0,I,
2021,Grenada,308,Original index,52,52,Original index,C,Total manufacturing,C,111.21,I,
2022,Grenada,308,Original index,52,52,Original index,C,Total manufacturing,C,120.35,I,
2023,Grenada,308,Original index,52,52,Original index,C,Total manufacturing,C,133.69,I,
1981,Guatemala,320,Original index,52,52,Original index,C,Total manufacturing,C,45.11,I,
1982,Guatemala,320,Original index,52,52,Original index,C,Total manufacturing,C,42.76,I,
1983,Guatemala,320,Original index,52,52,Original index,C,Total manufacturing,C,41.95,I,
1984,Guatemala,320,Original index,52,52,Original index,C,Total manufacturing,C,42.15,I,
1985,Guatemala,320,Original index,52,52,Original index,C,Total manufacturing,C,41.83,I,
1986,Guatemala,320,Original index,52,52,Original index,C,Total manufacturing,C,42.11,I,
1987,Guatemala,320,Original index,52,52,Original index,C,Total manufacturing,C,42.96,I,
1988,Guatemala,320,Original index,52,52,Original index,C,Total manufacturing,C,43.91,I,
1989,Guatemala,320,Original index,52,52,Original index,C,Total manufacturing,C,44.92,I,
1990,Guatemala,320,Original index,52,52,Original index,C,Total manufacturing,C,45.92,I,
1991,Guatemala,320,Original index,52,52,Original index,C,Total manufacturing,C,47.0,I,
1992,Guatemala,320,Original index,52,52,Original index,C,Total manufacturing,C,48.54,I,
1993,Guatemala,320,Original index,52,52,Original index,C,Total manufacturing,C,49.95,I,
1994,Guatemala,320,Original index,52,52,Original index,C,Total manufacturing,C,51.42,I,
1995,Guatemala,320,Original index,52,52,Original index,C,Total manufacturing,C,53.09,I,
1996,Guatemala,320,Original index,52,52,Original index,C,Total manufacturing,C,54.1,I,
1997,Guatemala,320,Original index,52,52,Original index,C,Total manufacturing,C,55.53,I,
1998,Guatemala,320,Original index,52,52,Original index,C,Total manufacturing,C,57.51,I,
1999,Guatemala,320,Original index,52,52,Original index,C,Total manufacturing,C,59.04,I,
2000,Guatemala,320,Original index,52,52,Original index,C,Total manufacturing,C,60.13,I,
2001,Guatemala,320,Original index,52,52,Original index,C,Total manufacturing,C,60.8,I,
2002,Guatemala,320,Original index,52,52,Original index,C,Total manufacturing,C,61.48,I,
2003,Guatemala,320,Original index,52,52,Original index,C,Total manufacturing,C,63.02,I,
2004,Guatemala,320,Original index,52,52,Original index,C,Total manufacturing,C,66.11,I,
2005,Guatemala,320,Original index,52,52,Original index,C,Total manufacturing,C,67.83,I,
2006,Guatemala,320,Original index,52,52,Original index,C,Total manufacturing,C,70.38,I,
2007,Guatemala,320,Original index,52,52,Original index,C,Total manufacturing,C,72.51,I,
2008,Guatemala,320,Original index,52,52,Original index,C,Total manufacturing,C,73.98,I,
2009,Guatemala,320,Original index,52,52,Original index,C,Total manufacturing,C,73.3,I,
2010,Guatemala,320,Original index,52,52,Original index,C,Total manufacturing,C,75.76,I,
2011,Guatemala,320,Original index,52,52,Original index,C,Total manufacturing,C,78.05,I,
2012,Guatemala,320,Original index,52,52,Original index,C,Total manufacturing,C,80.6,I,
2013,Guatemala,320,Original index,52,52,Original index,C,Total manufacturing,C,83.0,I,
2014,Guatemala,320,Original index,52,52,Original index,C,Total manufacturing,C,85.84,I,
2015,Guatemala,320,Original index,52,52,Original index,C,Total manufacturing,C,88.99,I,
2016,Guatemala,320,Original index,52,52,Original index,C,Total manufacturing,C,91.63,I,
2017,Guatemala,320,Original index,52,52,Original index,C,Total manufacturing,C,94.37,I,
2018,Guatemala,320,Original index,52,52,Original index,C,Total manufacturing,C,97.47,I,
2019,Guatemala,320,Original index,52,52,Original index,C,Total manufacturing,C,100.64,I,
2020,Guatemala,320,Original index,52,52,Original index,C,Total manufacturing,C,100.0,I,
2021,Guatemala,320,Original index,52,52,Original index,C,Total manufacturing,C,108.17,I,
2022,Guatemala,320,Original index,52,52,Original index,C,Total manufacturing,C,112.39,I,
2023,Guatemala,320,Original index,52,52,Original index,C,Total manufacturing,C,114.19,I,
2024,Guatemala,320,Original index,52,52,Original index,C,Total manufacturing,C,116.6,I,
2025,Guatemala,320,Original index,52,52,Original index,C,Total manufacturing,C,119.67,I,
2014,Guinea,324,Original index,52,52,Original index,C,Total manufacturing,C,71.98,I,
2015,Guinea,324,Original index,52,52,Original index,C,Total manufacturing,C,80.74,I,
2016,Guinea,324,Original index,52,52,Original index,C,Total manufacturing,C,86.88,I,
2017,Guinea,324,Original index,52,52,Original index,C,Total manufacturing,C,91.67,I,
2018,Guinea,324,Original index,52,52,Original index,C,Total manufacturing,C,100.13,I,
2019,Guinea,324,Original index,52,52,Original index,C,Total manufacturing,C,87.97,I,
2020,Guinea,324,Original index,52,52,Original index,C,Total manufacturing,C,100.0,I,
2021,Guinea,324,Original index,52,52,Original index,C,Total manufacturing,C,132.16,I,
2022,Guinea,324,Original index,52,52,Original index,C,Total manufacturing,C,149.08,I,
2023,Guinea,324,Original index,52,52,Original index,C,Total manufacturing,C,240.32,I,
2024,Guinea,324,Original index,52,52,Original index,C,Total manufacturing,C,265.0,I,
2025,Guinea,324,Original index,52,52,Original index,C,Total manufacturing,C,152.9,I,
2006,Guyana,328,Original index,52,52,Original index,C,Total manufacturing,C,87.7,I,
2007,Guyana,328,Original index,52,52,Original index,C,Total manufacturing,C,92.69,I,
2008,Guyana,328,Original index,52,52,Original index,C,Total manufacturing,C,84.87,I,
2009,Guyana,328,Original index,52,52,Original index,C,Total manufacturing,C,88.24,I,
2010,Guyana,328,Original index,52,52,Original index,C,Total manufacturing,C,87.92,I,
2011,Guyana,328,Original index,52,52,Original index,C,Total manufacturing,C,93.76,I,
2012,Guyana,328,Original index,52,52,Original index,C,Total manufacturing,C,94.9,I,
2013,Guyana,328,Original index,52,52,Original index,C,Total manufacturing,C,102.68,I,
2014,Guyana,328,Original index,52,52,Original index,C,Total manufacturing,C,108.65,I,
2015,Guyana,328,Original index,52,52,Original index,C,Total manufacturing,C,109.72,I,
2016,Guyana,328,Original index,52,52,Original index,C,Total manufacturing,C,91.9,I,
2017,Guyana,328,Original index,52,52,Original index,C,Total manufacturing,C,93.3,I,
2018,Guyana,328,Original index,52,52,Original index,C,Total manufacturing,C,95.39,I,
2019,Guyana,328,Original index,52,52,Original index,C,Total manufacturing,C,109.37,I,
2020,Guyana,328,Original index,52,52,Original index,C,Total manufacturing,C,100.0,I,
2021,Guyana,328,Original index,52,52,Original index,C,Total manufacturing,C,103.59,I,
2022,Guyana,328,Original index,52,52,Original index,C,Total manufacturing,C,106.92,I,
2023,Guyana,328,Original index,52,52,Original index,C,Total manufacturing,C,138.23,I,
1986,Honduras,340,Original index,52,52,Original index,C,Total manufacturing,C,26.81,I,
1987,Honduras,340,Original index,52,52,Original index,C,Total manufacturing,C,29.49,I,
1988,Honduras,340,Original index,52,52,Original index,C,Total manufacturing,C,33.51,I,
1989,Honduras,340,Original index,52,52,Original index,C,Total manufacturing,C,35.31,I,
1990,Honduras,340,Original index,52,52,Original index,C,Total manufacturing,C,36.22,I,
1991,Honduras,340,Original index,52,52,Original index,C,Total manufacturing,C,37.29,I,
1992,Honduras,340,Original index,52,52,Original index,C,Total manufacturing,C,41.13,I,
1993,Honduras,340,Original index,52,52,Original index,C,Total manufacturing,C,46.03,I,
1994,Honduras,340,Original index,52,52,Original index,C,Total manufacturing,C,45.87,I,
1995,Honduras,340,Original index,52,52,Original index,C,Total manufacturing,C,46.49,I,
1996,Honduras,340,Original index,52,52,Original index,C,Total manufacturing,C,49.01,I,
1997,Honduras,340,Original index,52,52,Original index,C,Total manufacturing,C,54.8,I,
1998,Honduras,340,Original index,52,52,Original index,C,Total manufacturing,C,54.1,I,
1999,Honduras,340,Original index,52,52,Original index,C,Total manufacturing,C,56.54,I,
2000,Honduras,340,Original index,52,52,Original index,C,Total manufacturing,C,60.3,I,
2001,Honduras,340,Original index,52,52,Original index,C,Total manufacturing,C,62.4,I,
2002,Honduras,340,Original index,52,52,Original index,C,Total manufacturing,C,65.86,I,
2003,Honduras,340,Original index,52,52,Original index,C,Total manufacturing,C,70.16,I,
2004,Honduras,340,Original index,52,52,Original index,C,Total manufacturing,C,74.09,I,
2005,Honduras,340,Original index,52,52,Original index,C,Total manufacturing,C,76.76,I,
2006,Honduras,340,Original index,52,52,Original index,C,Total manufacturing,C,78.31,I,
2007,Honduras,340,Original index,52,52,Original index,C,Total manufacturing,C,80.6,I,
2008,Honduras,340,Original index,52,52,Original index,C,Total manufacturing,C,82.56,I,
2009,Honduras,340,Original index,52,52,Original index,C,Total manufacturing,C,75.67,I,
2010,Honduras,340,Original index,52,52,Original index,C,Total manufacturing,C,85.52,I,
2011,Honduras,340,Original index,52,52,Original index,C,Total manufacturing,C,94.78,I,
2012,Honduras,340,Original index,52,52,Original index,C,Total manufacturing,C,98.15,I,
2013,Honduras,340,Original index,52,52,Original index,C,Total manufacturing,C,98.38,I,
2014,Honduras,340,Original index,52,52,Original index,C,Total manufacturing,C,100.24,I,
2015,Honduras,340,Original index,52,52,Original index,C,Total manufacturing,C,103.79,I,
2016,Honduras,340,Original index,52,52,Original index,C,Total manufacturing,C,106.59,I,
2017,Honduras,340,Original index,52,52,Original index,C,Total manufacturing,C,110.95,I,
2018,Honduras,340,Original index,52,52,Original index,C,Total manufacturing,C,115.77,I,
2019,Honduras,340,Original index,52,52,Original index,C,Total manufacturing,C,117.96,I,
2020,Honduras,340,Original index,52,52,Original index,C,Total manufacturing,C,100.0,I,
2021,Honduras,340,Original index,52,52,Original index,C,Total manufacturing,C,121.59,I,
2022,Honduras,340,Original index,52,52,Original index,C,Total manufacturing,C,128.98,I,
2023,Honduras,340,Original index,52,52,Original index,C,Total manufacturing,C,119.89,I,
2024,Honduras,340,Original index,52,52,Original index,C,Total manufacturing,C,117.95,I,
2025,Honduras,340,Original index,52,52,Original index,C,Total manufacturing,C,119.47,I,
1981,Hungary,348,Original index,52,52,Original index,C,Total manufacturing,C,32.07,I,
1982,Hungary,348,Original index,52,52,Original index,C,Total manufacturing,C,33.0,I,
1983,Hungary,348,Original index,52,52,Original index,C,Total manufacturing,C,33.31,I,
1984,Hungary,348,Original index,52,52,Original index,C,Total manufacturing,C,34.25,I,
1985,Hungary,348,Original index,52,52,Original index,C,Total manufacturing,C,34.25,I,
1986,Hungary,348,Original index,52,52,Original index,C,Total manufacturing,C,34.87,I,
1987,Hungary,348,Original index,52,52,Original index,C,Total manufacturing,C,36.43,I,
1988,Hungary,348,Original index,52,52,Original index,C,Total manufacturing,C,36.43,I,
1989,Hungary,348,Original index,52,52,Original index,C,Total manufacturing,C,34.56,I,
1990,Hungary,348,Original index,52,52,Original index,C,Total manufacturing,C,31.01,I,
1991,Hungary,348,Original index,52,52,Original index,C,Total manufacturing,C,24.46,I,
1992,Hungary,348,Original index,52,52,Original index,C,Total manufacturing,C,22.44,I,
1993,Hungary,348,Original index,52,52,Original index,C,Total manufacturing,C,23.18,I,
1994,Hungary,348,Original index,52,52,Original index,C,Total manufacturing,C,25.33,I,
1995,Hungary,348,Original index,52,52,Original index,C,Total manufacturing,C,26.64,I,
1996,Hungary,348,Original index,52,52,Original index,C,Total manufacturing,C,27.53,I,
1997,Hungary,348,Original index,52,52,Original index,C,Total manufacturing,C,31.57,I,
1998,Hungary,348,Original index,52,52,Original index,C,Total manufacturing,C,36.67,I,
1999,Hungary,348,Original index,52,52,Original index,C,Total manufacturing,C,41.19,I,
2000,Hungary,348,Original index,52,52,Original index,C,Total manufacturing,C,49.68,I,
2001,Hungary,348,Original index,52,52,Original index,C,Total manufacturing,C,51.7,I,
2002,Hungary,348,Original index,52,52,Original index,C,Total manufacturing,C,53.72,I,
2003,Hungary,348,Original index,52,52,Original index,C,Total manufacturing,C,57.84,I,
2004,Hungary,348,Original index,52,52,Original index,C,Total manufacturing,C,62.88,I,
2005,Hungary,348,Original index,52,52,Original index,C,Total manufacturing,C,67.65,I,
2006,Hungary,348,Original index,52,52,Original index,C,Total manufacturing,C,75.08,I,
2007,Hungary,348,Original index,52,52,Original index,C,Total manufacturing,C,81.42,I,
2008,Hungary,348,Original index,52,52,Original index,C,Total manufacturing,C,80.98,I,
2009,Hungary,348,Original index,52,52,Original index,C,Total manufacturing,C,66.01,I,
2010,Hungary,348,Original index,52,52,Original index,C,Total manufacturing,C,73.88,I,
2011,Hungary,348,Original index,52,52,Original index,C,Total manufacturing,C,78.36,I,
2012,Hungary,348,Original index,52,52,Original index,C,Total manufacturing,C,77.05,I,
2013,Hungary,348,Original index,52,52,Original index,C,Total manufacturing,C,78.14,I,
2014,Hungary,348,Original index,52,52,Original index,C,Total manufacturing,C,84.92,I,
2015,Hungary,348,Original index,52,52,Original index,C,Total manufacturing,C,91.69,I,
2016,Hungary,348,Original index,52,52,Original index,C,Total manufacturing,C,93.01,I,
2017,Hungary,348,Original index,52,52,Original index,C,Total manufacturing,C,97.27,I,
2018,Hungary,348,Original index,52,52,Original index,C,Total manufacturing,C,100.77,I,
2019,Hungary,348,Original index,52,52,Original index,C,Total manufacturing,C,106.45,I,
2020,Hungary,348,Original index,52,52,Original index,C,Total manufacturing,C,100.0,I,
2021,Hungary,348,Original index,52,52,Original index,C,Total manufacturing,C,109.29,I,
2022,Hungary,348,Original index,52,52,Original index,C,Total manufacturing,C,115.96,I,
2023,Hungary,348,Original index,52,52,Original index,C,Total manufacturing,C,111.15,I,
2024,Hungary,348,Original index,52,52,Original index,C,Total manufacturing,C,105.68,I,
2025,Hungary,348,Original index,52,52,Original index,C,Total manufacturing,C,102.4,I,
1995,Iceland,352,Original index,52,52,Original index,C,Total manufacturing,C,57.09,I,
1996,Iceland,352,Original index,52,52,Original index,C,Total manufacturing,C,60.35,I,
1997,Iceland,352,Original index,52,52,Original index,C,Total manufacturing,C,60.13,I,
1998,Iceland,352,Original index,52,52,Original index,C,Total manufacturing,C,60.62,I,
1999,Iceland,352,Original index,52,52,Original index,C,Total manufacturing,C,61.09,I,
2000,Iceland,352,Original index,52,52,Original index,C,Total manufacturing,C,61.91,I,
2001,Iceland,352,Original index,52,52,Original index,C,Total manufacturing,C,66.3,I,
2002,Iceland,352,Original index,52,52,Original index,C,Total manufacturing,C,65.39,I,
2003,Iceland,352,Original index,52,52,Original index,C,Total manufacturing,C,65.16,I,
2004,Iceland,352,Original index,52,52,Original index,C,Total manufacturing,C,70.3,I,
2005,Iceland,352,Original index,52,52,Original index,C,Total manufacturing,C,70.34,I,
2006,Iceland,352,Original index,52,52,Original index,C,Total manufacturing,C,75.38,I,
2007,Iceland,352,Original index,52,52,Original index,C,Total manufacturing,C,80.01,I,
2008,Iceland,352,Original index,52,52,Original index,C,Total manufacturing,C,85.24,I,
2009,Iceland,352,Original index,52,52,Original index,C,Total manufacturing,C,80.25,I,
2010,Iceland,352,Original index,52,52,Original index,C,Total manufacturing,C,83.35,I,
2011,Iceland,352,Original index,52,52,Original index,C,Total manufacturing,C,88.56,I,
2012,Iceland,352,Original index,52,52,Original index,C,Total manufacturing,C,91.34,I,
2013,Iceland,352,Original index,52,52,Original index,C,Total manufacturing,C,93.77,I,
2014,Iceland,352,Original index,52,52,Original index,C,Total manufacturing,C,100.15,I,
2015,Iceland,352,Original index,52,52,Original index,C,Total manufacturing,C,103.77,I,
2016,Iceland,352,Original index,52,52,Original index,C,Total manufacturing,C,104.67,I,
2017,Iceland,352,Original index,52,52,Original index,C,Total manufacturing,C,100.61,I,
2018,Iceland,352,Original index,52,52,Original index,C,Total manufacturing,C,110.04,I,
2019,Iceland,352,Original index,52,52,Original index,C,Total manufacturing,C,102.06,I,
2020,Iceland,352,Original index,52,52,Original index,C,Total manufacturing,C,100.0,I,
2021,Iceland,352,Original index,52,52,Original index,C,Total manufacturing,C,111.57,I,
2022,Iceland,352,Original index,52,52,Original index,C,Total manufacturing,C,112.32,I,
2023,Iceland,352,Original index,52,52,Original index,C,Total manufacturing,C,106.03,I,
2024,Iceland,352,Original index,52,52,Original index,C,Total manufacturing,C,111.1,I,
1981,India,356,Original index,52,52,Original index,C,Total manufacturing,C,10.74,I,
1982,India,356,Original index,52,52,Original index,C,Total manufacturing,C,10.8,I,
1983,India,356,Original index,52,52,Original index,C,Total manufacturing,C,11.21,I,
1984,India,356,Original index,52,52,Original index,C,Total manufacturing,C,12.19,I,
1985,India,356,Original index,52,52,Original index,C,Total manufacturing,C,13.62,I,
1986,India,356,Original index,52,52,Original index,C,Total manufacturing,C,14.25,I,
1987,India,356,Original index,52,52,Original index,C,Total manufacturing,C,16.07,I,
1988,India,356,Original index,52,52,Original index,C,Total manufacturing,C,17.47,I,
1989,India,356,Original index,52,52,Original index,C,Total manufacturing,C,18.97,I,
1990,India,356,Original index,52,52,Original index,C,Total manufacturing,C,20.67,I,
1991,India,356,Original index,52,52,Original index,C,Total manufacturing,C,20.52,I,
1992,India,356,Original index,52,52,Original index,C,Total manufacturing,C,20.96,I,
1993,India,356,Original index,52,52,Original index,C,Total manufacturing,C,22.24,I,
1994,India,356,Original index,52,52,Original index,C,Total manufacturing,C,24.26,I,
1995,India,356,Original index,52,52,Original index,C,Total manufacturing,C,27.68,I,
1996,India,356,Original index,52,52,Original index,C,Total manufacturing,C,29.71,I,
1997,India,356,Original index,52,52,Original index,C,Total manufacturing,C,31.69,I,
1998,India,356,Original index,52,52,Original index,C,Total manufacturing,C,33.09,I,
1999,India,356,Original index,52,52,Original index,C,Total manufacturing,C,35.44,I,
2000,India,356,Original index,52,52,Original index,C,Total manufacturing,C,37.33,I,
2001,India,356,Original index,52,52,Original index,C,Total manufacturing,C,38.4,I,
2002,India,356,Original index,52,52,Original index,C,Total manufacturing,C,40.71,I,
2003,India,356,Original index,52,52,Original index,C,Total manufacturing,C,43.72,I,
2004,India,356,Original index,52,52,Original index,C,Total manufacturing,C,49.48,I,
2005,India,356,Original index,52,52,Original index,C,Total manufacturing,C,54.57,I,
2006,India,356,Original index,52,52,Original index,C,Total manufacturing,C,62.73,I,
2007,India,356,Original index,52,52,Original index,C,Total manufacturing,C,74.27,I,
2008,India,356,Original index,52,52,Original index,C,Total manufacturing,C,76.1,I,
2009,India,356,Original index,52,52,Original index,C,Total manufacturing,C,79.78,I,
2010,India,356,Original index,52,52,Original index,C,Total manufacturing,C,86.93,I,
2011,India,356,Original index,52,52,Original index,C,Total manufacturing,C,88.61,I,
2012,India,356,Original index,52,52,Original index,C,Total manufacturing,C,89.75,I,
2013,India,356,Original index,52,52,Original index,C,Total manufacturing,C,93.49,I,
2014,India,356,Original index,52,52,Original index,C,Total manufacturing,C,97.3,I,
2015,India,356,Original index,52,52,Original index,C,Total manufacturing,C,99.53,I,
2016,India,356,Original index,52,52,Original index,C,Total manufacturing,C,104.56,I,
2017,India,356,Original index,52,52,Original index,C,Total manufacturing,C,108.01,I,
2018,India,356,Original index,52,52,Original index,C,Total manufacturing,C,113.86,I,
2019,India,356,Original index,52,52,Original index,C,Total manufacturing,C,114.51,I,
2020,India,356,Original index,52,52,Original index,C,Total manufacturing,C,100.0,I,
2021,India,356,Original index,52,52,Original index,C,Total manufacturing,C,113.5,I,
2022,India,356,Original index,52,52,Original index,C,Total manufacturing,C,118.02,I,
2023,India,356,Original index,52,52,Original index,C,Total manufacturing,C,122.55,I,
2024,India,356,Original index,52,52,Original index,C,Total manufacturing,C,129.5,I,
2025,India,356,Original index,52,52,Original index,C,Total manufacturing,C,135.95,I,
2010,Indonesia,360,Original index,52,52,Original index,C,Total manufacturing,C,68.45,I,
2011,Indonesia,360,Original index,52,52,Original index,C,Total manufacturing,C,72.74,I,
2012,Indonesia,360,Original index,52,52,Original index,C,Total manufacturing,C,76.83,I,
2013,Indonesia,360,Original index,52,52,Original index,C,Total manufacturing,C,80.18,I,
2014,Indonesia,360,Original index,52,52,Original index,C,Total manufacturing,C,83.91,I,
2015,Indonesia,360,Original index,52,52,Original index,C,Total manufacturing,C,87.54,I,
2016,Indonesia,360,Original index,52,52,Original index,C,Total manufacturing,C,91.26,I,
2017,Indonesia,360,Original index,52,52,Original index,C,Total manufacturing,C,95.18,I,
2018,Indonesia,360,Original index,52,52,Original index,C,Total manufacturing,C,99.25,I,
2019,Indonesia,360,Original index,52,52,Original index,C,Total manufacturing,C,103.02,I,
2020,Indonesia,360,Original index,52,52,Original index,C,Total manufacturing,C,100.0,I,
2021,Indonesia,360,Original index,52,52,Original index,C,Total manufacturing,C,103.39,I,
2022,Indonesia,360,Original index,52,52,Original index,C,Total manufacturing,C,108.45,I,
2023,Indonesia,360,Original index,52,52,Original index,C,Total manufacturing,C,113.48,I,
2024,Indonesia,360,Original index,52,52,Original index,C,Total manufacturing,C,118.5,I,
2025,Indonesia,360,Original index,52,52,Original index,C,Total manufacturing,C,124.78,I,
2011,Iran (Islamic Republic of),364,Original index,52,52,Original index,C,Total manufacturing,C,103.54,I,
2012,Iran (Islamic Republic of),364,Original index,52,52,Original index,C,Total manufacturing,C,95.09,I,
2013,Iran (Islamic Republic of),364,Original index,52,52,Original index,C,Total manufacturing,C,88.34,I,
2014,Iran (Islamic Republic of),364,Original index,52,52,Original index,C,Total manufacturing,C,92.57,I,
2015,Iran (Islamic Republic of),364,Original index,52,52,Original index,C,Total manufacturing,C,87.8,I,
2016,Iran (Islamic Republic of),364,Original index,52,52,Original index,C,Total manufacturing,C,88.06,I,
2017,Iran (Islamic Republic of),364,Original index,52,52,Original index,C,Total manufacturing,C,90.65,I,
2018,Iran (Islamic Republic of),364,Original index,52,52,Original index,C,Total manufacturing,C,92.79,I,
2019,Iran (Islamic Republic of),364,Original index,52,52,Original index,C,Total manufacturing,C,88.7,I,
2020,Iran (Islamic Republic of),364,Original index,52,52,Original index,C,Total manufacturing,C,100.0,I,
2021,Iran (Islamic Republic of),364,Original index,52,52,Original index,C,Total manufacturing,C,105.97,I,
2022,Iran (Islamic Republic of),364,Original index,52,52,Original index,C,Total manufacturing,C,114.41,I,
2023,Iran (Islamic Republic of),364,Original index,52,52,Original index,C,Total manufacturing,C,121.88,I,
2024,Iran (Islamic Republic of),364,Original index,52,52,Original index,C,Total manufacturing,C,125.84,I,
2005,Iraq,368,Original index,52,52,Original index,C,Total manufacturing,C,32.13,I,
2006,Iraq,368,Original index,52,52,Original index,C,Total manufacturing,C,35.47,I,
2007,Iraq,368,Original index,52,52,Original index,C,Total manufacturing,C,37.66,I,
2008,Iraq,368,Original index,52,52,Original index,C,Total manufacturing,C,40.21,I,
2009,Iraq,368,Original index,52,52,Original index,C,Total manufacturing,C,54.67,I,
2010,Iraq,368,Original index,52,52,Original index,C,Total manufacturing,C,58.13,I,
2011,Iraq,368,Original index,52,52,Original index,C,Total manufacturing,C,59.52,I,
2012,Iraq,368,Original index,52,52,Original index,C,Total manufacturing,C,60.74,I,
2013,Iraq,368,Original index,52,52,Original index,C,Total manufacturing,C,62.2,I,
2014,Iraq,368,Original index,52,52,Original index,C,Total manufacturing,C,95.18,I,
2015,Iraq,368,Original index,52,52,Original index,C,Total manufacturing,C,79.44,I,
2016,Iraq,368,Original index,52,52,Original index,C,Total manufacturing,C,82.39,I,
2017,Iraq,368,Original index,52,52,Original index,C,Total manufacturing,C,88.79,I,
2018,Iraq,368,Original index,52,52,Original index,C,Total manufacturing,C,99.95,I,
2019,Iraq,368,Original index,52,52,Original index,C,Total manufacturing,C,106.62,I,
2020,Iraq,368,Original index,52,52,Original index,C,Total manufacturing,C,100.0,I,
2022,Iraq,368,Original index,52,52,Original index,C,Total manufacturing,C,161.59,I,
2023,Iraq,368,Original index,52,52,Original index,C,Total manufacturing,C,191.27,I,
2024,Iraq,368,Original index,52,52,Original index,C,Total manufacturing,C,273.3,I,
1981,Ireland,372,Original index,52,52,Original index,C,Total manufacturing,C,5.04,I,
1982,Ireland,372,Original index,52,52,Original index,C,Total manufacturing,C,5.01,I,
1983,Ireland,372,Original index,52,52,Original index,C,Total manufacturing,C,5.42,I,
1984,Ireland,372,Original index,52,52,Original index,C,Total manufacturing,C,5.96,I,
1985,Ireland,372,Original index,52,52,Original index,C,Total manufacturing,C,6.25,I,
1986,Ireland,372,Original index,52,52,Original index,C,Total manufacturing,C,6.44,I,
1987,Ireland,372,Original index,52,52,Original index,C,Total manufacturing,C,7.11,I,
1988,Ireland,372,Original index,52,52,Original index,C,Total manufacturing,C,7.97,I,
1989,Ireland,372,Original index,52,52,Original index,C,Total manufacturing,C,8.93,I,
1990,Ireland,372,Original index,52,52,Original index,C,Total manufacturing,C,9.35,I,
1991,Ireland,372,Original index,52,52,Original index,C,Total manufacturing,C,9.63,I,
1992,Ireland,372,Original index,52,52,Original index,C,Total manufacturing,C,10.59,I,
1993,Ireland,372,Original index,52,52,Original index,C,Total manufacturing,C,11.16,I,
1994,Ireland,372,Original index,52,52,Original index,C,Total manufacturing,C,12.6,I,
1995,Ireland,372,Original index,52,52,Original index,C,Total manufacturing,C,15.28,I,
1996,Ireland,372,Original index,52,52,Original index,C,Total manufacturing,C,16.55,I,
1997,Ireland,372,Original index,52,52,Original index,C,Total manufacturing,C,19.74,I,
1998,Ireland,372,Original index,52,52,Original index,C,Total manufacturing,C,23.95,I,
1999,Ireland,372,Original index,52,52,Original index,C,Total manufacturing,C,27.56,I,
2000,Ireland,372,Original index,52,52,Original index,C,Total manufacturing,C,31.9,I,
2001,Ireland,372,Original index,52,52,Original index,C,Total manufacturing,C,35.49,I,
2002,Ireland,372,Original index,52,52,Original index,C,Total manufacturing,C,38.54,I,
2003,Ireland,372,Original index,52,52,Original index,C,Total manufacturing,C,40.65,I,
2004,Ireland,372,Original index,52,52,Original index,C,Total manufacturing,C,41.12,I,
2005,Ireland,372,Original index,52,52,Original index,C,Total manufacturing,C,42.84,I,
2006,Ireland,372,Original index,52,52,Original index,C,Total manufacturing,C,44.25,I,
2007,Ireland,372,Original index,52,52,Original index,C,Total manufacturing,C,46.67,I,
2008,Ireland,372,Original index,52,52,Original index,C,Total manufacturing,C,45.5,I,
2009,Ireland,372,Original index,52,52,Original index,C,Total manufacturing,C,43.62,I,
2010,Ireland,372,Original index,52,52,Original index,C,Total manufacturing,C,47.14,I,
2011,Ireland,372,Original index,52,52,Original index,C,Total manufacturing,C,47.22,I,
2012,Ireland,372,Original index,52,52,Original index,C,Total manufacturing,C,46.67,I,
2013,Ireland,372,Original index,52,52,Original index,C,Total manufacturing,C,45.42,I,
2014,Ireland,372,Original index,52,52,Original index,C,Total manufacturing,C,56.45,I,
2015,Ireland,372,Original index,52,52,Original index,C,Total manufacturing,C,78.18,I,
2016,Ireland,372,Original index,52,52,Original index,C,Total manufacturing,C,81.84,I,
2017,Ireland,372,Original index,52,52,Original index,C,Total manufacturing,C,85.98,I,
2018,Ireland,372,Original index,52,52,Original index,C,Total manufacturing,C,83.31,I,
2019,Ireland,372,Original index,52,52,Original index,C,Total manufacturing,C,88.38,I,
2020,Ireland,372,Original index,52,52,Original index,C,Total manufacturing,C,100.0,I,
2021,Ireland,372,Original index,52,52,Original index,C,Total manufacturing,C,133.51,I,
2022,Ireland,372,Original index,52,52,Original index,C,Total manufacturing,C,151.4,I,
2023,Ireland,372,Original index,52,52,Original index,C,Total manufacturing,C,146.6,I,
2024,Ireland,372,Original index,52,52,Original index,C,Total manufacturing,C,138.58,I,
2025,Ireland,372,Original index,52,52,Original index,C,Total manufacturing,C,164.22,I,
1981,Israel,376,Original index,52,52,Original index,C,Total manufacturing,C,28.84,I,
1982,Israel,376,Original index,52,52,Original index,C,Total manufacturing,C,29.08,I,
1983,Israel,376,Original index,52,52,Original index,C,Total manufacturing,C,30.1,I,
1984,Israel,376,Original index,52,52,Original index,C,Total manufacturing,C,31.57,I,
1985,Israel,376,Original index,52,52,Original index,C,Total manufacturing,C,32.45,I,
1986,Israel,376,Original index,52,52,Original index,C,Total manufacturing,C,33.59,I,
1987,Israel,376,Original index,52,52,Original index,C,Total manufacturing,C,35.16,I,
1988,Israel,376,Original index,52,52,Original index,C,Total manufacturing,C,34.22,I,
1989,Israel,376,Original index,52,52,Original index,C,Total manufacturing,C,33.62,I,
1990,Israel,376,Original index,52,52,Original index,C,Total manufacturing,C,35.74,I,
1991,Israel,376,Original index,52,52,Original index,C,Total manufacturing,C,38.13,I,
1992,Israel,376,Original index,52,52,Original index,C,Total manufacturing,C,41.32,I,
1993,Israel,376,Original index,52,52,Original index,C,Total manufacturing,C,44.35,I,
1994,Israel,376,Original index,52,52,Original index,C,Total manufacturing,C,47.34,I,
1995,Israel,376,Original index,52,52,Original index,C,Total manufacturing,C,51.27,I,
1996,Israel,376,Original index,52,52,Original index,C,Total manufacturing,C,53.97,I,
1997,Israel,376,Original index,52,52,Original index,C,Total manufacturing,C,54.98,I,
1998,Israel,376,Original index,52,52,Original index,C,Total manufacturing,C,56.55,I,
1999,Israel,376,Original index,52,52,Original index,C,Total manufacturing,C,57.37,I,
2000,Israel,376,Original index,52,52,Original index,C,Total manufacturing,C,63.41,I,
2001,Israel,376,Original index,52,52,Original index,C,Total manufacturing,C,60.08,I,
2002,Israel,376,Original index,52,52,Original index,C,Total manufacturing,C,58.82,I,
2003,Israel,376,Original index,52,52,Original index,C,Total manufacturing,C,58.69,I,
2004,Israel,376,Original index,52,52,Original index,C,Total manufacturing,C,62.91,I,
2005,Israel,376,Original index,52,52,Original index,C,Total manufacturing,C,66.1,I,
2006,Israel,376,Original index,52,52,Original index,C,Total manufacturing,C,72.09,I,
2007,Israel,376,Original index,52,52,Original index,C,Total manufacturing,C,76.06,I,
2008,Israel,376,Original index,52,52,Original index,C,Total manufacturing,C,81.33,I,
2009,Israel,376,Original index,52,52,Original index,C,Total manufacturing,C,76.59,I,
2010,Israel,376,Original index,52,52,Original index,C,Total manufacturing,C,82.69,I,
2011,Israel,376,Original index,52,52,Original index,C,Total manufacturing,C,84.52,I,
2012,Israel,376,Original index,52,52,Original index,C,Total manufacturing,C,88.52,I,
2013,Israel,376,Original index,52,52,Original index,C,Total manufacturing,C,87.61,I,
2014,Israel,376,Original index,52,52,Original index,C,Total manufacturing,C,88.11,I,
2015,Israel,376,Original index,52,52,Original index,C,Total manufacturing,C,90.24,I,
2016,Israel,376,Original index,52,52,Original index,C,Total manufacturing,C,89.99,I,
2017,Israel,376,Original index,52,52,Original index,C,Total manufacturing,C,91.57,I,
2018,Israel,376,Original index,52,52,Original index,C,Total manufacturing,C,93.86,I,
2019,Israel,376,Original index,52,52,Original index,C,Total manufacturing,C,97.54,I,
2020,Israel,376,Original index,52,52,Original index,C,Total manufacturing,C,100.0,I,
2021,Israel,376,Original index,52,52,Original index,C,Total manufacturing,C,103.64,I,
2022,Israel,376,Original index,52,52,Original index,C,Total manufacturing,C,114.84,I,
2023,Israel,376,Original index,52,52,Original index,C,Total manufacturing,C,113.36,I,
2024,Israel,376,Original index,52,52,Original index,C,Total manufacturing,C,112.16,I,
2025,Israel,376,Original index,52,52,Original index,C,Total manufacturing,C,122.38,I,
1981,Italy,380,Original index,52,52,Original index,C,Total manufacturing,C,106.47,I,
1982,Italy,380,Original index,52,52,Original index,C,Total manufacturing,C,103.24,I,
1983,Italy,380,Original index,52,52,Original index,C,Total manufacturing,C,99.9,I,
1984,Italy,380,Original index,52,52,Original index,C,Total manufacturing,C,103.34,I,
1985,Italy,380,Original index,52,52,Original index,C,Total manufacturing,C,104.39,I,
1986,Italy,380,Original index,52,52,Original index,C,Total manufacturing,C,108.14,I,
1987,Italy,380,Original index,52,52,Original index,C,Total manufacturing,C,111.9,I,
1988,Italy,380,Original index,52,52,Original index,C,Total manufacturing,C,118.79,I,
1989,Italy,380,Original index,52,52,Original index,C,Total manufacturing,C,122.55,I,
1990,Italy,380,Original index,52,52,Original index,C,Total manufacturing,C,122.13,I,
1991,Italy,380,Original index,52,52,Original index,C,Total manufacturing,C,120.67,I,
1992,Italy,380,Original index,52,52,Original index,C,Total manufacturing,C,120.42,I,
1993,Italy,380,Original index,52,52,Original index,C,Total manufacturing,C,117.13,I,
1994,Italy,380,Original index,52,52,Original index,C,Total manufacturing,C,123.23,I,
1995,Italy,380,Original index,52,52,Original index,C,Total manufacturing,C,130.07,I,
1996,Italy,380,Original index,52,52,Original index,C,Total manufacturing,C,128.64,I,
1997,Italy,380,Original index,52,52,Original index,C,Total manufacturing,C,132.93,I,
1998,Italy,380,Original index,52,52,Original index,C,Total manufacturing,C,135.14,I,
1999,Italy,380,Original index,52,52,Original index,C,Total manufacturing,C,134.75,I,
2000,Italy,380,Original index,52,52,Original index,C,Total manufacturing,C,138.79,I,
2001,Italy,380,Original index,52,52,Original index,C,Total manufacturing,C,137.71,I,
2002,Italy,380,Original index,52,52,Original index,C,Total manufacturing,C,135.03,I,
2003,Italy,380,Original index,52,52,Original index,C,Total manufacturing,C,132.67,I,
2004,Italy,380,Original index,52,52,Original index,C,Total manufacturing,C,133.53,I,
2005,Italy,380,Original index,52,52,Original index,C,Total manufacturing,C,130.31,I,
2006,Italy,380,Original index,52,52,Original index,C,Total manufacturing,C,134.51,I,
2007,Italy,380,Original index,52,52,Original index,C,Total manufacturing,C,138.37,I,
2008,Italy,380,Original index,52,52,Original index,C,Total manufacturing,C,133.83,I,
2009,Italy,380,Original index,52,52,Original index,C,Total manufacturing,C,107.95,I,
2010,Italy,380,Original index,52,52,Original index,C,Total manufacturing,C,115.89,I,
2011,Italy,380,Original index,52,52,Original index,C,Total manufacturing,C,116.69,I,
2012,Italy,380,Original index,52,52,Original index,C,Total manufacturing,C,109.08,I,
2013,Italy,380,Original index,52,52,Original index,C,Total manufacturing,C,106.02,I,
2014,Italy,380,Original index,52,52,Original index,C,Total manufacturing,C,105.45,I,
2015,Italy,380,Original index,52,52,Original index,C,Total manufacturing,C,107.38,I,
2016,Italy,380,Original index,52,52,Original index,C,Total manufacturing,C,109.08,I,
2017,Italy,380,Original index,52,52,Original index,C,Total manufacturing,C,112.6,I,
2018,Italy,380,Original index,52,52,Original index,C,Total manufacturing,C,114.87,I,
2019,Italy,380,Original index,52,52,Original index,C,Total manufacturing,C,113.39,I,
2020,Italy,380,Original index,52,52,Original index,C,Total manufacturing,C,100.0,I,
2021,Italy,380,Original index,52,52,Original index,C,Total manufacturing,C,113.51,I,
2022,Italy,380,Original index,52,52,Original index,C,Total manufacturing,C,113.51,I,
2023,Italy,380,Original index,52,52,Original index,C,Total manufacturing,C,111.12,I,
2024,Italy,380,Original index,52,52,Original index,C,Total manufacturing,C,107.49,I,
2025,Italy,380,Original index,52,52,Original index,C,Total manufacturing,C,106.02,I,
1996,Jamaica,388,Original index,52,52,Original index,C,Total manufacturing,C,129.34,I,
1997,Jamaica,388,Original index,52,52,Original index,C,Total manufacturing,C,120.8,I,
1998,Jamaica,388,Original index,52,52,Original index,C,Total manufacturing,C,113.83,I,
1999,Jamaica,388,Original index,52,52,Original index,C,Total manufacturing,C,109.43,I,
2000,Jamaica,388,Original index,52,52,Original index,C,Total manufacturing,C,108.11,I,
2001,Jamaica,388,Original index,52,52,Original index,C,Total manufacturing,C,111.98,I,
2002,Jamaica,388,Original index,52,52,Original index,C,Total manufacturing,C,109.87,I,
2003,Jamaica,388,Original index,52,52,Original index,C,Total manufacturing,C,109.41,I,
2004,Jamaica,388,Original index,52,52,Original index,C,Total manufacturing,C,111.51,I,
2005,Jamaica,388,Original index,52,52,Original index,C,Total manufacturing,C,107.11,I,
2006,Jamaica,388,Original index,52,52,Original index,C,Total manufacturing,C,105.38,I,
2007,Jamaica,388,Original index,52,52,Original index,C,Total manufacturing,C,106.75,I,
2008,Jamaica,388,Original index,52,52,Original index,C,Total manufacturing,C,105.93,I,
2009,Jamaica,388,Original index,52,52,Original index,C,Total manufacturing,C,100.88,I,
2010,Jamaica,388,Original index,52,52,Original index,C,Total manufacturing,C,96.63,I,
2011,Jamaica,388,Original index,52,52,Original index,C,Total manufacturing,C,98.28,I,
2012,Jamaica,388,Original index,52,52,Original index,C,Total manufacturing,C,98.12,I,
2013,Jamaica,388,Original index,52,52,Original index,C,Total manufacturing,C,97.91,I,
2014,Jamaica,388,Original index,52,52,Original index,C,Total manufacturing,C,97.15,I,
2015,Jamaica,388,Original index,52,52,Original index,C,Total manufacturing,C,94.92,I,
2016,Jamaica,388,Original index,52,52,Original index,C,Total manufacturing,C,98.64,I,
2017,Jamaica,388,Original index,52,52,Original index,C,Total manufacturing,C,103.89,I,
2018,Jamaica,388,Original index,52,52,Original index,C,Total manufacturing,C,104.64,I,
2019,Jamaica,388,Original index,52,52,Original index,C,Total manufacturing,C,106.12,I,
2020,Jamaica,388,Original index,52,52,Original index,C,Total manufacturing,C,100.0,I,
2021,Jamaica,388,Original index,52,52,Original index,C,Total manufacturing,C,109.13,I,
2022,Jamaica,388,Original index,52,52,Original index,C,Total manufacturing,C,117.79,I,
2023,Jamaica,388,Original index,52,52,Original index,C,Total manufacturing,C,124.03,I,
2024,Jamaica,388,Original index,52,52,Original index,C,Total manufacturing,C,123.6,I,
2025,Jamaica,388,Original index,52,52,Original index,C,Total manufacturing,C,124.93,I,
1981,Japan,392,Original index,52,52,Original index,C,Total manufacturing,C,81.86,I,
1982,Japan,392,Original index,52,52,Original index,C,Total manufacturing,C,82.22,I,
1983,Japan,392,Original index,52,52,Original index,C,Total manufacturing,C,84.62,I,
1984,Japan,392,Original index,52,52,Original index,C,Total manufacturing,C,92.78,I,
1985,Japan,392,Original index,52,52,Original index,C,Total manufacturing,C,96.26,I,
1986,Japan,392,Original index,52,52,Original index,C,Total manufacturing,C,96.02,I,
1987,Japan,392,Original index,52,52,Original index,C,Total manufacturing,C,99.27,I,
1988,Japan,392,Original index,52,52,Original index,C,Total manufacturing,C,108.87,I,
1989,Japan,392,Original index,52,52,Original index,C,Total manufacturing,C,115.35,I,
1990,Japan,392,Original index,52,52,Original index,C,Total manufacturing,C,120.03,I,
1991,Japan,392,Original index,52,52,Original index,C,Total manufacturing,C,122.07,I,
1992,Japan,392,Original index,52,52,Original index,C,Total manufacturing,C,114.63,I,
1993,Japan,392,Original index,52,52,Original index,C,Total manufacturing,C,109.47,I,
1994,Japan,392,Original index,52,52,Original index,C,Total manufacturing,C,110.5,I,
1995,Japan,392,Original index,52,52,Original index,C,Total manufacturing,C,114.15,I,
1996,Japan,392,Original index,52,52,Original index,C,Total manufacturing,C,116.77,I,
1997,Japan,392,Original index,52,52,Original index,C,Total manufacturing,C,121.0,I,
1998,Japan,392,Original index,52,52,Original index,C,Total manufacturing,C,112.44,I,
1999,Japan,392,Original index,52,52,Original index,C,Total manufacturing,C,112.79,I,
2000,Japan,392,Original index,52,52,Original index,C,Total manufacturing,C,119.23,I,
2001,Japan,392,Original index,52,52,Original index,C,Total manufacturing,C,111.12,I,
2002,Japan,392,Original index,52,52,Original index,C,Total manufacturing,C,109.69,I,
2003,Japan,392,Original index,52,52,Original index,C,Total manufacturing,C,113.27,I,
2004,Japan,392,Original index,52,52,Original index,C,Total manufacturing,C,118.68,I,
2005,Japan,392,Original index,52,52,Original index,C,Total manufacturing,C,120.25,I,
2006,Japan,392,Original index,52,52,Original index,C,Total manufacturing,C,125.62,I,
2007,Japan,392,Original index,52,52,Original index,C,Total manufacturing,C,129.15,I,
2008,Japan,392,Original index,52,52,Original index,C,Total manufacturing,C,124.59,I,
2009,Japan,392,Original index,52,52,Original index,C,Total manufacturing,C,97.32,I,
2010,Japan,392,Original index,52,52,Original index,C,Total manufacturing,C,112.53,I,
2011,Japan,392,Original index,52,52,Original index,C,Total manufacturing,C,109.37,I,
2012,Japan,392,Original index,52,52,Original index,C,Total manufacturing,C,110.04,I,
2013,Japan,392,Original index,52,52,Original index,C,Total manufacturing,C,109.71,I,
2014,Japan,392,Original index,52,52,Original index,C,Total manufacturing,C,111.84,I,
2015,Japan,392,Original index,52,52,Original index,C,Total manufacturing,C,110.59,I,
2016,Japan,392,Original index,52,52,Original index,C,Total manufacturing,C,110.59,I,
2017,Japan,392,Original index,52,52,Original index,C,Total manufacturing,C,114.0,I,
2018,Japan,392,Original index,52,52,Original index,C,Total manufacturing,C,114.67,I,
2019,Japan,392,Original index,52,52,Original index,C,Total manufacturing,C,111.64,I,
2020,Japan,392,Original index,52,52,Original index,C,Total manufacturing,C,100.0,I,
2021,Japan,392,Original index,52,52,Original index,C,Total manufacturing,C,105.45,I,
2022,Japan,392,Original index,52,52,Original index,C,Total manufacturing,C,105.3,I,
2023,Japan,392,Original index,52,52,Original index,C,Total manufacturing,C,103.98,I,
2024,Japan,392,Original index,52,52,Original index,C,Total manufacturing,C,101.22,I,
2025,Japan,392,Original index,52,52,Original index,C,Total manufacturing,C,100.94,I,
1981,Jordan,400,Original index,52,52,Original index,C,Total manufacturing,C,39.82,I,
1982,Jordan,400,Original index,52,52,Original index,C,Total manufacturing,C,41.13,I,
1983,Jordan,400,Original index,52,52,Original index,C,Total manufacturing,C,43.16,I,
1984,Jordan,400,Original index,52,52,Original index,C,Total manufacturing,C,49.49,I,
1985,Jordan,400,Original index,52,52,Original index,C,Total manufacturing,C,49.66,I,
1986,Jordan,400,Original index,52,52,Original index,C,Total manufacturing,C,51.2,I,
1987,Jordan,400,Original index,52,52,Original index,C,Total manufacturing,C,57.27,I,
1988,Jordan,400,Original index,52,52,Original index,C,Total manufacturing,C,51.83,I,
1989,Jordan,400,Original index,52,52,Original index,C,Total manufacturing,C,53.13,I,
1990,Jordan,400,Original index,52,52,Original index,C,Total manufacturing,C,55.77,I,
1991,Jordan,400,Original index,52,52,Original index,C,Total manufacturing,C,53.08,I,
1992,Jordan,400,Original index,52,52,Original index,C,Total manufacturing,C,61.63,I,
1993,Jordan,400,Original index,52,52,Original index,C,Total manufacturing,C,67.28,I,
1994,Jordan,400,Original index,52,52,Original index,C,Total manufacturing,C,70.85,I,
1995,Jordan,400,Original index,52,52,Original index,C,Total manufacturing,C,76.31,I,
1996,Jordan,400,Original index,52,52,Original index,C,Total manufacturing,C,72.62,I,
1997,Jordan,400,Original index,52,52,Original index,C,Total manufacturing,C,77.02,I,
1998,Jordan,400,Original index,52,52,Original index,C,Total manufacturing,C,79.43,I,
1999,Jordan,400,Original index,52,52,Original index,C,Total manufacturing,C,77.87,I,
2000,Jordan,400,Original index,52,52,Original index,C,Total manufacturing,C,83.94,I,
2001,Jordan,400,Original index,52,52,Original index,C,Total manufacturing,C,95.42,I,
2002,Jordan,400,Original index,52,52,Original index,C,Total manufacturing,C,101.02,I,
2003,Jordan,400,Original index,52,52,Original index,C,Total manufacturing,C,91.19,I,
2004,Jordan,400,Original index,52,52,Original index,C,Total manufacturing,C,103.89,I,
2005,Jordan,400,Original index,52,52,Original index,C,Total manufacturing,C,115.9,I,
2006,Jordan,400,Original index,52,52,Original index,C,Total manufacturing,C,123.2,I,
2007,Jordan,400,Original index,52,52,Original index,C,Total manufacturing,C,126.12,I,
2008,Jordan,400,Original index,52,52,Original index,C,Total manufacturing,C,126.97,I,
2009,Jordan,400,Original index,52,52,Original index,C,Total manufacturing,C,128.51,I,
2010,Jordan,400,Original index,52,52,Original index,C,Total manufacturing,C,121.38,I,
2011,Jordan,400,Original index,52,52,Original index,C,Total manufacturing,C,118.85,I,
2012,Jordan,400,Original index,52,52,Original index,C,Total manufacturing,C,120.5,I,
2013,Jordan,400,Original index,52,52,Original index,C,Total manufacturing,C,124.42,I,
2014,Jordan,400,Original index,52,52,Original index,C,Total manufacturing,C,124.12,I,
2015,Jordan,400,Original index,52,52,Original index,C,Total manufacturing,C,141.25,I,
2016,Jordan,400,Original index,52,52,Original index,C,Total manufacturing,C,133.27,I,
2017,Jordan,400,Original index,52,52,Original index,C,Total manufacturing,C,131.51,I,
2018,Jordan,400,Original index,52,52,Original index,C,Total manufacturing,C,121.38,I,
2019,Jordan,400,Original index,52,52,Original index,C,Total manufacturing,C,114.73,I,
2020,Jordan,400,Original index,52,52,Original index,C,Total manufacturing,C,100.0,I,
2021,Jordan,400,Original index,52,52,Original index,C,Total manufacturing,C,102.6,I,
2022,Jordan,400,Original index,52,52,Original index,C,Total manufacturing,C,102.12,I,
2023,Jordan,400,Original index,52,52,Original index,C,Total manufacturing,C,102.15,I,
2024,Jordan,400,Original index,52,52,Original index,C,Total manufacturing,C,102.62,I,
2025,Jordan,400,Original index,52,52,Original index,C,Total manufacturing,C,103.82,I,
2011,Kazakhstan,398,Original index,52,52,Original index,C,Total manufacturing,C,60.87,I,
2012,Kazakhstan,398,Original index,52,52,Original index,C,Total manufacturing,C,71.56,I,
2013,Kazakhstan,398,Original index,52,52,Original index,C,Total manufacturing,C,69.27,I,
2014,Kazakhstan,398,Original index,52,52,Original index,C,Total manufacturing,C,70.02,I,
2015,Kazakhstan,398,Original index,52,52,Original index,C,Total manufacturing,C,70.16,I,
2016,Kazakhstan,398,Original index,52,52,Original index,C,Total manufacturing,C,74.03,I,
2017,Kazakhstan,398,Original index,52,52,Original index,C,Total manufacturing,C,75.43,I,
2018,Kazakhstan,398,Original index,52,52,Original index,C,Total manufacturing,C,69.55,I,
2019,Kazakhstan,398,Original index,52,52,Original index,C,Total manufacturing,C,89.9,I,
2020,Kazakhstan,398,Original index,52,52,Original index,C,Total manufacturing,C,100.0,I,
2021,Kazakhstan,398,Original index,52,52,Original index,C,Total manufacturing,C,103.12,I,
2022,Kazakhstan,398,Original index,52,52,Original index,C,Total manufacturing,C,103.2,I,
2023,Kazakhstan,398,Original index,52,52,Original index,C,Total manufacturing,C,103.22,I,
2024,Kazakhstan,398,Original index,52,52,Original index,C,Total manufacturing,C,107.47,I,
2025,Kazakhstan,398,Original index,52,52,Original index,C,Total manufacturing,C,120.36,I,
1981,Kenya,404,Original index,52,52,Original index,C,Total manufacturing,C,27.59,I,
1982,Kenya,404,Original index,52,52,Original index,C,Total manufacturing,C,28.2,I,
1983,Kenya,404,Original index,52,52,Original index,C,Total manufacturing,C,29.48,I,
1984,Kenya,404,Original index,52,52,Original index,C,Total manufacturing,C,30.68,I,
1985,Kenya,404,Original index,52,52,Original index,C,Total manufacturing,C,32.11,I,
1986,Kenya,404,Original index,52,52,Original index,C,Total manufacturing,C,34.0,I,
1987,Kenya,404,Original index,52,52,Original index,C,Total manufacturing,C,35.93,I,
1988,Kenya,404,Original index,52,52,Original index,C,Total manufacturing,C,38.07,I,
1989,Kenya,404,Original index,52,52,Original index,C,Total manufacturing,C,40.32,I,
1990,Kenya,404,Original index,52,52,Original index,C,Total manufacturing,C,42.45,I,
1991,Kenya,404,Original index,52,52,Original index,C,Total manufacturing,C,43.66,I,
1992,Kenya,404,Original index,52,52,Original index,C,Total manufacturing,C,44.22,I,
1993,Kenya,404,Original index,52,52,Original index,C,Total manufacturing,C,45.03,I,
1994,Kenya,404,Original index,52,52,Original index,C,Total manufacturing,C,45.87,I,
1995,Kenya,404,Original index,52,52,Original index,C,Total manufacturing,C,47.55,I,
1996,Kenya,404,Original index,52,52,Original index,C,Total manufacturing,C,49.71,I,
1997,Kenya,404,Original index,52,52,Original index,C,Total manufacturing,C,52.86,I,
1998,Kenya,404,Original index,52,52,Original index,C,Total manufacturing,C,57.62,I,
1999,Kenya,404,Original index,52,52,Original index,C,Total manufacturing,C,51.46,I,
2000,Kenya,404,Original index,52,52,Original index,C,Total manufacturing,C,50.7,I,
2001,Kenya,404,Original index,52,52,Original index,C,Total manufacturing,C,51.01,I,
2002,Kenya,404,Original index,52,52,Original index,C,Total manufacturing,C,51.62,I,
2003,Kenya,404,Original index,52,52,Original index,C,Total manufacturing,C,52.36,I,
2004,Kenya,404,Original index,52,52,Original index,C,Total manufacturing,C,55.86,I,
2005,Kenya,404,Original index,52,52,Original index,C,Total manufacturing,C,60.2,I,
2006,Kenya,404,Original index,52,52,Original index,C,Total manufacturing,C,63.69,I,
2007,Kenya,404,Original index,52,52,Original index,C,Total manufacturing,C,68.18,I,
2008,Kenya,404,Original index,52,52,Original index,C,Total manufacturing,C,67.84,I,
2009,Kenya,404,Original index,52,52,Original index,C,Total manufacturing,C,71.18,I,
2010,Kenya,404,Original index,52,52,Original index,C,Total manufacturing,C,75.99,I,
2011,Kenya,404,Original index,52,52,Original index,C,Total manufacturing,C,81.49,I,
2012,Kenya,404,Original index,52,52,Original index,C,Total manufacturing,C,81.04,I,
2013,Kenya,404,Original index,52,52,Original index,C,Total manufacturing,C,85.58,I,
2014,Kenya,404,Original index,52,52,Original index,C,Total manufacturing,C,87.73,I,
2015,Kenya,404,Original index,52,52,Original index,C,Total manufacturing,C,90.89,I,
2016,Kenya,404,Original index,52,52,Original index,C,Total manufacturing,C,93.68,I,
2017,Kenya,404,Original index,52,52,Original index,C,Total manufacturing,C,94.34,I,
2018,Kenya,404,Original index,52,52,Original index,C,Total manufacturing,C,97.71,I,
2019,Kenya,404,Original index,52,52,Original index,C,Total manufacturing,C,100.29,I,
2020,Kenya,404,Original index,52,52,Original index,C,Total manufacturing,C,100.0,I,
2021,Kenya,404,Original index,52,52,Original index,C,Total manufacturing,C,107.31,I,
2022,Kenya,404,Original index,52,52,Original index,C,Total manufacturing,C,110.1,I,
2023,Kenya,404,Original index,52,52,Original index,C,Total manufacturing,C,112.47,I,
2024,Kenya,404,Original index,52,52,Original index,C,Total manufacturing,C,115.65,I,
1979,Kiribati,296,Original index,52,52,Original index,C,Total manufacturing,C,52.89,I,
1980,Kiribati,296,Original index,52,52,Original index,C,Total manufacturing,C,50.99,I,
1981,Kiribati,296,Original index,52,52,Original index,C,Total manufacturing,C,45.21,I,
1982,Kiribati,296,Original index,52,52,Original index,C,Total manufacturing,C,43.14,I,
1983,Kiribati,296,Original index,52,52,Original index,C,Total manufacturing,C,41.87,I,
1984,Kiribati,296,Original index,52,52,Original index,C,Total manufacturing,C,39.53,I,
1985,Kiribati,296,Original index,52,52,Original index,C,Total manufacturing,C,41.01,I,
1986,Kiribati,296,Original index,52,52,Original index,C,Total manufacturing,C,39.44,I,
1987,Kiribati,296,Original index,52,52,Original index,C,Total manufacturing,C,36.82,I,
1988,Kiribati,296,Original index,52,52,Original index,C,Total manufacturing,C,37.36,I,
1989,Kiribati,296,Original index,52,52,Original index,C,Total manufacturing,C,35.66,I,
1990,Kiribati,296,Original index,52,52,Original index,C,Total manufacturing,C,36.74,I,
1991,Kiribati,296,Original index,52,52,Original index,C,Total manufacturing,C,35.82,I,
1992,Kiribati,296,Original index,52,52,Original index,C,Total manufacturing,C,35.61,I,
1993,Kiribati,296,Original index,52,52,Original index,C,Total manufacturing,C,37.63,I,
1994,Kiribati,296,Original index,52,52,Original index,C,Total manufacturing,C,38.15,I,
1995,Kiribati,296,Original index,52,52,Original index,C,Total manufacturing,C,41.02,I,
1996,Kiribati,296,Original index,52,52,Original index,C,Total manufacturing,C,42.0,I,
1997,Kiribati,296,Original index,52,52,Original index,C,Total manufacturing,C,41.89,I,
1998,Kiribati,296,Original index,52,52,Original index,C,Total manufacturing,C,39.83,I,
1999,Kiribati,296,Original index,52,52,Original index,C,Total manufacturing,C,41.82,I,
2000,Kiribati,296,Original index,52,52,Original index,C,Total manufacturing,C,43.3,I,
2001,Kiribati,296,Original index,52,52,Original index,C,Total manufacturing,C,47.89,I,
2002,Kiribati,296,Original index,52,52,Original index,C,Total manufacturing,C,50.51,I,
2003,Kiribati,296,Original index,52,52,Original index,C,Total manufacturing,C,50.88,I,
2004,Kiribati,296,Original index,52,52,Original index,C,Total manufacturing,C,53.41,I,
2005,Kiribati,296,Original index,52,52,Original index,C,Total manufacturing,C,52.95,I,
2006,Kiribati,296,Original index,52,52,Original index,C,Total manufacturing,C,58.18,I,
2007,Kiribati,296,Original index,52,52,Original index,C,Total manufacturing,C,60.0,I,
2008,Kiribati,296,Original index,52,52,Original index,C,Total manufacturing,C,56.81,I,
2009,Kiribati,296,Original index,52,52,Original index,C,Total manufacturing,C,57.14,I,
2010,Kiribati,296,Original index,52,52,Original index,C,Total manufacturing,C,56.62,I,
2011,Kiribati,296,Original index,52,52,Original index,C,Total manufacturing,C,58.86,I,
2012,Kiribati,296,Original index,52,52,Original index,C,Total manufacturing,C,63.06,I,
2013,Kiribati,296,Original index,52,52,Original index,C,Total manufacturing,C,67.85,I,
2014,Kiribati,296,Original index,52,52,Original index,C,Total manufacturing,C,69.18,I,
2015,Kiribati,296,Original index,52,52,Original index,C,Total manufacturing,C,72.6,I,
2016,Kiribati,296,Original index,52,52,Original index,C,Total manufacturing,C,77.1,I,
2017,Kiribati,296,Original index,52,52,Original index,C,Total manufacturing,C,88.1,I,
2018,Kiribati,296,Original index,52,52,Original index,C,Total manufacturing,C,100.11,I,
2019,Kiribati,296,Original index,52,52,Original index,C,Total manufacturing,C,100.29,I,
2020,Kiribati,296,Original index,52,52,Original index,C,Total manufacturing,C,100.0,I,
2021,Kiribati,296,Original index,52,52,Original index,C,Total manufacturing,C,103.8,I,
2022,Kiribati,296,Original index,52,52,Original index,C,Total manufacturing,C,98.91,I,
2023,Kiribati,296,Original index,52,52,Original index,C,Total manufacturing,C,105.12,I,
2024,Kiribati,296,Original index,52,52,Original index,C,Total manufacturing,C,102.95,I,
2011,Kosovo,412,Original index,52,52,Original index,C,Total manufacturing,C,61.58,I,
2012,Kosovo,412,Original index,52,52,Original index,C,Total manufacturing,C,69.26,I,
2013,Kosovo,412,Original index,52,52,Original index,C,Total manufacturing,C,75.65,I,
2014,Kosovo,412,Original index,52,52,Original index,C,Total manufacturing,C,75.18,I,
2015,Kosovo,412,Original index,52,52,Original index,C,Total manufacturing,C,80.33,I,
2016,Kosovo,412,Original index,52,52,Original index,C,Total manufacturing,C,84.15,I,
2017,Kosovo,412,Original index,52,52,Original index,C,Total manufacturing,C,89.39,I,
2018,Kosovo,412,Original index,52,52,Original index,C,Total manufacturing,C,93.82,I,
2019,Kosovo,412,Original index,52,52,Original index,C,Total manufacturing,C,96.46,I,
2020,Kosovo,412,Original index,52,52,Original index,C,Total manufacturing,C,100.0,I,
2021,Kosovo,412,Original index,52,52,Original index,C,Total manufacturing,C,108.9,I,
2022,Kosovo,412,Original index,52,52,Original index,C,Total manufacturing,C,122.41,I,
2023,Kosovo,412,Original index,52,52,Original index,C,Total manufacturing,C,132.51,I,
2024,Kosovo,412,Original index,52,52,Original index,C,Total manufacturing,C,136.99,I,
2025,Kosovo,412,Original index,52,52,Original index,C,Total manufacturing,C,147.84,I,
2010,Kuwait,414,Original index,52,52,Original index,C,Total manufacturing,C,56.67,I,
2011,Kuwait,414,Original index,52,52,Original index,C,Total manufacturing,C,66.63,I,
2012,Kuwait,414,Original index,52,52,Original index,C,Total manufacturing,C,79.65,I,
2013,Kuwait,414,Original index,52,52,Original index,C,Total manufacturing,C,78.6,I,
2014,Kuwait,414,Original index,52,52,Original index,C,Total manufacturing,C,68.27,I,
2015,Kuwait,414,Original index,52,52,Original index,C,Total manufacturing,C,64.41,I,
2016,Kuwait,414,Original index,52,52,Original index,C,Total manufacturing,C,77.21,I,
2017,Kuwait,414,Original index,52,52,Original index,C,Total manufacturing,C,82.57,I,
2018,Kuwait,414,Original index,52,52,Original index,C,Total manufacturing,C,84.42,I,
2019,Kuwait,414,Original index,52,52,Original index,C,Total manufacturing,C,76.22,I,
2020,Kuwait,414,Original index,52,52,Original index,C,Total manufacturing,C,100.0,I,
2021,Kuwait,414,Original index,52,52,Original index,C,Total manufacturing,C,122.55,I,
2022,Kuwait,414,Original index,52,52,Original index,C,Total manufacturing,C,111.32,I,
2023,Kuwait,414,Original index,52,52,Original index,C,Total manufacturing,C,92.11,I,
2024,Kuwait,414,Original index,52,52,Original index,C,Total manufacturing,C,97.66,I,
2025,Kuwait,414,Original index,52,52,Original index,C,Total manufacturing,C,98.47,I,
2000,Kyrgyzstan,417,Original index,52,52,Original index,C,Total manufacturing,C,111.8,I,
2001,Kyrgyzstan,417,Original index,52,52,Original index,C,Total manufacturing,C,122.2,I,
2002,Kyrgyzstan,417,Original index,52,52,Original index,C,Total manufacturing,C,108.56,I,
2003,Kyrgyzstan,417,Original index,52,52,Original index,C,Total manufacturing,C,146.23,I,
2004,Kyrgyzstan,417,Original index,52,52,Original index,C,Total manufacturing,C,162.75,I,
2005,Kyrgyzstan,417,Original index,52,52,Original index,C,Total manufacturing,C,144.69,I,
2006,Kyrgyzstan,417,Original index,52,52,Original index,C,Total manufacturing,C,119.66,I,
2007,Kyrgyzstan,417,Original index,52,52,Original index,C,Total manufacturing,C,117.86,I,
2008,Kyrgyzstan,417,Original index,52,52,Original index,C,Total manufacturing,C,78.61,I,
2009,Kyrgyzstan,417,Original index,52,52,Original index,C,Total manufacturing,C,72.95,I,
2010,Kyrgyzstan,417,Original index,52,52,Original index,C,Total manufacturing,C,79.81,I,
2011,Kyrgyzstan,417,Original index,52,52,Original index,C,Total manufacturing,C,85.56,I,
2012,Kyrgyzstan,417,Original index,52,52,Original index,C,Total manufacturing,C,58.15,I,
2013,Kyrgyzstan,417,Original index,52,52,Original index,C,Total manufacturing,C,86.03,I,
2014,Kyrgyzstan,417,Original index,52,52,Original index,C,Total manufacturing,C,84.14,I,
2015,Kyrgyzstan,417,Original index,52,52,Original index,C,Total manufacturing,C,79.75,I,
2016,Kyrgyzstan,417,Original index,52,52,Original index,C,Total manufacturing,C,87.48,I,
2017,Kyrgyzstan,417,Original index,52,52,Original index,C,Total manufacturing,C,92.48,I,
2018,Kyrgyzstan,417,Original index,52,52,Original index,C,Total manufacturing,C,95.86,I,
2019,Kyrgyzstan,417,Original index,52,52,Original index,C,Total manufacturing,C,106.86,I,
2020,Kyrgyzstan,417,Original index,52,52,Original index,C,Total manufacturing,C,100.0,I,
2021,Kyrgyzstan,417,Original index,52,52,Original index,C,Total manufacturing,C,104.08,I,
2022,Kyrgyzstan,417,Original index,52,52,Original index,C,Total manufacturing,C,123.61,I,
2023,Kyrgyzstan,417,Original index,52,52,Original index,C,Total manufacturing,C,129.46,I,
2024,Kyrgyzstan,417,Original index,52,52,Original index,C,Total manufacturing,C,135.31,I,
2025,Kyrgyzstan,417,Original index,52,52,Original index,C,Total manufacturing,C,144.37,I,
2015,Lao People's Democratic Republic,418,Original index,52,52,Original index,C,Total manufacturing,C,72.56,I,
2016,Lao People's Democratic Republic,418,Original index,52,52,Original index,C,Total manufacturing,C,74.85,I,
2017,Lao People's Democratic Republic,418,Original index,52,52,Original index,C,Total manufacturing,C,78.16,I,
2018,Lao People's Democratic Republic,418,Original index,52,52,Original index,C,Total manufacturing,C,83.03,I,
2019,Lao People's Democratic Republic,418,Original index,52,52,Original index,C,Total manufacturing,C,88.62,I,
2020,Lao People's Democratic Republic,418,Original index,52,52,Original index,C,Total manufacturing,C,100.0,I,
2021,Lao People's Democratic Republic,418,Original index,52,52,Original index,C,Total manufacturing,C,103.02,I,
2022,Lao People's Democratic Republic,418,Original index,52,52,Original index,C,Total manufacturing,C,107.86,I,
2023,Lao People's Democratic Republic,418,Original index,52,52,Original index,C,Total manufacturing,C,113.13,I,
2024,Lao People's Democratic Republic,418,Original index,52,52,Original index,C,Total manufacturing,C,117.4,I,
1990,Latvia,428,Original index,52,52,Original index,C,Total manufacturing,C,122.04,I,
1991,Latvia,428,Original index,52,52,Original index,C,Total manufacturing,C,121.4,I,
1992,Latvia,428,Original index,52,52,Original index,C,Total manufacturing,C,78.44,I,
1993,Latvia,428,Original index,52,52,Original index,C,Total manufacturing,C,51.07,I,
1994,Latvia,428,Original index,52,52,Original index,C,Total manufacturing,C,44.93,I,
1995,Latvia,428,Original index,52,52,Original index,C,Total manufacturing,C,42.91,I,
1996,Latvia,428,Original index,52,52,Original index,C,Total manufacturing,C,46.05,I,
1997,Latvia,428,Original index,52,52,Original index,C,Total manufacturing,C,53.9,I,
1998,Latvia,428,Original index,52,52,Original index,C,Total manufacturing,C,55.87,I,
1999,Latvia,428,Original index,52,52,Original index,C,Total manufacturing,C,44.46,I,
2000,Latvia,428,Original index,52,52,Original index,C,Total manufacturing,C,46.52,I,
2001,Latvia,428,Original index,52,52,Original index,C,Total manufacturing,C,51.83,I,
2002,Latvia,428,Original index,52,52,Original index,C,Total manufacturing,C,55.53,I,
2003,Latvia,428,Original index,52,52,Original index,C,Total manufacturing,C,60.42,I,
2004,Latvia,428,Original index,52,52,Original index,C,Total manufacturing,C,64.38,I,
2005,Latvia,428,Original index,52,52,Original index,C,Total manufacturing,C,69.35,I,
2006,Latvia,428,Original index,52,52,Original index,C,Total manufacturing,C,73.76,I,
2007,Latvia,428,Original index,52,52,Original index,C,Total manufacturing,C,73.98,I,
2008,Latvia,428,Original index,52,52,Original index,C,Total manufacturing,C,71.4,I,
2009,Latvia,428,Original index,52,52,Original index,C,Total manufacturing,C,56.99,I,
2010,Latvia,428,Original index,52,52,Original index,C,Total manufacturing,C,66.34,I,
2011,Latvia,428,Original index,52,52,Original index,C,Total manufacturing,C,74.19,I,
2012,Latvia,428,Original index,52,52,Original index,C,Total manufacturing,C,81.08,I,
2013,Latvia,428,Original index,52,52,Original index,C,Total manufacturing,C,81.08,I,
2014,Latvia,428,Original index,52,52,Original index,C,Total manufacturing,C,80.86,I,
2015,Latvia,428,Original index,52,52,Original index,C,Total manufacturing,C,84.3,I,
2016,Latvia,428,Original index,52,52,Original index,C,Total manufacturing,C,89.03,I,
2017,Latvia,428,Original index,52,52,Original index,C,Total manufacturing,C,96.24,I,
2018,Latvia,428,Original index,52,52,Original index,C,Total manufacturing,C,98.82,I,
2019,Latvia,428,Original index,52,52,Original index,C,Total manufacturing,C,100.97,I,
2020,Latvia,428,Original index,52,52,Original index,C,Total manufacturing,C,100.0,I,
2021,Latvia,428,Original index,52,52,Original index,C,Total manufacturing,C,107.53,I,
2022,Latvia,428,Original index,52,52,Original index,C,Total manufacturing,C,110.43,I,
2023,Latvia,428,Original index,52,52,Original index,C,Total manufacturing,C,104.73,I,
2024,Latvia,428,Original index,52,52,Original index,C,Total manufacturing,C,102.26,I,
2025,Latvia,428,Original index,52,52,Original index,C,Total manufacturing,C,107.42,I,
1982,Lesotho,426,Original index,52,52,Original index,C,Total manufacturing,C,12.36,I,
1983,Lesotho,426,Original index,52,52,Original index,C,Total manufacturing,C,14.51,I,
1984,Lesotho,426,Original index,52,52,Original index,C,Total manufacturing,C,15.85,I,
1985,Lesotho,426,Original index,52,52,Original index,C,Total manufacturing,C,14.68,I,
1986,Lesotho,426,Original index,52,52,Original index,C,Total manufacturing,C,17.12,I,
1987,Lesotho,426,Original index,52,52,Original index,C,Total manufacturing,C,17.76,I,
1988,Lesotho,426,Original index,52,52,Original index,C,Total manufacturing,C,22.13,I,
1989,Lesotho,426,Original index,52,52,Original index,C,Total manufacturing,C,24.03,I,
1990,Lesotho,426,Original index,52,52,Original index,C,Total manufacturing,C,26.29,I,
1991,Lesotho,426,Original index,52,52,Original index,C,Total manufacturing,C,26.28,I,
1992,Lesotho,426,Original index,52,52,Original index,C,Total manufacturing,C,29.68,I,
1993,Lesotho,426,Original index,52,52,Original index,C,Total manufacturing,C,34.13,I,
1994,Lesotho,426,Original index,52,52,Original index,C,Total manufacturing,C,35.39,I,
1995,Lesotho,426,Original index,52,52,Original index,C,Total manufacturing,C,37.31,I,
1996,Lesotho,426,Original index,52,52,Original index,C,Total manufacturing,C,38.2,I,
1997,Lesotho,426,Original index,52,52,Original index,C,Total manufacturing,C,44.65,I,
1998,Lesotho,426,Original index,52,52,Original index,C,Total manufacturing,C,45.07,I,
1999,Lesotho,426,Original index,52,52,Original index,C,Total manufacturing,C,44.99,I,
2000,Lesotho,426,Original index,52,52,Original index,C,Total manufacturing,C,53.24,I,
2001,Lesotho,426,Original index,52,52,Original index,C,Total manufacturing,C,67.8,I,
2002,Lesotho,426,Original index,52,52,Original index,C,Total manufacturing,C,88.24,I,
2003,Lesotho,426,Original index,52,52,Original index,C,Total manufacturing,C,99.94,I,
2004,Lesotho,426,Original index,52,52,Original index,C,Total manufacturing,C,105.82,I,
2005,Lesotho,426,Original index,52,52,Original index,C,Total manufacturing,C,92.77,I,
2006,Lesotho,426,Original index,52,52,Original index,C,Total manufacturing,C,101.67,I,
2007,Lesotho,426,Original index,52,52,Original index,C,Total manufacturing,C,102.76,I,
2008,Lesotho,426,Original index,52,52,Original index,C,Total manufacturing,C,100.28,I,
2009,Lesotho,426,Original index,52,52,Original index,C,Total manufacturing,C,96.93,I,
2010,Lesotho,426,Original index,52,52,Original index,C,Total manufacturing,C,100.1,I,
2011,Lesotho,426,Original index,52,52,Original index,C,Total manufacturing,C,97.25,I,
2012,Lesotho,426,Original index,52,52,Original index,C,Total manufacturing,C,93.21,I,
2013,Lesotho,426,Original index,52,52,Original index,C,Total manufacturing,C,89.4,I,
2014,Lesotho,426,Original index,52,52,Original index,C,Total manufacturing,C,79.24,I,
2015,Lesotho,426,Original index,52,52,Original index,C,Total manufacturing,C,91.33,I,
2016,Lesotho,426,Original index,52,52,Original index,C,Total manufacturing,C,107.33,I,
2017,Lesotho,426,Original index,52,52,Original index,C,Total manufacturing,C,97.13,I,
2018,Lesotho,426,Original index,52,52,Original index,C,Total manufacturing,C,110.87,I,
2019,Lesotho,426,Original index,52,52,Original index,C,Total manufacturing,C,110.04,I,
2020,Lesotho,426,Original index,52,52,Original index,C,Total manufacturing,C,100.0,I,
2021,Lesotho,426,Original index,52,52,Original index,C,Total manufacturing,C,107.36,I,
2022,Lesotho,426,Original index,52,52,Original index,C,Total manufacturing,C,104.92,I,
2023,Lesotho,426,Original index,52,52,Original index,C,Total manufacturing,C,90.37,I,
2024,Lesotho,426,Original index,52,52,Original index,C,Total manufacturing,C,99.2,I,
2010,Liberia,430,Original index,52,52,Original index,C,Total manufacturing,C,86.17,I,
2011,Liberia,430,Original index,52,52,Original index,C,Total manufacturing,C,75.65,I,
2012,Liberia,430,Original index,52,52,Original index,C,Total manufacturing,C,65.86,I,
2013,Liberia,430,Original index,52,52,Original index,C,Total manufacturing,C,73.73,I,
2014,Liberia,430,Original index,52,52,Original index,C,Total manufacturing,C,65.52,I,
2015,Liberia,430,Original index,52,52,Original index,C,Total manufacturing,C,84.38,I,
2016,Liberia,430,Original index,52,52,Original index,C,Total manufacturing,C,95.51,I,
2017,Liberia,430,Original index,52,52,Original index,C,Total manufacturing,C,95.54,I,
2018,Liberia,430,Original index,52,52,Original index,C,Total manufacturing,C,98.54,I,
2019,Liberia,430,Original index,52,52,Original index,C,Total manufacturing,C,95.11,I,
2020,Liberia,430,Original index,52,52,Original index,C,Total manufacturing,C,100.0,I,
2021,Liberia,430,Original index,52,52,Original index,C,Total manufacturing,C,119.75,I,
2022,Liberia,430,Original index,52,52,Original index,C,Total manufacturing,C,111.26,I,
2023,Liberia,430,Original index,52,52,Original index,C,Total manufacturing,C,141.79,I,
2024,Liberia,430,Original index,52,52,Original index,C,Total manufacturing,C,169.32,I,
1995,Lithuania,440,Original index,52,52,Original index,C,Total manufacturing,C,34.19,I,
1996,Lithuania,440,Original index,52,52,Original index,C,Total manufacturing,C,34.5,I,
1997,Lithuania,440,Original index,52,52,Original index,C,Total manufacturing,C,36.45,I,
1998,Lithuania,440,Original index,52,52,Original index,C,Total manufacturing,C,39.46,I,
1999,Lithuania,440,Original index,52,52,Original index,C,Total manufacturing,C,35.15,I,
2000,Lithuania,440,Original index,52,52,Original index,C,Total manufacturing,C,38.26,I,
2001,Lithuania,440,Original index,52,52,Original index,C,Total manufacturing,C,42.5,I,
2002,Lithuania,440,Original index,52,52,Original index,C,Total manufacturing,C,45.33,I,
2003,Lithuania,440,Original index,52,52,Original index,C,Total manufacturing,C,50.41,I,
2004,Lithuania,440,Original index,52,52,Original index,C,Total manufacturing,C,56.73,I,
2005,Lithuania,440,Original index,52,52,Original index,C,Total manufacturing,C,61.8,I,
2006,Lithuania,440,Original index,52,52,Original index,C,Total manufacturing,C,65.94,I,
2007,Lithuania,440,Original index,52,52,Original index,C,Total manufacturing,C,67.4,I,
2008,Lithuania,440,Original index,52,52,Original index,C,Total manufacturing,C,71.41,I,
2009,Lithuania,440,Original index,52,52,Original index,C,Total manufacturing,C,60.46,I,
2010,Lithuania,440,Original index,52,52,Original index,C,Total manufacturing,C,64.96,I,
2011,Lithuania,440,Original index,52,52,Original index,C,Total manufacturing,C,71.53,I,
2012,Lithuania,440,Original index,52,52,Original index,C,Total manufacturing,C,75.18,I,
2013,Lithuania,440,Original index,52,52,Original index,C,Total manufacturing,C,78.47,I,
2014,Lithuania,440,Original index,52,52,Original index,C,Total manufacturing,C,78.83,I,
2015,Lithuania,440,Original index,52,52,Original index,C,Total manufacturing,C,83.09,I,
2016,Lithuania,440,Original index,52,52,Original index,C,Total manufacturing,C,85.4,I,
2017,Lithuania,440,Original index,52,52,Original index,C,Total manufacturing,C,91.36,I,
2018,Lithuania,440,Original index,52,52,Original index,C,Total manufacturing,C,96.35,I,
2019,Lithuania,440,Original index,52,52,Original index,C,Total manufacturing,C,99.88,I,
2020,Lithuania,440,Original index,52,52,Original index,C,Total manufacturing,C,100.0,I,
2021,Lithuania,440,Original index,52,52,Original index,C,Total manufacturing,C,121.65,I,
2022,Lithuania,440,Original index,52,52,Original index,C,Total manufacturing,C,130.05,I,
2023,Lithuania,440,Original index,52,52,Original index,C,Total manufacturing,C,124.09,I,
2024,Lithuania,440,Original index,52,52,Original index,C,Total manufacturing,C,129.93,I,
2025,Lithuania,440,Original index,52,52,Original index,C,Total manufacturing,C,134.18,I,
1981,Luxembourg,442,Original index,52,52,Original index,C,Total manufacturing,C,49.99,I,
1982,Luxembourg,442,Original index,52,52,Original index,C,Total manufacturing,C,50.63,I,
1983,Luxembourg,442,Original index,52,52,Original index,C,Total manufacturing,C,52.98,I,
1984,Luxembourg,442,Original index,52,52,Original index,C,Total manufacturing,C,60.89,I,
1985,Luxembourg,442,Original index,52,52,Original index,C,Total manufacturing,C,65.28,I,
1986,Luxembourg,442,Original index,52,52,Original index,C,Total manufacturing,C,66.45,I,
1987,Luxembourg,442,Original index,52,52,Original index,C,Total manufacturing,C,65.67,I,
1988,Luxembourg,442,Original index,52,52,Original index,C,Total manufacturing,C,71.41,I,
1989,Luxembourg,442,Original index,52,52,Original index,C,Total manufacturing,C,77.22,I,
1990,Luxembourg,442,Original index,52,52,Original index,C,Total manufacturing,C,76.44,I,
1991,Luxembourg,442,Original index,52,52,Original index,C,Total manufacturing,C,76.36,I,
1992,Luxembourg,442,Original index,52,52,Original index,C,Total manufacturing,C,75.6,I,
1993,Luxembourg,442,Original index,52,52,Original index,C,Total manufacturing,C,72.08,I,
1994,Luxembourg,442,Original index,52,52,Original index,C,Total manufacturing,C,76.52,I,
1995,Luxembourg,442,Original index,52,52,Original index,C,Total manufacturing,C,77.2,I,
1996,Luxembourg,442,Original index,52,52,Original index,C,Total manufacturing,C,77.44,I,
1997,Luxembourg,442,Original index,52,52,Original index,C,Total manufacturing,C,81.91,I,
1998,Luxembourg,442,Original index,52,52,Original index,C,Total manufacturing,C,89.32,I,
1999,Luxembourg,442,Original index,52,52,Original index,C,Total manufacturing,C,90.87,I,
2000,Luxembourg,442,Original index,52,52,Original index,C,Total manufacturing,C,95.42,I,
2001,Luxembourg,442,Original index,52,52,Original index,C,Total manufacturing,C,100.12,I,
2002,Luxembourg,442,Original index,52,52,Original index,C,Total manufacturing,C,104.33,I,
2003,Luxembourg,442,Original index,52,52,Original index,C,Total manufacturing,C,110.34,I,
2004,Luxembourg,442,Original index,52,52,Original index,C,Total manufacturing,C,117.56,I,
2005,Luxembourg,442,Original index,52,52,Original index,C,Total manufacturing,C,120.4,I,
2006,Luxembourg,442,Original index,52,52,Original index,C,Total manufacturing,C,122.88,I,
2007,Luxembourg,442,Original index,52,52,Original index,C,Total manufacturing,C,122.98,I,
2008,Luxembourg,442,Original index,52,52,Original index,C,Total manufacturing,C,116.78,I,
2009,Luxembourg,442,Original index,52,52,Original index,C,Total manufacturing,C,96.52,I,
2010,Luxembourg,442,Original index,52,52,Original index,C,Total manufacturing,C,121.96,I,
2011,Luxembourg,442,Original index,52,52,Original index,C,Total manufacturing,C,123.75,I,
2012,Luxembourg,442,Original index,52,52,Original index,C,Total manufacturing,C,114.91,I,
2013,Luxembourg,442,Original index,52,52,Original index,C,Total manufacturing,C,109.39,I,
2014,Luxembourg,442,Original index,52,52,Original index,C,Total manufacturing,C,110.57,I,
2015,Luxembourg,442,Original index,52,52,Original index,C,Total manufacturing,C,105.28,I,
2016,Luxembourg,442,Original index,52,52,Original index,C,Total manufacturing,C,103.09,I,
2017,Luxembourg,442,Original index,52,52,Original index,C,Total manufacturing,C,109.83,I,
2018,Luxembourg,442,Original index,52,52,Original index,C,Total manufacturing,C,113.3,I,
2019,Luxembourg,442,Original index,52,52,Original index,C,Total manufacturing,C,112.82,I,
2020,Luxembourg,442,Original index,52,52,Original index,C,Total manufacturing,C,100.0,I,
2021,Luxembourg,442,Original index,52,52,Original index,C,Total manufacturing,C,116.38,I,
2022,Luxembourg,442,Original index,52,52,Original index,C,Total manufacturing,C,132.02,I,
2023,Luxembourg,442,Original index,52,52,Original index,C,Total manufacturing,C,125.36,I,
2024,Luxembourg,442,Original index,52,52,Original index,C,Total manufacturing,C,122.6,I,
2025,Luxembourg,442,Original index,52,52,Original index,C,Total manufacturing,C,127.8,I,
2007,Madagascar,450,Original index,52,52,Original index,C,Total manufacturing,C,93.34,I,
2008,Madagascar,450,Original index,52,52,Original index,C,Total manufacturing,C,98.99,I,
2009,Madagascar,450,Original index,52,52,Original index,C,Total manufacturing,C,91.69,I,
2010,Madagascar,450,Original index,52,52,Original index,C,Total manufacturing,C,89.95,I,
2011,Madagascar,450,Original index,52,52,Original index,C,Total manufacturing,C,90.22,I,
2012,Madagascar,450,Original index,52,52,Original index,C,Total manufacturing,C,92.29,I,
2013,Madagascar,450,Original index,52,52,Original index,C,Total manufacturing,C,90.06,I,
2014,Madagascar,450,Original index,52,52,Original index,C,Total manufacturing,C,92.36,I,
2015,Madagascar,450,Original index,52,52,Original index,C,Total manufacturing,C,94.94,I,
2016,Madagascar,450,Original index,52,52,Original index,C,Total manufacturing,C,100.03,I,
2017,Madagascar,450,Original index,52,52,Original index,C,Total manufacturing,C,104.29,I,
2018,Madagascar,450,Original index,52,52,Original index,C,Total manufacturing,C,107.84,I,
2019,Madagascar,450,Original index,52,52,Original index,C,Total manufacturing,C,113.12,I,
2020,Madagascar,450,Original index,52,52,Original index,C,Total manufacturing,C,100.0,I,
2021,Madagascar,450,Original index,52,52,Original index,C,Total manufacturing,C,115.19,I,
2022,Madagascar,450,Original index,52,52,Original index,C,Total manufacturing,C,124.17,I,
2023,Madagascar,450,Original index,52,52,Original index,C,Total manufacturing,C,125.95,I,
2024,Madagascar,450,Original index,52,52,Original index,C,Total manufacturing,C,137.88,I,
2005,Malawi,454,Original index,52,52,Original index,C,Total manufacturing,C,43.58,I,
2006,Malawi,454,Original index,52,52,Original index,C,Total manufacturing,C,43.86,I,
2007,Malawi,454,Original index,52,52,Original index,C,Total manufacturing,C,52.59,I,
2008,Malawi,454,Original index,52,52,Original index,C,Total manufacturing,C,57.12,I,
2009,Malawi,454,Original index,52,52,Original index,C,Total manufacturing,C,65.79,I,
2010,Malawi,454,Original index,52,52,Original index,C,Total manufacturing,C,69.08,I,
2011,Malawi,454,Original index,52,52,Original index,C,Total manufacturing,C,70.2,I,
2012,Malawi,454,Original index,52,52,Original index,C,Total manufacturing,C,69.42,I,
2013,Malawi,454,Original index,52,52,Original index,C,Total manufacturing,C,73.28,I,
2014,Malawi,454,Original index,52,52,Original index,C,Total manufacturing,C,77.88,I,
2015,Malawi,454,Original index,52,52,Original index,C,Total manufacturing,C,80.86,I,
2016,Malawi,454,Original index,52,52,Original index,C,Total manufacturing,C,81.93,I,
2017,Malawi,454,Original index,52,52,Original index,C,Total manufacturing,C,83.54,I,
2018,Malawi,454,Original index,52,52,Original index,C,Total manufacturing,C,89.21,I,
2019,Malawi,454,Original index,52,52,Original index,C,Total manufacturing,C,95.98,I,
2020,Malawi,454,Original index,52,52,Original index,C,Total manufacturing,C,100.0,I,
2021,Malawi,454,Original index,52,52,Original index,C,Total manufacturing,C,104.14,I,
2022,Malawi,454,Original index,52,52,Original index,C,Total manufacturing,C,102.73,I,
2023,Malawi,454,Original index,52,52,Original index,C,Total manufacturing,C,103.06,I,
2024,Malawi,454,Original index,52,52,Original index,C,Total manufacturing,C,105.19,I,
2025,Malawi,454,Original index,52,52,Original index,C,Total manufacturing,C,111.05,I,
1981,Malaysia,458,Original index,52,52,Original index,C,Total manufacturing,C,7.1,I,
1982,Malaysia,458,Original index,52,52,Original index,C,Total manufacturing,C,7.5,I,
1983,Malaysia,458,Original index,52,52,Original index,C,Total manufacturing,C,8.0,I,
1984,Malaysia,458,Original index,52,52,Original index,C,Total manufacturing,C,8.9,I,
1985,Malaysia,458,Original index,52,52,Original index,C,Total manufacturing,C,8.35,I,
1986,Malaysia,458,Original index,52,52,Original index,C,Total manufacturing,C,8.95,I,
1987,Malaysia,458,Original index,52,52,Original index,C,Total manufacturing,C,10.08,I,
1988,Malaysia,458,Original index,52,52,Original index,C,Total manufacturing,C,11.62,I,
1989,Malaysia,458,Original index,52,52,Original index,C,Total manufacturing,C,13.27,I,
1990,Malaysia,458,Original index,52,52,Original index,C,Total manufacturing,C,15.35,I,
1991,Malaysia,458,Original index,52,52,Original index,C,Total manufacturing,C,17.47,I,
1992,Malaysia,458,Original index,52,52,Original index,C,Total manufacturing,C,19.31,I,
1993,Malaysia,458,Original index,52,52,Original index,C,Total manufacturing,C,21.79,I,
1994,Malaysia,458,Original index,52,52,Original index,C,Total manufacturing,C,25.04,I,
1995,Malaysia,458,Original index,52,52,Original index,C,Total manufacturing,C,28.59,I,
1996,Malaysia,458,Original index,52,52,Original index,C,Total manufacturing,C,32.1,I,
1997,Malaysia,458,Original index,52,52,Original index,C,Total manufacturing,C,36.09,I,
1998,Malaysia,458,Original index,52,52,Original index,C,Total manufacturing,C,32.39,I,
1999,Malaysia,458,Original index,52,52,Original index,C,Total manufacturing,C,36.57,I,
2000,Malaysia,458,Original index,52,52,Original index,C,Total manufacturing,C,45.7,I,
2001,Malaysia,458,Original index,52,52,Original index,C,Total manufacturing,C,42.67,I,
2002,Malaysia,458,Original index,52,52,Original index,C,Total manufacturing,C,44.61,I,
2003,Malaysia,458,Original index,52,52,Original index,C,Total manufacturing,C,49.28,I,
2004,Malaysia,458,Original index,52,52,Original index,C,Total manufacturing,C,56.21,I,
2005,Malaysia,458,Original index,52,52,Original index,C,Total manufacturing,C,59.09,I,
2006,Malaysia,458,Original index,52,52,Original index,C,Total manufacturing,C,64.4,I,
2007,Malaysia,458,Original index,52,52,Original index,C,Total manufacturing,C,65.88,I,
2008,Malaysia,458,Original index,52,52,Original index,C,Total manufacturing,C,66.29,I,
2009,Malaysia,458,Original index,52,52,Original index,C,Total manufacturing,C,59.71,I,
2010,Malaysia,458,Original index,52,52,Original index,C,Total manufacturing,C,66.31,I,
2011,Malaysia,458,Original index,52,52,Original index,C,Total manufacturing,C,69.36,I,
2012,Malaysia,458,Original index,52,52,Original index,C,Total manufacturing,C,72.8,I,
2013,Malaysia,458,Original index,52,52,Original index,C,Total manufacturing,C,76.33,I,
2014,Malaysia,458,Original index,52,52,Original index,C,Total manufacturing,C,81.6,I,
2015,Malaysia,458,Original index,52,52,Original index,C,Total manufacturing,C,85.51,I,
2016,Malaysia,458,Original index,52,52,Original index,C,Total manufacturing,C,89.22,I,
2017,Malaysia,458,Original index,52,52,Original index,C,Total manufacturing,C,94.68,I,
2018,Malaysia,458,Original index,52,52,Original index,C,Total manufacturing,C,99.2,I,
2019,Malaysia,458,Original index,52,52,Original index,C,Total manufacturing,C,102.73,I,
2020,Malaysia,458,Original index,52,52,Original index,C,Total manufacturing,C,100.0,I,
2021,Malaysia,458,Original index,52,52,Original index,C,Total manufacturing,C,109.51,I,
2022,Malaysia,458,Original index,52,52,Original index,C,Total manufacturing,C,118.44,I,
2023,Malaysia,458,Original index,52,52,Original index,C,Total manufacturing,C,119.32,I,
2024,Malaysia,458,Original index,52,52,Original index,C,Total manufacturing,C,124.49,I,
2025,Malaysia,458,Original index,52,52,Original index,C,Total manufacturing,C,130.15,I,
1995,Maldives,462,Original index,52,52,Original index,C,Total manufacturing,C,34.26,I,
1996,Maldives,462,Original index,52,52,Original index,C,Total manufacturing,C,34.13,I,
1997,Maldives,462,Original index,52,52,Original index,C,Total manufacturing,C,39.6,I,
1998,Maldives,462,Original index,52,52,Original index,C,Total manufacturing,C,44.35,I,
1999,Maldives,462,Original index,52,52,Original index,C,Total manufacturing,C,49.23,I,
2000,Maldives,462,Original index,52,52,Original index,C,Total manufacturing,C,51.46,I,
2001,Maldives,462,Original index,52,52,Original index,C,Total manufacturing,C,60.22,I,
2002,Maldives,462,Original index,52,52,Original index,C,Total manufacturing,C,62.5,I,
2003,Maldives,462,Original index,52,52,Original index,C,Total manufacturing,C,72.97,I,
2004,Maldives,462,Original index,52,52,Original index,C,Total manufacturing,C,73.5,I,
2005,Maldives,462,Original index,52,52,Original index,C,Total manufacturing,C,77.49,I,
2006,Maldives,462,Original index,52,52,Original index,C,Total manufacturing,C,88.39,I,
2007,Maldives,462,Original index,52,52,Original index,C,Total manufacturing,C,74.9,I,
2008,Maldives,462,Original index,52,52,Original index,C,Total manufacturing,C,77.97,I,
2009,Maldives,462,Original index,52,52,Original index,C,Total manufacturing,C,61.48,I,
2010,Maldives,462,Original index,52,52,Original index,C,Total manufacturing,C,65.48,I,
2011,Maldives,462,Original index,52,52,Original index,C,Total manufacturing,C,72.99,I,
2012,Maldives,462,Original index,52,52,Original index,C,Total manufacturing,C,74.4,I,
2013,Maldives,462,Original index,52,52,Original index,C,Total manufacturing,C,80.13,I,
2014,Maldives,462,Original index,52,52,Original index,C,Total manufacturing,C,78.92,I,
2015,Maldives,462,Original index,52,52,Original index,C,Total manufacturing,C,84.94,I,
2016,Maldives,462,Original index,52,52,Original index,C,Total manufacturing,C,93.08,I,
2017,Maldives,462,Original index,52,52,Original index,C,Total manufacturing,C,106.62,I,
2018,Maldives,462,Original index,52,52,Original index,C,Total manufacturing,C,120.16,I,
2019,Maldives,462,Original index,52,52,Original index,C,Total manufacturing,C,123.79,I,
2020,Maldives,462,Original index,52,52,Original index,C,Total manufacturing,C,100.0,I,
2021,Maldives,462,Original index,52,52,Original index,C,Total manufacturing,C,112.62,I,
2022,Maldives,462,Original index,52,52,Original index,C,Total manufacturing,C,119.24,I,
2023,Maldives,462,Original index,52,52,Original index,C,Total manufacturing,C,121.42,I,
2024,Maldives,462,Original index,52,52,Original index,C,Total manufacturing,C,101.3,I,
2025,Maldives,462,Original index,52,52,Original index,C,Total manufacturing,C,120.91,I,
2004,Mali,466,Original index,52,52,Original index,C,Total manufacturing,C,126.02,I,
2005,Mali,466,Original index,52,52,Original index,C,Total manufacturing,C,191.06,I,
2006,Mali,466,Original index,52,52,Original index,C,Total manufacturing,C,141.31,I,
2007,Mali,466,Original index,52,52,Original index,C,Total manufacturing,C,237.69,I,
2008,Mali,466,Original index,52,52,Original index,C,Total manufacturing,C,143.02,I,
2009,Mali,466,Original index,52,52,Original index,C,Total manufacturing,C,116.76,I,
2010,Mali,466,Original index,52,52,Original index,C,Total manufacturing,C,100.82,I,
2011,Mali,466,Original index,52,52,Original index,C,Total manufacturing,C,91.8,I,
2012,Mali,466,Original index,52,52,Original index,C,Total manufacturing,C,84.57,I,
2013,Mali,466,Original index,52,52,Original index,C,Total manufacturing,C,94.96,I,
2014,Mali,466,Original index,52,52,Original index,C,Total manufacturing,C,84.27,I,
2015,Mali,466,Original index,52,52,Original index,C,Total manufacturing,C,87.64,I,
2016,Mali,466,Original index,52,52,Original index,C,Total manufacturing,C,86.11,I,
2017,Mali,466,Original index,52,52,Original index,C,Total manufacturing,C,91.28,I,
2018,Mali,466,Original index,52,52,Original index,C,Total manufacturing,C,97.35,I,
2019,Mali,466,Original index,52,52,Original index,C,Total manufacturing,C,101.75,I,
2020,Mali,466,Original index,52,52,Original index,C,Total manufacturing,C,100.0,I,
2021,Mali,466,Original index,52,52,Original index,C,Total manufacturing,C,107.62,I,
2022,Mali,466,Original index,52,52,Original index,C,Total manufacturing,C,98.65,I,
2023,Mali,466,Original index,52,52,Original index,C,Total manufacturing,C,105.06,I,
2024,Mali,466,Original index,52,52,Original index,C,Total manufacturing,C,109.02,I,
2025,Mali,466,Original index,52,52,Original index,C,Total manufacturing,C,107.32,I,
2000,Malta,470,Original index,52,52,Original index,C,Total manufacturing,C,105.16,I,
2001,Malta,470,Original index,52,52,Original index,C,Total manufacturing,C,97.92,I,
2002,Malta,470,Original index,52,52,Original index,C,Total manufacturing,C,98.21,I,
2003,Malta,470,Original index,52,52,Original index,C,Total manufacturing,C,102.32,I,
2004,Malta,470,Original index,52,52,Original index,C,Total manufacturing,C,101.54,I,
2005,Malta,470,Original index,52,52,Original index,C,Total manufacturing,C,95.28,I,
2006,Malta,470,Original index,52,52,Original index,C,Total manufacturing,C,102.56,I,
2007,Malta,470,Original index,52,52,Original index,C,Total manufacturing,C,110.73,I,
2008,Malta,470,Original index,52,52,Original index,C,Total manufacturing,C,106.1,I,
2009,Malta,470,Original index,52,52,Original index,C,Total manufacturing,C,89.96,I,
2010,Malta,470,Original index,52,52,Original index,C,Total manufacturing,C,98.62,I,
2011,Malta,470,Original index,52,52,Original index,C,Total manufacturing,C,98.23,I,
2012,Malta,470,Original index,52,52,Original index,C,Total manufacturing,C,103.64,I,
2013,Malta,470,Original index,52,52,Original index,C,Total manufacturing,C,98.13,I,
2014,Malta,470,Original index,52,52,Original index,C,Total manufacturing,C,91.83,I,
2015,Malta,470,Original index,52,52,Original index,C,Total manufacturing,C,97.74,I,
2016,Malta,470,Original index,52,52,Original index,C,Total manufacturing,C,93.31,I,
2017,Malta,470,Original index,52,52,Original index,C,Total manufacturing,C,94.88,I,
2018,Malta,470,Original index,52,52,Original index,C,Total manufacturing,C,96.56,I,
2019,Malta,470,Original index,52,52,Original index,C,Total manufacturing,C,99.21,I,
2020,Malta,470,Original index,52,52,Original index,C,Total manufacturing,C,100.0,I,
2021,Malta,470,Original index,52,52,Original index,C,Total manufacturing,C,98.43,I,
2022,Malta,470,Original index,52,52,Original index,C,Total manufacturing,C,99.61,I,
2023,Malta,470,Original index,52,52,Original index,C,Total manufacturing,C,106.5,I,
2024,Malta,470,Original index,52,52,Original index,C,Total manufacturing,C,112.5,I,
2025,Malta,470,Original index,52,52,Original index,C,Total manufacturing,C,116.54,I,
1997,Marshall Islands,584,Original index,52,52,Original index,C,Total manufacturing,C,14.45,I,
1998,Marshall Islands,584,Original index,52,52,Original index,C,Total manufacturing,C,9.09,I,
1999,Marshall Islands,584,Original index,52,52,Original index,C,Total manufacturing,C,54.72,I,
2000,Marshall Islands,584,Original index,52,52,Original index,C,Total manufacturing,C,73.85,I,
2001,Marshall Islands,584,Original index,52,52,Original index,C,Total manufacturing,C,96.71,I,
2002,Marshall Islands,584,Original index,52,52,Original index,C,Total manufacturing,C,92.21,I,
2003,Marshall Islands,584,Original index,52,52,Original index,C,Total manufacturing,C,134.59,I,
2004,Marshall Islands,584,Original index,52,52,Original index,C,Total manufacturing,C,155.47,I,
2005,Marshall Islands,584,Original index,52,52,Original index,C,Total manufacturing,C,30.99,I,
2006,Marshall Islands,584,Original index,52,52,Original index,C,Total manufacturing,C,75.87,I,
2007,Marshall Islands,584,Original index,52,52,Original index,C,Total manufacturing,C,131.19,I,
2008,Marshall Islands,584,Original index,52,52,Original index,C,Total manufacturing,C,121.74,I,
2009,Marshall Islands,584,Original index,52,52,Original index,C,Total manufacturing,C,202.1,I,
2010,Marshall Islands,584,Original index,52,52,Original index,C,Total manufacturing,C,282.2,I,
2011,Marshall Islands,584,Original index,52,52,Original index,C,Total manufacturing,C,274.24,I,
2012,Marshall Islands,584,Original index,52,52,Original index,C,Total manufacturing,C,181.8,I,
2013,Marshall Islands,584,Original index,52,52,Original index,C,Total manufacturing,C,188.26,I,
2014,Marshall Islands,584,Original index,52,52,Original index,C,Total manufacturing,C,227.22,I,
2015,Marshall Islands,584,Original index,52,52,Original index,C,Total manufacturing,C,161.75,I,
2016,Marshall Islands,584,Original index,52,52,Original index,C,Total manufacturing,C,105.88,I,
2017,Marshall Islands,584,Original index,52,52,Original index,C,Total manufacturing,C,78.22,I,
2018,Marshall Islands,584,Original index,52,52,Original index,C,Total manufacturing,C,108.32,I,
2019,Marshall Islands,584,Original index,52,52,Original index,C,Total manufacturing,C,101.67,I,
2020,Marshall Islands,584,Original index,52,52,Original index,C,Total manufacturing,C,100.0,I,
2021,Marshall Islands,584,Original index,52,52,Original index,C,Total manufacturing,C,78.07,I,
2006,Mauritania,478,Original index,52,52,Original index,C,Total manufacturing,C,110.4,I,
2007,Mauritania,478,Original index,52,52,Original index,C,Total manufacturing,C,111.36,I,
2008,Mauritania,478,Original index,52,52,Original index,C,Total manufacturing,C,105.48,I,
2009,Mauritania,478,Original index,52,52,Original index,C,Total manufacturing,C,101.87,I,
2010,Mauritania,478,Original index,52,52,Original index,C,Total manufacturing,C,102.46,I,
2011,Mauritania,478,Original index,52,52,Original index,C,Total manufacturing,C,110.55,I,
2012,Mauritania,478,Original index,52,52,Original index,C,Total manufacturing,C,124.54,I,
2013,Mauritania,478,Original index,52,52,Original index,C,Total manufacturing,C,118.78,I,
2014,Mauritania,478,Original index,52,52,Original index,C,Total manufacturing,C,105.49,I,
2015,Mauritania,478,Original index,52,52,Original index,C,Total manufacturing,C,116.37,I,
2016,Mauritania,478,Original index,52,52,Original index,C,Total manufacturing,C,107.22,I,
2017,Mauritania,478,Original index,52,52,Original index,C,Total manufacturing,C,112.85,I,
2018,Mauritania,478,Original index,52,52,Original index,C,Total manufacturing,C,108.44,I,
2019,Mauritania,478,Original index,52,52,Original index,C,Total manufacturing,C,101.19,I,
2020,Mauritania,478,Original index,52,52,Original index,C,Total manufacturing,C,100.0,I,
2021,Mauritania,478,Original index,52,52,Original index,C,Total manufacturing,C,109.2,I,
2022,Mauritania,478,Original index,52,52,Original index,C,Total manufacturing,C,109.82,I,
2023,Mauritania,478,Original index,52,52,Original index,C,Total manufacturing,C,84.82,I,
2024,Mauritania,478,Original index,52,52,Original index,C,Total manufacturing,C,87.5,I,
2025,Mauritania,478,Original index,52,52,Original index,C,Total manufacturing,C,88.53,I,
1995,Mauritius,480,Original index,52,52,Original index,C,Total manufacturing,C,75.33,I,
1996,Mauritius,480,Original index,52,52,Original index,C,Total manufacturing,C,80.13,I,
1997,Mauritius,480,Original index,52,52,Original index,C,Total manufacturing,C,85.07,I,
1998,Mauritius,480,Original index,52,52,Original index,C,Total manufacturing,C,90.17,I,
1999,Mauritius,480,Original index,52,52,Original index,C,Total manufacturing,C,92.21,I,
2000,Mauritius,480,Original index,52,52,Original index,C,Total manufacturing,C,100.12,I,
2001,Mauritius,480,Original index,52,52,Original index,C,Total manufacturing,C,104.83,I,
2002,Mauritius,480,Original index,52,52,Original index,C,Total manufacturing,C,102.53,I,
2003,Mauritius,480,Original index,52,52,Original index,C,Total manufacturing,C,101.91,I,
2004,Mauritius,480,Original index,52,52,Original index,C,Total manufacturing,C,101.4,I,
2005,Mauritius,480,Original index,52,52,Original index,C,Total manufacturing,C,93.91,I,
2006,Mauritius,480,Original index,52,52,Original index,C,Total manufacturing,C,97.61,I,
2007,Mauritius,480,Original index,52,52,Original index,C,Total manufacturing,C,98.94,I,
2008,Mauritius,480,Original index,52,52,Original index,C,Total manufacturing,C,102.11,I,
2009,Mauritius,480,Original index,52,52,Original index,C,Total manufacturing,C,104.68,I,
2010,Mauritius,480,Original index,52,52,Original index,C,Total manufacturing,C,106.37,I,
2011,Mauritius,480,Original index,52,52,Original index,C,Total manufacturing,C,107.38,I,
2012,Mauritius,480,Original index,52,52,Original index,C,Total manufacturing,C,109.74,I,
2013,Mauritius,480,Original index,52,52,Original index,C,Total manufacturing,C,114.22,I,
2014,Mauritius,480,Original index,52,52,Original index,C,Total manufacturing,C,116.89,I,
2015,Mauritius,480,Original index,52,52,Original index,C,Total manufacturing,C,116.97,I,
2016,Mauritius,480,Original index,52,52,Original index,C,Total manufacturing,C,117.32,I,
2017,Mauritius,480,Original index,52,52,Original index,C,Total manufacturing,C,119.47,I,
2018,Mauritius,480,Original index,52,52,Original index,C,Total manufacturing,C,119.87,I,
2019,Mauritius,480,Original index,52,52,Original index,C,Total manufacturing,C,121.53,I,
2020,Mauritius,480,Original index,52,52,Original index,C,Total manufacturing,C,100.0,I,
2021,Mauritius,480,Original index,52,52,Original index,C,Total manufacturing,C,108.37,I,
2022,Mauritius,480,Original index,52,52,Original index,C,Total manufacturing,C,118.23,I,
2023,Mauritius,480,Original index,52,52,Original index,C,Total manufacturing,C,120.37,I,
2024,Mauritius,480,Original index,52,52,Original index,C,Total manufacturing,C,122.25,I,
2025,Mauritius,480,Original index,52,52,Original index,C,Total manufacturing,C,123.97,I,
1981,Mexico,484,Original index,52,52,Original index,C,Total manufacturing,C,52.4,I,
1982,Mexico,484,Original index,52,52,Original index,C,Total manufacturing,C,50.92,I,
1983,Mexico,484,Original index,52,52,Original index,C,Total manufacturing,C,46.66,I,
1984,Mexico,484,Original index,52,52,Original index,C,Total manufacturing,C,49.04,I,
1985,Mexico,484,Original index,52,52,Original index,C,Total manufacturing,C,52.21,I,
1986,Mexico,484,Original index,52,52,Original index,C,Total manufacturing,C,49.3,I,
1987,Mexico,484,Original index,52,52,Original index,C,Total manufacturing,C,50.59,I,
1988,Mexico,484,Original index,52,52,Original index,C,Total manufacturing,C,52.34,I,
1989,Mexico,484,Original index,52,52,Original index,C,Total manufacturing,C,56.47,I,
1990,Mexico,484,Original index,52,52,Original index,C,Total manufacturing,C,60.27,I,
1991,Mexico,484,Original index,52,52,Original index,C,Total manufacturing,C,62.4,I,
1992,Mexico,484,Original index,52,52,Original index,C,Total manufacturing,C,64.98,I,
1993,Mexico,484,Original index,52,52,Original index,C,Total manufacturing,C,64.53,I,
1994,Mexico,484,Original index,52,52,Original index,C,Total manufacturing,C,66.66,I,
1995,Mexico,484,Original index,52,52,Original index,C,Total manufacturing,C,62.57,I,
1996,Mexico,484,Original index,52,52,Original index,C,Total manufacturing,C,67.96,I,
1997,Mexico,484,Original index,52,52,Original index,C,Total manufacturing,C,75.2,I,
1998,Mexico,484,Original index,52,52,Original index,C,Total manufacturing,C,82.41,I,
1999,Mexico,484,Original index,52,52,Original index,C,Total manufacturing,C,84.09,I,
2000,Mexico,484,Original index,52,52,Original index,C,Total manufacturing,C,90.31,I,
2001,Mexico,484,Original index,52,52,Original index,C,Total manufacturing,C,88.44,I,
2002,Mexico,484,Original index,52,52,Original index,C,Total manufacturing,C,85.78,I,
2003,Mexico,484,Original index,52,52,Original index,C,Total manufacturing,C,85.59,I,
2004,Mexico,484,Original index,52,52,Original index,C,Total manufacturing,C,87.74,I,
2005,Mexico,484,Original index,52,52,Original index,C,Total manufacturing,C,89.68,I,
2006,Mexico,484,Original index,52,52,Original index,C,Total manufacturing,C,94.26,I,
2007,Mexico,484,Original index,52,52,Original index,C,Total manufacturing,C,94.57,I,
2008,Mexico,484,Original index,52,52,Original index,C,Total manufacturing,C,93.07,I,
2009,Mexico,484,Original index,52,52,Original index,C,Total manufacturing,C,83.4,I,
2010,Mexico,484,Original index,52,52,Original index,C,Total manufacturing,C,89.63,I,
2011,Mexico,484,Original index,52,52,Original index,C,Total manufacturing,C,92.61,I,
2012,Mexico,484,Original index,52,52,Original index,C,Total manufacturing,C,97.07,I,
2013,Mexico,484,Original index,52,52,Original index,C,Total manufacturing,C,96.62,I,
2014,Mexico,484,Original index,52,52,Original index,C,Total manufacturing,C,100.45,I,
2015,Mexico,484,Original index,52,52,Original index,C,Total manufacturing,C,103.9,I,
2016,Mexico,484,Original index,52,52,Original index,C,Total manufacturing,C,104.85,I,
2017,Mexico,484,Original index,52,52,Original index,C,Total manufacturing,C,107.54,I,
2018,Mexico,484,Original index,52,52,Original index,C,Total manufacturing,C,109.0,I,
2019,Mexico,484,Original index,52,52,Original index,C,Total manufacturing,C,108.95,I,
2020,Mexico,484,Original index,52,52,Original index,C,Total manufacturing,C,100.0,I,
2021,Mexico,484,Original index,52,52,Original index,C,Total manufacturing,C,108.76,I,
2022,Mexico,484,Original index,52,52,Original index,C,Total manufacturing,C,114.87,I,
2023,Mexico,484,Original index,52,52,Original index,C,Total manufacturing,C,116.49,I,
2024,Mexico,484,Original index,52,52,Original index,C,Total manufacturing,C,116.07,I,
2025,Mexico,484,Original index,52,52,Original index,C,Total manufacturing,C,115.64,I,
1981,Mongolia,496,Original index,52,52,Original index,C,Total manufacturing,C,50.73,I,
1982,Mongolia,496,Original index,52,52,Original index,C,Total manufacturing,C,55.25,I,
1983,Mongolia,496,Original index,52,52,Original index,C,Total manufacturing,C,60.37,I,
1984,Mongolia,496,Original index,52,52,Original index,C,Total manufacturing,C,65.41,I,
1985,Mongolia,496,Original index,52,52,Original index,C,Total manufacturing,C,66.84,I,
1986,Mongolia,496,Original index,52,52,Original index,C,Total manufacturing,C,72.26,I,
1987,Mongolia,496,Original index,52,52,Original index,C,Total manufacturing,C,75.42,I,
1988,Mongolia,496,Original index,52,52,Original index,C,Total manufacturing,C,77.53,I,
1989,Mongolia,496,Original index,52,52,Original index,C,Total manufacturing,C,80.69,I,
1990,Mongolia,496,Original index,52,52,Original index,C,Total manufacturing,C,75.27,I,
1991,Mongolia,496,Original index,52,52,Original index,C,Total manufacturing,C,57.36,I,
1992,Mongolia,496,Original index,52,52,Original index,C,Total manufacturing,C,41.55,I,
1993,Mongolia,496,Original index,52,52,Original index,C,Total manufacturing,C,31.91,I,
1994,Mongolia,496,Original index,52,52,Original index,C,Total manufacturing,C,27.47,I,
1995,Mongolia,496,Original index,52,52,Original index,C,Total manufacturing,C,30.71,I,
1996,Mongolia,496,Original index,52,52,Original index,C,Total manufacturing,C,27.47,I,
1997,Mongolia,496,Original index,52,52,Original index,C,Total manufacturing,C,25.22,I,
1998,Mongolia,496,Original index,52,52,Original index,C,Total manufacturing,C,22.51,I,
1999,Mongolia,496,Original index,52,52,Original index,C,Total manufacturing,C,21.83,I,
2000,Mongolia,496,Original index,52,52,Original index,C,Total manufacturing,C,20.77,I,
2001,Mongolia,496,Original index,52,52,Original index,C,Total manufacturing,C,26.59,I,
2002,Mongolia,496,Original index,52,52,Original index,C,Total manufacturing,C,43.61,I,
2003,Mongolia,496,Original index,52,52,Original index,C,Total manufacturing,C,48.2,I,
2004,Mongolia,496,Original index,52,52,Original index,C,Total manufacturing,C,52.39,I,
2005,Mongolia,496,Original index,52,52,Original index,C,Total manufacturing,C,39.39,I,
2006,Mongolia,496,Original index,52,52,Original index,C,Total manufacturing,C,50.34,I,
2007,Mongolia,496,Original index,52,52,Original index,C,Total manufacturing,C,50.3,I,
2008,Mongolia,496,Original index,52,52,Original index,C,Total manufacturing,C,47.15,I,
2009,Mongolia,496,Original index,52,52,Original index,C,Total manufacturing,C,43.72,I,
2010,Mongolia,496,Original index,52,52,Original index,C,Total manufacturing,C,52.46,I,
2011,Mongolia,496,Original index,52,52,Original index,C,Total manufacturing,C,59.71,I,
2012,Mongolia,496,Original index,52,52,Original index,C,Total manufacturing,C,72.67,I,
2013,Mongolia,496,Original index,52,52,Original index,C,Total manufacturing,C,71.6,I,
2014,Mongolia,496,Original index,52,52,Original index,C,Total manufacturing,C,80.13,I,
2015,Mongolia,496,Original index,52,52,Original index,C,Total manufacturing,C,77.99,I,
2016,Mongolia,496,Original index,52,52,Original index,C,Total manufacturing,C,68.77,I,
2017,Mongolia,496,Original index,52,52,Original index,C,Total manufacturing,C,84.82,I,
2018,Mongolia,496,Original index,52,52,Original index,C,Total manufacturing,C,94.6,I,
2019,Mongolia,496,Original index,52,52,Original index,C,Total manufacturing,C,105.51,I,
2020,Mongolia,496,Original index,52,52,Original index,C,Total manufacturing,C,100.0,I,
2021,Mongolia,496,Original index,52,52,Original index,C,Total manufacturing,C,106.94,I,
2022,Mongolia,496,Original index,52,52,Original index,C,Total manufacturing,C,108.25,I,
2023,Mongolia,496,Original index,52,52,Original index,C,Total manufacturing,C,125.47,I,
2024,Mongolia,496,Original index,52,52,Original index,C,Total manufacturing,C,128.49,I,
2025,Mongolia,496,Original index,52,52,Original index,C,Total manufacturing,C,139.53,I,
2005,Montenegro,499,Original index,52,52,Original index,C,Total manufacturing,C,183.97,I,
2006,Montenegro,499,Original index,52,52,Original index,C,Total manufacturing,C,186.7,I,
2007,Montenegro,499,Original index,52,52,Original index,C,Total manufacturing,C,204.14,I,
2008,Montenegro,499,Original index,52,52,Original index,C,Total manufacturing,C,181.24,I,
2009,Montenegro,499,Original index,52,52,Original index,C,Total manufacturing,C,111.01,I,
2010,Montenegro,499,Original index,52,52,Original index,C,Total manufacturing,C,107.96,I,
2011,Montenegro,499,Original index,52,52,Original index,C,Total manufacturing,C,115.38,I,
2012,Montenegro,499,Original index,52,52,Original index,C,Total manufacturing,C,103.93,I,
2013,Montenegro,499,Original index,52,52,Original index,C,Total manufacturing,C,98.36,I,
2014,Montenegro,499,Original index,52,52,Original index,C,Total manufacturing,C,92.15,I,
2015,Montenegro,499,Original index,52,52,Original index,C,Total manufacturing,C,110.91,I,
2016,Montenegro,499,Original index,52,52,Original index,C,Total manufacturing,C,102.62,I,
2017,Montenegro,499,Original index,52,52,Original index,C,Total manufacturing,C,99.56,I,
2018,Montenegro,499,Original index,52,52,Original index,C,Total manufacturing,C,111.67,I,
2019,Montenegro,499,Original index,52,52,Original index,C,Total manufacturing,C,100.44,I,
2020,Montenegro,499,Original index,52,52,Original index,C,Total manufacturing,C,100.0,I,
2021,Montenegro,499,Original index,52,52,Original index,C,Total manufacturing,C,109.05,I,
2022,Montenegro,499,Original index,52,52,Original index,C,Total manufacturing,C,109.38,I,
2023,Montenegro,499,Original index,52,52,Original index,C,Total manufacturing,C,102.73,I,
2024,Montenegro,499,Original index,52,52,Original index,C,Total manufacturing,C,114.94,I,
2025,Montenegro,499,Original index,52,52,Original index,C,Total manufacturing,C,125.63,I,
2000,Montserrat,500,Original index,52,52,Original index,C,Total manufacturing,C,69.83,I,
2001,Montserrat,500,Original index,52,52,Original index,C,Total manufacturing,C,69.83,I,
2002,Montserrat,500,Original index,52,52,Original index,C,Total manufacturing,C,78.23,I,
2003,Montserrat,500,Original index,52,52,Original index,C,Total manufacturing,C,81.9,I,
2004,Montserrat,500,Original index,52,52,Original index,C,Total manufacturing,C,84.53,I,
2005,Montserrat,500,Original index,52,52,Original index,C,Total manufacturing,C,105.53,I,
2006,Montserrat,500,Original index,52,52,Original index,C,Total manufacturing,C,119.71,I,
2007,Montserrat,500,Original index,52,52,Original index,C,Total manufacturing,C,126.53,I,
2008,Montserrat,500,Original index,52,52,Original index,C,Total manufacturing,C,131.26,I,
2009,Montserrat,500,Original index,52,52,Original index,C,Total manufacturing,C,118.13,I,
2010,Montserrat,500,Original index,52,52,Original index,C,Total manufacturing,C,105.53,I,
2011,Montserrat,500,Original index,52,52,Original index,C,Total manufacturing,C,103.96,I,
2012,Montserrat,500,Original index,52,52,Original index,C,Total manufacturing,C,122.33,I,
2013,Montserrat,500,Original index,52,52,Original index,C,Total manufacturing,C,100.86,I,
2014,Montserrat,500,Original index,52,52,Original index,C,Total manufacturing,C,110.63,I,
2015,Montserrat,500,Original index,52,52,Original index,C,Total manufacturing,C,122.76,I,
2016,Montserrat,500,Original index,52,52,Original index,C,Total manufacturing,C,101.17,I,
2017,Montserrat,500,Original index,52,52,Original index,C,Total manufacturing,C,105.34,I,
2018,Montserrat,500,Original index,52,52,Original index,C,Total manufacturing,C,84.36,I,
2019,Montserrat,500,Original index,52,52,Original index,C,Total manufacturing,C,95.67,I,
2020,Montserrat,500,Original index,52,52,Original index,C,Total manufacturing,C,100.0,I,
2021,Montserrat,500,Original index,52,52,Original index,C,Total manufacturing,C,122.97,I,
2022,Montserrat,500,Original index,52,52,Original index,C,Total manufacturing,C,143.97,I,
2023,Montserrat,500,Original index,52,52,Original index,C,Total manufacturing,C,140.46,I,
2024,Montserrat,500,Original index,52,52,Original index,C,Total manufacturing,C,128.63,I,
2005,Morocco,504,Original index,52,52,Original index,C,Total manufacturing,C,75.48,I,
2006,Morocco,504,Original index,52,52,Original index,C,Total manufacturing,C,79.51,I,
2007,Morocco,504,Original index,52,52,Original index,C,Total manufacturing,C,83.24,I,
2008,Morocco,504,Original index,52,52,Original index,C,Total manufacturing,C,84.77,I,
2009,Morocco,504,Original index,52,52,Original index,C,Total manufacturing,C,84.96,I,
2010,Morocco,504,Original index,52,52,Original index,C,Total manufacturing,C,86.65,I,
2011,Morocco,504,Original index,52,52,Original index,C,Total manufacturing,C,89.57,I,
2012,Morocco,504,Original index,52,52,Original index,C,Total manufacturing,C,90.57,I,
2013,Morocco,504,Original index,52,52,Original index,C,Total manufacturing,C,90.79,I,
2014,Morocco,504,Original index,52,52,Original index,C,Total manufacturing,C,91.59,I,
2015,Morocco,504,Original index,52,52,Original index,C,Total manufacturing,C,94.27,I,
2016,Morocco,504,Original index,52,52,Original index,C,Total manufacturing,C,99.18,I,
2017,Morocco,504,Original index,52,52,Original index,C,Total manufacturing,C,101.34,I,
2018,Morocco,504,Original index,52,52,Original index,C,Total manufacturing,C,104.29,I,
2019,Morocco,504,Original index,52,52,Original index,C,Total manufacturing,C,106.67,I,
2020,Morocco,504,Original index,52,52,Original index,C,Total manufacturing,C,100.0,I,
2021,Morocco,504,Original index,52,52,Original index,C,Total manufacturing,C,106.69,I,
2022,Morocco,504,Original index,52,52,Original index,C,Total manufacturing,C,112.84,I,
2023,Morocco,504,Original index,52,52,Original index,C,Total manufacturing,C,109.71,I,
2024,Morocco,504,Original index,52,52,Original index,C,Total manufacturing,C,115.7,I,
2025,Morocco,504,Original index,52,52,Original index,C,Total manufacturing,C,120.39,I,
2012,Mozambique,508,Original index,52,52,Original index,C,Total manufacturing,C,63.79,I,
2013,Mozambique,508,Original index,52,52,Original index,C,Total manufacturing,C,74.01,I,
2014,Mozambique,508,Original index,52,52,Original index,C,Total manufacturing,C,90.46,I,
2015,Mozambique,508,Original index,52,52,Original index,C,Total manufacturing,C,96.7,I,
2016,Mozambique,508,Original index,52,52,Original index,C,Total manufacturing,C,92.28,I,
2017,Mozambique,508,Original index,52,52,Original index,C,Total manufacturing,C,98.21,I,
2018,Mozambique,508,Original index,52,52,Original index,C,Total manufacturing,C,100.01,I,
2019,Mozambique,508,Original index,52,52,Original index,C,Total manufacturing,C,101.29,I,
2020,Mozambique,508,Original index,52,52,Original index,C,Total manufacturing,C,100.0,I,
2021,Mozambique,508,Original index,52,52,Original index,C,Total manufacturing,C,101.94,I,
2022,Mozambique,508,Original index,52,52,Original index,C,Total manufacturing,C,102.7,I,
2023,Mozambique,508,Original index,52,52,Original index,C,Total manufacturing,C,97.82,I,
2024,Mozambique,508,Original index,52,52,Original index,C,Total manufacturing,C,91.81,I,
2025,Mozambique,508,Original index,52,52,Original index,C,Total manufacturing,C,88.3,I,
1989,Myanmar,104,Original index,52,52,Original index,C,Total manufacturing,C,0.02,I,
1990,Myanmar,104,Original index,52,52,Original index,C,Total manufacturing,C,0.02,I,
1991,Myanmar,104,Original index,52,52,Original index,C,Total manufacturing,C,0.02,I,
1992,Myanmar,104,Original index,52,52,Original index,C,Total manufacturing,C,0.02,I,
1993,Myanmar,104,Original index,52,52,Original index,C,Total manufacturing,C,0.03,I,
1994,Myanmar,104,Original index,52,52,Original index,C,Total manufacturing,C,0.03,I,
1995,Myanmar,104,Original index,52,52,Original index,C,Total manufacturing,C,0.03,I,
1996,Myanmar,104,Original index,52,52,Original index,C,Total manufacturing,C,0.03,I,
1997,Myanmar,104,Original index,52,52,Original index,C,Total manufacturing,C,0.03,I,
1998,Myanmar,104,Original index,52,52,Original index,C,Total manufacturing,C,0.04,I,
1999,Myanmar,104,Original index,52,52,Original index,C,Total manufacturing,C,0.04,I,
2000,Myanmar,104,Original index,52,52,Original index,C,Total manufacturing,C,0.05,I,
2001,Myanmar,104,Original index,52,52,Original index,C,Total manufacturing,C,1.11,I,
2002,Myanmar,104,Original index,52,52,Original index,C,Total manufacturing,C,1.42,I,
2003,Myanmar,104,Original index,52,52,Original index,C,Total manufacturing,C,1.74,I,
2004,Myanmar,104,Original index,52,52,Original index,C,Total manufacturing,C,2.17,I,
2005,Myanmar,104,Original index,52,52,Original index,C,Total manufacturing,C,2.64,I,
2006,Myanmar,104,Original index,52,52,Original index,C,Total manufacturing,C,9.53,I,
2007,Myanmar,104,Original index,52,52,Original index,C,Total manufacturing,C,11.55,I,
2008,Myanmar,104,Original index,52,52,Original index,C,Total manufacturing,C,13.66,I,
2009,Myanmar,104,Original index,52,52,Original index,C,Total manufacturing,C,16.23,I,
2010,Myanmar,104,Original index,52,52,Original index,C,Total manufacturing,C,39.22,I,
2011,Myanmar,104,Original index,52,52,Original index,C,Total manufacturing,C,43.46,I,
2012,Myanmar,104,Original index,52,52,Original index,C,Total manufacturing,C,47.08,I,
2013,Myanmar,104,Original index,52,52,Original index,C,Total manufacturing,C,51.57,I,
2014,Myanmar,104,Original index,52,52,Original index,C,Total manufacturing,C,56.45,I,
2015,Myanmar,104,Original index,52,52,Original index,C,Total manufacturing,C,62.03,I,
2016,Myanmar,104,Original index,52,52,Original index,C,Total manufacturing,C,67.81,I,
2017,Myanmar,104,Original index,52,52,Original index,C,Total manufacturing,C,74.76,I,
2018,Myanmar,104,Original index,52,52,Original index,C,Total manufacturing,C,103.96,I,
2019,Myanmar,104,Original index,52,52,Original index,C,Total manufacturing,C,108.91,I,
2020,Myanmar,104,Original index,52,52,Original index,C,Total manufacturing,C,100.0,I,
2021,Myanmar,104,Original index,52,52,Original index,C,Total manufacturing,C,72.52,I,
2022,Myanmar,104,Original index,52,52,Original index,C,Total manufacturing,C,104.36,I,
2023,Myanmar,104,Original index,52,52,Original index,C,Total manufacturing,C,108.39,I,
1980,Namibia,516,Original index,52,52,Original index,C,Total manufacturing,C,33.85,I,
1981,Namibia,516,Original index,52,52,Original index,C,Total manufacturing,C,35.55,I,
1982,Namibia,516,Original index,52,52,Original index,C,Total manufacturing,C,39.29,I,
1983,Namibia,516,Original index,52,52,Original index,C,Total manufacturing,C,39.42,I,
1984,Namibia,516,Original index,52,52,Original index,C,Total manufacturing,C,40.03,I,
1985,Namibia,516,Original index,52,52,Original index,C,Total manufacturing,C,41.09,I,
1986,Namibia,516,Original index,52,52,Original index,C,Total manufacturing,C,43.73,I,
1987,Namibia,516,Original index,52,52,Original index,C,Total manufacturing,C,44.62,I,
1988,Namibia,516,Original index,52,52,Original index,C,Total manufacturing,C,44.04,I,
1989,Namibia,516,Original index,52,52,Original index,C,Total manufacturing,C,45.59,I,
1990,Namibia,516,Original index,52,52,Original index,C,Total manufacturing,C,49.4,I,
1991,Namibia,516,Original index,52,52,Original index,C,Total manufacturing,C,46.22,I,
1992,Namibia,516,Original index,52,52,Original index,C,Total manufacturing,C,51.56,I,
1993,Namibia,516,Original index,52,52,Original index,C,Total manufacturing,C,56.23,I,
1994,Namibia,516,Original index,52,52,Original index,C,Total manufacturing,C,59.83,I,
1995,Namibia,516,Original index,52,52,Original index,C,Total manufacturing,C,58.69,I,
1996,Namibia,516,Original index,52,52,Original index,C,Total manufacturing,C,49.2,I,
1997,Namibia,516,Original index,52,52,Original index,C,Total manufacturing,C,58.05,I,
1998,Namibia,516,Original index,52,52,Original index,C,Total manufacturing,C,63.21,I,
1999,Namibia,516,Original index,52,52,Original index,C,Total manufacturing,C,60.87,I,
2000,Namibia,516,Original index,52,52,Original index,C,Total manufacturing,C,63.06,I,
2001,Namibia,516,Original index,52,52,Original index,C,Total manufacturing,C,67.17,I,
2002,Namibia,516,Original index,52,52,Original index,C,Total manufacturing,C,69.99,I,
2003,Namibia,516,Original index,52,52,Original index,C,Total manufacturing,C,80.37,I,
2004,Namibia,516,Original index,52,52,Original index,C,Total manufacturing,C,79.99,I,
2005,Namibia,516,Original index,52,52,Original index,C,Total manufacturing,C,86.35,I,
2006,Namibia,516,Original index,52,52,Original index,C,Total manufacturing,C,88.66,I,
2007,Namibia,516,Original index,52,52,Original index,C,Total manufacturing,C,90.05,I,
2008,Namibia,516,Original index,52,52,Original index,C,Total manufacturing,C,94.49,I,
2009,Namibia,516,Original index,52,52,Original index,C,Total manufacturing,C,96.4,I,
2010,Namibia,516,Original index,52,52,Original index,C,Total manufacturing,C,103.64,I,
2011,Namibia,516,Original index,52,52,Original index,C,Total manufacturing,C,109.53,I,
2012,Namibia,516,Original index,52,52,Original index,C,Total manufacturing,C,102.04,I,
2013,Namibia,516,Original index,52,52,Original index,C,Total manufacturing,C,106.55,I,
2014,Namibia,516,Original index,52,52,Original index,C,Total manufacturing,C,110.54,I,
2015,Namibia,516,Original index,52,52,Original index,C,Total manufacturing,C,106.98,I,
2016,Namibia,516,Original index,52,52,Original index,C,Total manufacturing,C,117.66,I,
2017,Namibia,516,Original index,52,52,Original index,C,Total manufacturing,C,115.72,I,
2018,Namibia,516,Original index,52,52,Original index,C,Total manufacturing,C,115.29,I,
2019,Namibia,516,Original index,52,52,Original index,C,Total manufacturing,C,120.7,I,
2020,Namibia,516,Original index,52,52,Original index,C,Total manufacturing,C,100.0,I,
2021,Namibia,516,Original index,52,52,Original index,C,Total manufacturing,C,98.82,I,
2022,Namibia,516,Original index,52,52,Original index,C,Total manufacturing,C,103.91,I,
2023,Namibia,516,Original index,52,52,Original index,C,Total manufacturing,C,101.68,I,
2024,Namibia,516,Original index,52,52,Original index,C,Total manufacturing,C,105.76,I,
2025,Namibia,516,Original index,52,52,Original index,C,Total manufacturing,C,102.69,I,
2003,Nauru,520,Original index,52,52,Original index,C,Total manufacturing,C,36.56,I,
2004,Nauru,520,Original index,52,52,Original index,C,Total manufacturing,C,21.0,I,
2005,Nauru,520,Original index,52,52,Original index,C,Total manufacturing,C,22.13,I,
2006,Nauru,520,Original index,52,52,Original index,C,Total manufacturing,C,39.1,I,
2007,Nauru,520,Original index,52,52,Original index,C,Total manufacturing,C,165.13,I,
2008,Nauru,520,Original index,52,52,Original index,C,Total manufacturing,C,126.08,I,
2009,Nauru,520,Original index,52,52,Original index,C,Total manufacturing,C,133.22,I,
2010,Nauru,520,Original index,52,52,Original index,C,Total manufacturing,C,157.22,I,
2011,Nauru,520,Original index,52,52,Original index,C,Total manufacturing,C,212.61,I,
2012,Nauru,520,Original index,52,52,Original index,C,Total manufacturing,C,154.77,I,
2013,Nauru,520,Original index,52,52,Original index,C,Total manufacturing,C,119.12,I,
2014,Nauru,520,Original index,52,52,Original index,C,Total manufacturing,C,51.78,I,
2015,Nauru,520,Original index,52,52,Original index,C,Total manufacturing,C,72.85,I,
2016,Nauru,520,Original index,52,52,Original index,C,Total manufacturing,C,51.08,I,
2017,Nauru,520,Original index,52,52,Original index,C,Total manufacturing,C,43.5,I,
2018,Nauru,520,Original index,52,52,Original index,C,Total manufacturing,C,49.45,I,
2019,Nauru,520,Original index,52,52,Original index,C,Total manufacturing,C,31.86,I,
2020,Nauru,520,Original index,52,52,Original index,C,Total manufacturing,C,100.0,I,
2021,Nauru,520,Original index,52,52,Original index,C,Total manufacturing,C,115.52,I,
2022,Nauru,520,Original index,52,52,Original index,C,Total manufacturing,C,81.32,I,
2023,Nauru,520,Original index,52,52,Original index,C,Total manufacturing,C,64.23,I,
2010,Nepal,524,Original index,52,52,Original index,C,Total manufacturing,C,79.13,I,
2011,Nepal,524,Original index,52,52,Original index,C,Total manufacturing,C,78.5,I,
2012,Nepal,524,Original index,52,52,Original index,C,Total manufacturing,C,86.24,I,
2013,Nepal,524,Original index,52,52,Original index,C,Total manufacturing,C,87.22,I,
2014,Nepal,524,Original index,52,52,Original index,C,Total manufacturing,C,93.88,I,
2015,Nepal,524,Original index,52,52,Original index,C,Total manufacturing,C,84.71,I,
2016,Nepal,524,Original index,52,52,Original index,C,Total manufacturing,C,91.58,I,
2017,Nepal,524,Original index,52,52,Original index,C,Total manufacturing,C,103.66,I,
2018,Nepal,524,Original index,52,52,Original index,C,Total manufacturing,C,110.23,I,
2019,Nepal,524,Original index,52,52,Original index,C,Total manufacturing,C,119.15,I,
2020,Nepal,524,Original index,52,52,Original index,C,Total manufacturing,C,100.0,I,
2021,Nepal,524,Original index,52,52,Original index,C,Total manufacturing,C,111.69,I,
2022,Nepal,524,Original index,52,52,Original index,C,Total manufacturing,C,113.78,I,
2023,Nepal,524,Original index,52,52,Original index,C,Total manufacturing,C,112.38,I,
2024,Nepal,524,Original index,52,52,Original index,C,Total manufacturing,C,114.83,I,
2025,Nepal,524,Original index,52,52,Original index,C,Total manufacturing,C,118.94,I,
1981,Netherlands (Kingdom of the),528,Original index,52,52,Original index,C,Total manufacturing,C,51.28,I,
1982,Netherlands (Kingdom of the),528,Original index,52,52,Original index,C,Total manufacturing,C,50.66,I,
1983,Netherlands (Kingdom of the),528,Original index,52,52,Original index,C,Total manufacturing,C,51.64,I,
1984,Netherlands (Kingdom of the),528,Original index,52,52,Original index,C,Total manufacturing,C,54.61,I,
1985,Netherlands (Kingdom of the),528,Original index,52,52,Original index,C,Total manufacturing,C,56.15,I,
1986,Netherlands (Kingdom of the),528,Original index,52,52,Original index,C,Total manufacturing,C,57.55,I,
1987,Netherlands (Kingdom of the),528,Original index,52,52,Original index,C,Total manufacturing,C,58.34,I,
1988,Netherlands (Kingdom of the),528,Original index,52,52,Original index,C,Total manufacturing,C,60.53,I,
1989,Netherlands (Kingdom of the),528,Original index,52,52,Original index,C,Total manufacturing,C,63.28,I,
1990,Netherlands (Kingdom of the),528,Original index,52,52,Original index,C,Total manufacturing,C,65.41,I,
1991,Netherlands (Kingdom of the),528,Original index,52,52,Original index,C,Total manufacturing,C,65.68,I,
1992,Netherlands (Kingdom of the),528,Original index,52,52,Original index,C,Total manufacturing,C,65.28,I,
1993,Netherlands (Kingdom of the),528,Original index,52,52,Original index,C,Total manufacturing,C,64.11,I,
1994,Netherlands (Kingdom of the),528,Original index,52,52,Original index,C,Total manufacturing,C,68.03,I,
1995,Netherlands (Kingdom of the),528,Original index,52,52,Original index,C,Total manufacturing,C,70.39,I,
1996,Netherlands (Kingdom of the),528,Original index,52,52,Original index,C,Total manufacturing,C,71.38,I,
1997,Netherlands (Kingdom of the),528,Original index,52,52,Original index,C,Total manufacturing,C,72.37,I,
1998,Netherlands (Kingdom of the),528,Original index,52,52,Original index,C,Total manufacturing,C,74.86,I,
1999,Netherlands (Kingdom of the),528,Original index,52,52,Original index,C,Total manufacturing,C,77.59,I,
2000,Netherlands (Kingdom of the),528,Original index,52,52,Original index,C,Total manufacturing,C,82.81,I,
2001,Netherlands (Kingdom of the),528,Original index,52,52,Original index,C,Total manufacturing,C,82.71,I,
2002,Netherlands (Kingdom of the),528,Original index,52,52,Original index,C,Total manufacturing,C,82.81,I,
2003,Netherlands (Kingdom of the),528,Original index,52,52,Original index,C,Total manufacturing,C,81.95,I,
2004,Netherlands (Kingdom of the),528,Original index,52,52,Original index,C,Total manufacturing,C,85.08,I,
2005,Netherlands (Kingdom of the),528,Original index,52,52,Original index,C,Total manufacturing,C,86.98,I,
2006,Netherlands (Kingdom of the),528,Original index,52,52,Original index,C,Total manufacturing,C,89.99,I,
2007,Netherlands (Kingdom of the),528,Original index,52,52,Original index,C,Total manufacturing,C,95.37,I,
2008,Netherlands (Kingdom of the),528,Original index,52,52,Original index,C,Total manufacturing,C,94.08,I,
2009,Netherlands (Kingdom of the),528,Original index,52,52,Original index,C,Total manufacturing,C,85.9,I,
2010,Netherlands (Kingdom of the),528,Original index,52,52,Original index,C,Total manufacturing,C,91.82,I,
2011,Netherlands (Kingdom of the),528,Original index,52,52,Original index,C,Total manufacturing,C,94.94,I,
2012,Netherlands (Kingdom of the),528,Original index,52,52,Original index,C,Total manufacturing,C,94.19,I,
2013,Netherlands (Kingdom of the),528,Original index,52,52,Original index,C,Total manufacturing,C,93.22,I,
2014,Netherlands (Kingdom of the),528,Original index,52,52,Original index,C,Total manufacturing,C,94.19,I,
2015,Netherlands (Kingdom of the),528,Original index,52,52,Original index,C,Total manufacturing,C,94.73,I,
2016,Netherlands (Kingdom of the),528,Original index,52,52,Original index,C,Total manufacturing,C,97.63,I,
2017,Netherlands (Kingdom of the),528,Original index,52,52,Original index,C,Total manufacturing,C,100.75,I,
2018,Netherlands (Kingdom of the),528,Original index,52,52,Original index,C,Total manufacturing,C,104.31,I,
2019,Netherlands (Kingdom of the),528,Original index,52,52,Original index,C,Total manufacturing,C,103.23,I,
2020,Netherlands (Kingdom of the),528,Original index,52,52,Original index,C,Total manufacturing,C,100.0,I,
2021,Netherlands (Kingdom of the),528,Original index,52,52,Original index,C,Total manufacturing,C,107.64,I,
2022,Netherlands (Kingdom of the),528,Original index,52,52,Original index,C,Total manufacturing,C,115.82,I,
2023,Netherlands (Kingdom of the),528,Original index,52,52,Original index,C,Total manufacturing,C,115.18,I,
2024,Netherlands (Kingdom of the),528,Original index,52,52,Original index,C,Total manufacturing,C,111.3,I,
2025,Netherlands (Kingdom of the),528,Original index,52,52,Original index,C,Total manufacturing,C,110.87,I,
1978,New Zealand,554,Original index,52,52,Original index,C,Total manufacturing,C,68.91,I,
1979,New Zealand,554,Original index,52,52,Original index,C,Total manufacturing,C,68.63,I,
1980,New Zealand,554,Original index,52,52,Original index,C,Total manufacturing,C,71.19,I,
1981,New Zealand,554,Original index,52,52,Original index,C,Total manufacturing,C,70.33,I,
1982,New Zealand,554,Original index,52,52,Original index,C,Total manufacturing,C,75.74,I,
1983,New Zealand,554,Original index,52,52,Original index,C,Total manufacturing,C,76.44,I,
1984,New Zealand,554,Original index,52,52,Original index,C,Total manufacturing,C,78.44,I,
1985,New Zealand,554,Original index,52,52,Original index,C,Total manufacturing,C,84.74,I,
1986,New Zealand,554,Original index,52,52,Original index,C,Total manufacturing,C,80.43,I,
1987,New Zealand,554,Original index,52,52,Original index,C,Total manufacturing,C,80.53,I,
1988,New Zealand,554,Original index,52,52,Original index,C,Total manufacturing,C,74.82,I,
1989,New Zealand,554,Original index,52,52,Original index,C,Total manufacturing,C,75.03,I,
1990,New Zealand,554,Original index,52,52,Original index,C,Total manufacturing,C,72.61,I,
1991,New Zealand,554,Original index,52,52,Original index,C,Total manufacturing,C,69.27,I,
1992,New Zealand,554,Original index,52,52,Original index,C,Total manufacturing,C,72.21,I,
1993,New Zealand,554,Original index,52,52,Original index,C,Total manufacturing,C,76.89,I,
1994,New Zealand,554,Original index,52,52,Original index,C,Total manufacturing,C,81.8,I,
1995,New Zealand,554,Original index,52,52,Original index,C,Total manufacturing,C,83.69,I,
1996,New Zealand,554,Original index,52,52,Original index,C,Total manufacturing,C,85.25,I,
1997,New Zealand,554,Original index,52,52,Original index,C,Total manufacturing,C,85.02,I,
1998,New Zealand,554,Original index,52,52,Original index,C,Total manufacturing,C,82.99,I,
1999,New Zealand,554,Original index,52,52,Original index,C,Total manufacturing,C,85.35,I,
2000,New Zealand,554,Original index,52,52,Original index,C,Total manufacturing,C,89.04,I,
2001,New Zealand,554,Original index,52,52,Original index,C,Total manufacturing,C,89.61,I,
2002,New Zealand,554,Original index,52,52,Original index,C,Total manufacturing,C,95.22,I,
2003,New Zealand,554,Original index,52,52,Original index,C,Total manufacturing,C,99.36,I,
2004,New Zealand,554,Original index,52,52,Original index,C,Total manufacturing,C,103.57,I,
2005,New Zealand,554,Original index,52,52,Original index,C,Total manufacturing,C,104.18,I,
2006,New Zealand,554,Original index,52,52,Original index,C,Total manufacturing,C,101.91,I,
2007,New Zealand,554,Original index,52,52,Original index,C,Total manufacturing,C,102.69,I,
2008,New Zealand,554,Original index,52,52,Original index,C,Total manufacturing,C,96.78,I,
2009,New Zealand,554,Original index,52,52,Original index,C,Total manufacturing,C,88.14,I,
2010,New Zealand,554,Original index,52,52,Original index,C,Total manufacturing,C,92.23,I,
2011,New Zealand,554,Original index,52,52,Original index,C,Total manufacturing,C,90.99,I,
2012,New Zealand,554,Original index,52,52,Original index,C,Total manufacturing,C,92.12,I,
2013,New Zealand,554,Original index,52,52,Original index,C,Total manufacturing,C,92.86,I,
2014,New Zealand,554,Original index,52,52,Original index,C,Total manufacturing,C,94.98,I,
2015,New Zealand,554,Original index,52,52,Original index,C,Total manufacturing,C,96.7,I,
2016,New Zealand,554,Original index,52,52,Original index,C,Total manufacturing,C,99.67,I,
2017,New Zealand,554,Original index,52,52,Original index,C,Total manufacturing,C,101.55,I,
2018,New Zealand,554,Original index,52,52,Original index,C,Total manufacturing,C,103.46,I,
2019,New Zealand,554,Original index,52,52,Original index,C,Total manufacturing,C,104.61,I,
2020,New Zealand,554,Original index,52,52,Original index,C,Total manufacturing,C,100.0,I,
2021,New Zealand,554,Original index,52,52,Original index,C,Total manufacturing,C,104.83,I,
2022,New Zealand,554,Original index,52,52,Original index,C,Total manufacturing,C,99.97,I,
2023,New Zealand,554,Original index,52,52,Original index,C,Total manufacturing,C,96.32,I,
2024,New Zealand,554,Original index,52,52,Original index,C,Total manufacturing,C,94.82,I,
2025,New Zealand,554,Original index,52,52,Original index,C,Total manufacturing,C,93.98,I,
1994,Nicaragua,558,Original index,52,52,Original index,C,Total manufacturing,C,37.13,I,
1995,Nicaragua,558,Original index,52,52,Original index,C,Total manufacturing,C,38.72,I,
1996,Nicaragua,558,Original index,52,52,Original index,C,Total manufacturing,C,40.5,I,
1997,Nicaragua,558,Original index,52,52,Original index,C,Total manufacturing,C,42.92,I,
1998,Nicaragua,558,Original index,52,52,Original index,C,Total manufacturing,C,43.33,I,
1999,Nicaragua,558,Original index,52,52,Original index,C,Total manufacturing,C,46.74,I,
2000,Nicaragua,558,Original index,52,52,Original index,C,Total manufacturing,C,48.56,I,
2001,Nicaragua,558,Original index,52,52,Original index,C,Total manufacturing,C,50.68,I,
2002,Nicaragua,558,Original index,52,52,Original index,C,Total manufacturing,C,52.31,I,
2003,Nicaragua,558,Original index,52,52,Original index,C,Total manufacturing,C,53.5,I,
2004,Nicaragua,558,Original index,52,52,Original index,C,Total manufacturing,C,56.91,I,
2005,Nicaragua,558,Original index,52,52,Original index,C,Total manufacturing,C,57.92,I,
2006,Nicaragua,558,Original index,52,52,Original index,C,Total manufacturing,C,60.63,I,
2007,Nicaragua,558,Original index,52,52,Original index,C,Total manufacturing,C,63.41,I,
2008,Nicaragua,558,Original index,52,52,Original index,C,Total manufacturing,C,63.64,I,
2009,Nicaragua,558,Original index,52,52,Original index,C,Total manufacturing,C,60.42,I,
2010,Nicaragua,558,Original index,52,52,Original index,C,Total manufacturing,C,65.12,I,
2011,Nicaragua,558,Original index,52,52,Original index,C,Total manufacturing,C,71.57,I,
2012,Nicaragua,558,Original index,52,52,Original index,C,Total manufacturing,C,78.34,I,
2013,Nicaragua,558,Original index,52,52,Original index,C,Total manufacturing,C,84.11,I,
2014,Nicaragua,558,Original index,52,52,Original index,C,Total manufacturing,C,90.81,I,
2015,Nicaragua,558,Original index,52,52,Original index,C,Total manufacturing,C,93.12,I,
2016,Nicaragua,558,Original index,52,52,Original index,C,Total manufacturing,C,96.76,I,
2017,Nicaragua,558,Original index,52,52,Original index,C,Total manufacturing,C,99.04,I,
2018,Nicaragua,558,Original index,52,52,Original index,C,Total manufacturing,C,100.33,I,
2019,Nicaragua,558,Original index,52,52,Original index,C,Total manufacturing,C,99.36,I,
2020,Nicaragua,558,Original index,52,52,Original index,C,Total manufacturing,C,100.0,I,
2021,Nicaragua,558,Original index,52,52,Original index,C,Total manufacturing,C,114.02,I,
2022,Nicaragua,558,Original index,52,52,Original index,C,Total manufacturing,C,121.24,I,
2023,Nicaragua,558,Original index,52,52,Original index,C,Total manufacturing,C,124.6,I,
2024,Nicaragua,558,Original index,52,52,Original index,C,Total manufacturing,C,124.6,I,
2025,Nicaragua,558,Original index,52,52,Original index,C,Total manufacturing,C,130.47,I,
2013,Niger,562,Original index,52,52,Original index,C,Total manufacturing,C,99.5,I,
2014,Niger,562,Original index,52,52,Original index,C,Total manufacturing,C,90.39,I,
2015,Niger,562,Original index,52,52,Original index,C,Total manufacturing,C,77.95,I,
2016,Niger,562,Original index,52,52,Original index,C,Total manufacturing,C,82.98,I,
2017,Niger,562,Original index,52,52,Original index,C,Total manufacturing,C,102.05,I,
2018,Niger,562,Original index,52,52,Original index,C,Total manufacturing,C,93.84,I,
2019,Niger,562,Original index,52,52,Original index,C,Total manufacturing,C,103.94,I,
2020,Niger,562,Original index,52,52,Original index,C,Total manufacturing,C,100.0,I,
2021,Niger,562,Original index,52,52,Original index,C,Total manufacturing,C,86.33,I,
2022,Niger,562,Original index,52,52,Original index,C,Total manufacturing,C,96.11,I,
2023,Niger,562,Original index,52,52,Original index,C,Total manufacturing,C,98.39,I,
2024,Niger,562,Original index,52,52,Original index,C,Total manufacturing,C,87.16,I,
2025,Niger,562,Original index,52,52,Original index,C,Total manufacturing,C,77.62,I,
2005,Nigeria,566,Original index,52,52,Original index,C,Total manufacturing,C,38.44,I,
2006,Nigeria,566,Original index,52,52,Original index,C,Total manufacturing,C,42.09,I,
2007,Nigeria,566,Original index,52,52,Original index,C,Total manufacturing,C,46.17,I,
2008,Nigeria,566,Original index,52,52,Original index,C,Total manufacturing,C,50.35,I,
2009,Nigeria,566,Original index,52,52,Original index,C,Total manufacturing,C,54.34,I,
2010,Nigeria,566,Original index,52,52,Original index,C,Total manufacturing,C,54.75,I,
2011,Nigeria,566,Original index,52,52,Original index,C,Total manufacturing,C,64.45,I,
2012,Nigeria,566,Original index,52,52,Original index,C,Total manufacturing,C,73.13,I,
2013,Nigeria,566,Original index,52,52,Original index,C,Total manufacturing,C,88.6,I,
2014,Nigeria,566,Original index,52,52,Original index,C,Total manufacturing,C,100.97,I,
2015,Nigeria,566,Original index,52,52,Original index,C,Total manufacturing,C,98.33,I,
2016,Nigeria,566,Original index,52,52,Original index,C,Total manufacturing,C,94.0,I,
2017,Nigeria,566,Original index,52,52,Original index,C,Total manufacturing,C,93.85,I,
2018,Nigeria,566,Original index,52,52,Original index,C,Total manufacturing,C,95.76,I,
2019,Nigeria,566,Original index,52,52,Original index,C,Total manufacturing,C,96.36,I,
2020,Nigeria,566,Original index,52,52,Original index,C,Total manufacturing,C,93.57,I,
2021,Nigeria,566,Original index,52,52,Original index,C,Total manufacturing,C,96.54,I,
2022,Nigeria,566,Original index,52,52,Original index,C,Total manufacturing,C,98.71,I,
2023,Nigeria,566,Original index,52,52,Original index,C,Total manufacturing,C,100.0,I,
2024,Nigeria,566,Original index,52,52,Original index,C,Total manufacturing,C,101.09,I,
2025,Nigeria,566,Original index,52,52,Original index,C,Total manufacturing,C,102.27,I,
2000,North Macedonia,807,Original index,52,52,Original index,C,Total manufacturing,C,75.29,I,
2001,North Macedonia,807,Original index,52,52,Original index,C,Total manufacturing,C,72.78,I,
2002,North Macedonia,807,Original index,52,52,Original index,C,Total manufacturing,C,69.39,I,
2003,North Macedonia,807,Original index,52,52,Original index,C,Total manufacturing,C,73.45,I,
2004,North Macedonia,807,Original index,52,52,Original index,C,Total manufacturing,C,71.9,I,
2005,North Macedonia,807,Original index,52,52,Original index,C,Total manufacturing,C,77.23,I,
2006,North Macedonia,807,Original index,52,52,Original index,C,Total manufacturing,C,82.19,I,
2007,North Macedonia,807,Original index,52,52,Original index,C,Total manufacturing,C,86.74,I,
2008,North Macedonia,807,Original index,52,52,Original index,C,Total manufacturing,C,91.8,I,
2009,North Macedonia,807,Original index,52,52,Original index,C,Total manufacturing,C,82.29,I,
2010,North Macedonia,807,Original index,52,52,Original index,C,Total manufacturing,C,76.11,I,
2011,North Macedonia,807,Original index,52,52,Original index,C,Total manufacturing,C,83.4,I,
2012,North Macedonia,807,Original index,52,52,Original index,C,Total manufacturing,C,81.58,I,
2013,North Macedonia,807,Original index,52,52,Original index,C,Total manufacturing,C,83.91,I,
2014,North Macedonia,807,Original index,52,52,Original index,C,Total manufacturing,C,91.4,I,
2015,North Macedonia,807,Original index,52,52,Original index,C,Total manufacturing,C,96.86,I,
2016,North Macedonia,807,Original index,52,52,Original index,C,Total manufacturing,C,102.02,I,
2017,North Macedonia,807,Original index,52,52,Original index,C,Total manufacturing,C,101.82,I,
2018,North Macedonia,807,Original index,52,52,Original index,C,Total manufacturing,C,108.4,I,
2019,North Macedonia,807,Original index,52,52,Original index,C,Total manufacturing,C,111.03,I,
2020,North Macedonia,807,Original index,52,52,Original index,C,Total manufacturing,C,100.0,I,
2021,North Macedonia,807,Original index,52,52,Original index,C,Total manufacturing,C,101.21,I,
2022,North Macedonia,807,Original index,52,52,Original index,C,Total manufacturing,C,100.2,I,
2023,North Macedonia,807,Original index,52,52,Original index,C,Total manufacturing,C,100.0,I,
2024,North Macedonia,807,Original index,52,52,Original index,C,Total manufacturing,C,98.48,I,
2025,North Macedonia,807,Original index,52,52,Original index,C,Total manufacturing,C,101.62,I,
1981,Norway,578,Original index,52,52,Original index,C,Total manufacturing,C,80.17,I,
1982,Norway,578,Original index,52,52,Original index,C,Total manufacturing,C,79.47,I,
1983,Norway,578,Original index,52,52,Original index,C,Total manufacturing,C,79.47,I,
1984,Norway,578,Original index,52,52,Original index,C,Total manufacturing,C,79.2,I,
1985,Norway,578,Original index,52,52,Original index,C,Total manufacturing,C,77.88,I,
1986,Norway,578,Original index,52,52,Original index,C,Total manufacturing,C,78.5,I,
1987,Norway,578,Original index,52,52,Original index,C,Total manufacturing,C,79.19,I,
1988,Norway,578,Original index,52,52,Original index,C,Total manufacturing,C,78.5,I,
1989,Norway,578,Original index,52,52,Original index,C,Total manufacturing,C,78.5,I,
1990,Norway,578,Original index,52,52,Original index,C,Total manufacturing,C,78.24,I,
1991,Norway,578,Original index,52,52,Original index,C,Total manufacturing,C,76.93,I,
1992,Norway,578,Original index,52,52,Original index,C,Total manufacturing,C,77.54,I,
1993,Norway,578,Original index,52,52,Original index,C,Total manufacturing,C,80.06,I,
1994,Norway,578,Original index,52,52,Original index,C,Total manufacturing,C,84.58,I,
1995,Norway,578,Original index,52,52,Original index,C,Total manufacturing,C,86.93,I,
1996,Norway,578,Original index,52,52,Original index,C,Total manufacturing,C,89.1,I,
1997,Norway,578,Original index,52,52,Original index,C,Total manufacturing,C,92.06,I,
1998,Norway,578,Original index,52,52,Original index,C,Total manufacturing,C,94.67,I,
1999,Norway,578,Original index,52,52,Original index,C,Total manufacturing,C,92.41,I,
2000,Norway,578,Original index,52,52,Original index,C,Total manufacturing,C,89.63,I,
2001,Norway,578,Original index,52,52,Original index,C,Total manufacturing,C,87.98,I,
2002,Norway,578,Original index,52,52,Original index,C,Total manufacturing,C,87.05,I,
2003,Norway,578,Original index,52,52,Original index,C,Total manufacturing,C,83.55,I,
2004,Norway,578,Original index,52,52,Original index,C,Total manufacturing,C,84.89,I,
2005,Norway,578,Original index,52,52,Original index,C,Total manufacturing,C,86.95,I,
2006,Norway,578,Original index,52,52,Original index,C,Total manufacturing,C,91.68,I,
2007,Norway,578,Original index,52,52,Original index,C,Total manufacturing,C,96.71,I,
2008,Norway,578,Original index,52,52,Original index,C,Total manufacturing,C,99.79,I,
2009,Norway,578,Original index,52,52,Original index,C,Total manufacturing,C,93.63,I,
2010,Norway,578,Original index,52,52,Original index,C,Total manufacturing,C,96.09,I,
2011,Norway,578,Original index,52,52,Original index,C,Total manufacturing,C,97.43,I,
2012,Norway,578,Original index,52,52,Original index,C,Total manufacturing,C,99.59,I,
2013,Norway,578,Original index,52,52,Original index,C,Total manufacturing,C,102.77,I,
2014,Norway,578,Original index,52,52,Original index,C,Total manufacturing,C,106.27,I,
2015,Norway,578,Original index,52,52,Original index,C,Total manufacturing,C,102.98,I,
2016,Norway,578,Original index,52,52,Original index,C,Total manufacturing,C,98.25,I,
2017,Norway,578,Original index,52,52,Original index,C,Total manufacturing,C,98.46,I,
2018,Norway,578,Original index,52,52,Original index,C,Total manufacturing,C,99.59,I,
2019,Norway,578,Original index,52,52,Original index,C,Total manufacturing,C,102.26,I,
2020,Norway,578,Original index,52,52,Original index,C,Total manufacturing,C,100.0,I,
2021,Norway,578,Original index,52,52,Original index,C,Total manufacturing,C,102.77,I,
2022,Norway,578,Original index,52,52,Original index,C,Total manufacturing,C,102.67,I,
2023,Norway,578,Original index,52,52,Original index,C,Total manufacturing,C,102.26,I,
2024,Norway,578,Original index,52,52,Original index,C,Total manufacturing,C,103.8,I,
2025,Norway,578,Original index,52,52,Original index,C,Total manufacturing,C,107.71,I,
1998,Oman,512,Original index,52,52,Original index,C,Total manufacturing,C,13.56,I,
1999,Oman,512,Original index,52,52,Original index,C,Total manufacturing,C,14.85,I,
2000,Oman,512,Original index,52,52,Original index,C,Total manufacturing,C,28.66,I,
2001,Oman,512,Original index,52,52,Original index,C,Total manufacturing,C,43.72,I,
2002,Oman,512,Original index,52,52,Original index,C,Total manufacturing,C,49.59,I,
2003,Oman,512,Original index,52,52,Original index,C,Total manufacturing,C,52.44,I,
2004,Oman,512,Original index,52,52,Original index,C,Total manufacturing,C,52.86,I,
2005,Oman,512,Original index,52,52,Original index,C,Total manufacturing,C,58.85,I,
2006,Oman,512,Original index,52,52,Original index,C,Total manufacturing,C,73.32,I,
2007,Oman,512,Original index,52,52,Original index,C,Total manufacturing,C,75.34,I,
2008,Oman,512,Original index,52,52,Original index,C,Total manufacturing,C,80.39,I,
2009,Oman,512,Original index,52,52,Original index,C,Total manufacturing,C,89.63,I,
2010,Oman,512,Original index,52,52,Original index,C,Total manufacturing,C,93.28,I,
2011,Oman,512,Original index,52,52,Original index,C,Total manufacturing,C,92.23,I,
2012,Oman,512,Original index,52,52,Original index,C,Total manufacturing,C,94.07,I,
2013,Oman,512,Original index,52,52,Original index,C,Total manufacturing,C,98.68,I,
2014,Oman,512,Original index,52,52,Original index,C,Total manufacturing,C,94.6,I,
2015,Oman,512,Original index,52,52,Original index,C,Total manufacturing,C,100.31,I,
2016,Oman,512,Original index,52,52,Original index,C,Total manufacturing,C,104.21,I,
2017,Oman,512,Original index,52,52,Original index,C,Total manufacturing,C,104.79,I,
2018,Oman,512,Original index,52,52,Original index,C,Total manufacturing,C,113.45,I,
2019,Oman,512,Original index,52,52,Original index,C,Total manufacturing,C,112.74,I,
2020,Oman,512,Original index,52,52,Original index,C,Total manufacturing,C,100.0,I,
2021,Oman,512,Original index,52,52,Original index,C,Total manufacturing,C,107.08,I,
2022,Oman,512,Original index,52,52,Original index,C,Total manufacturing,C,122.09,I,
2023,Oman,512,Original index,52,52,Original index,C,Total manufacturing,C,119.49,I,
2024,Oman,512,Original index,52,52,Original index,C,Total manufacturing,C,128.4,I,
2025,Oman,512,Original index,52,52,Original index,C,Total manufacturing,C,131.59,I,
2010,Pakistan,586,Original index,52,52,Original index,C,Total manufacturing,C,76.83,I,
2011,Pakistan,586,Original index,52,52,Original index,C,Total manufacturing,C,81.99,I,
2012,Pakistan,586,Original index,52,52,Original index,C,Total manufacturing,C,83.44,I,
2013,Pakistan,586,Original index,52,52,Original index,C,Total manufacturing,C,88.39,I,
2014,Pakistan,586,Original index,52,52,Original index,C,Total manufacturing,C,91.36,I,
2015,Pakistan,586,Original index,52,52,Original index,C,Total manufacturing,C,95.6,I,
2016,Pakistan,586,Original index,52,52,Original index,C,Total manufacturing,C,98.65,I,
2017,Pakistan,586,Original index,52,52,Original index,C,Total manufacturing,C,105.56,I,
2018,Pakistan,586,Original index,52,52,Original index,C,Total manufacturing,C,106.95,I,
2019,Pakistan,586,Original index,52,52,Original index,C,Total manufacturing,C,104.53,I,
2020,Pakistan,586,Original index,52,52,Original index,C,Total manufacturing,C,100.0,I,
2021,Pakistan,586,Original index,52,52,Original index,C,Total manufacturing,C,114.94,I,
2022,Pakistan,586,Original index,52,52,Original index,C,Total manufacturing,C,122.67,I,
2023,Pakistan,586,Original index,52,52,Original index,C,Total manufacturing,C,110.56,I,
2024,Pakistan,586,Original index,52,52,Original index,C,Total manufacturing,C,110.98,I,
2025,Pakistan,586,Original index,52,52,Original index,C,Total manufacturing,C,113.71,I,
2013,Palau,585,Original index,52,52,Original index,C,Total manufacturing,C,88.89,I,
2014,Palau,585,Original index,52,52,Original index,C,Total manufacturing,C,88.89,I,
2015,Palau,585,Original index,52,52,Original index,C,Total manufacturing,C,96.3,I,
2016,Palau,585,Original index,52,52,Original index,C,Total manufacturing,C,103.7,I,
2017,Palau,585,Original index,52,52,Original index,C,Total manufacturing,C,103.7,I,
2018,Palau,585,Original index,52,52,Original index,C,Total manufacturing,C,103.7,I,
2019,Palau,585,Original index,52,52,Original index,C,Total manufacturing,C,107.41,I,
2020,Palau,585,Original index,52,52,Original index,C,Total manufacturing,C,100.0,I,
2021,Palau,585,Original index,52,52,Original index,C,Total manufacturing,C,92.59,I,
2022,Palau,585,Original index,52,52,Original index,C,Total manufacturing,C,85.19,I,
2023,Palau,585,Original index,52,52,Original index,C,Total manufacturing,C,92.59,I,
1981,Panama,591,Original index,52,52,Original index,C,Total manufacturing,C,69.21,I,
1982,Panama,591,Original index,52,52,Original index,C,Total manufacturing,C,71.01,I,
1983,Panama,591,Original index,52,52,Original index,C,Total manufacturing,C,70.31,I,
1984,Panama,591,Original index,52,52,Original index,C,Total manufacturing,C,67.89,I,
1985,Panama,591,Original index,52,52,Original index,C,Total manufacturing,C,70.87,I,
1986,Panama,591,Original index,52,52,Original index,C,Total manufacturing,C,72.81,I,
1987,Panama,591,Original index,52,52,Original index,C,Total manufacturing,C,78.06,I,
1988,Panama,591,Original index,52,52,Original index,C,Total manufacturing,C,59.17,I,
1989,Panama,591,Original index,52,52,Original index,C,Total manufacturing,C,62.35,I,
1990,Panama,591,Original index,52,52,Original index,C,Total manufacturing,C,70.38,I,
1991,Panama,591,Original index,52,52,Original index,C,Total manufacturing,C,75.78,I,
1992,Panama,591,Original index,52,52,Original index,C,Total manufacturing,C,82.77,I,
1993,Panama,591,Original index,52,52,Original index,C,Total manufacturing,C,88.48,I,
1994,Panama,591,Original index,52,52,Original index,C,Total manufacturing,C,91.46,I,
1995,Panama,591,Original index,52,52,Original index,C,Total manufacturing,C,91.96,I,
1996,Panama,591,Original index,52,52,Original index,C,Total manufacturing,C,91.88,I,
1997,Panama,591,Original index,52,52,Original index,C,Total manufacturing,C,97.09,I,
1998,Panama,591,Original index,52,52,Original index,C,Total manufacturing,C,101.06,I,
1999,Panama,591,Original index,52,52,Original index,C,Total manufacturing,C,96.84,I,
2000,Panama,591,Original index,52,52,Original index,C,Total manufacturing,C,91.96,I,
2001,Panama,591,Original index,52,52,Original index,C,Total manufacturing,C,85.92,I,
2002,Panama,591,Original index,52,52,Original index,C,Total manufacturing,C,87.12,I,
2003,Panama,591,Original index,52,52,Original index,C,Total manufacturing,C,88.32,I,
2004,Panama,591,Original index,52,52,Original index,C,Total manufacturing,C,88.84,I,
2005,Panama,591,Original index,52,52,Original index,C,Total manufacturing,C,91.41,I,
2006,Panama,591,Original index,52,52,Original index,C,Total manufacturing,C,96.66,I,
2007,Panama,591,Original index,52,52,Original index,C,Total manufacturing,C,101.47,I,
2008,Panama,591,Original index,52,52,Original index,C,Total manufacturing,C,106.73,I,
2009,Panama,591,Original index,52,52,Original index,C,Total manufacturing,C,104.48,I,
2010,Panama,591,Original index,52,52,Original index,C,Total manufacturing,C,104.22,I,
2011,Panama,591,Original index,52,52,Original index,C,Total manufacturing,C,107.89,I,
2012,Panama,591,Original index,52,52,Original index,C,Total manufacturing,C,114.08,I,
2013,Panama,591,Original index,52,52,Original index,C,Total manufacturing,C,113.61,I,
2014,Panama,591,Original index,52,52,Original index,C,Total manufacturing,C,117.64,I,
2015,Panama,591,Original index,52,52,Original index,C,Total manufacturing,C,121.69,I,
2016,Panama,591,Original index,52,52,Original index,C,Total manufacturing,C,123.09,I,
2017,Panama,591,Original index,52,52,Original index,C,Total manufacturing,C,126.31,I,
2018,Panama,591,Original index,52,52,Original index,C,Total manufacturing,C,127.93,I,
2019,Panama,591,Original index,52,52,Original index,C,Total manufacturing,C,124.77,I,
2020,Panama,591,Original index,52,52,Original index,C,Total manufacturing,C,100.0,I,
2021,Panama,591,Original index,52,52,Original index,C,Total manufacturing,C,112.22,I,
2022,Panama,591,Original index,52,52,Original index,C,Total manufacturing,C,120.15,I,
2023,Panama,591,Original index,52,52,Original index,C,Total manufacturing,C,123.52,I,
2024,Panama,591,Original index,52,52,Original index,C,Total manufacturing,C,126.03,I,
2006,Papua New Guinea,598,Original index,52,52,Original index,C,Total manufacturing,C,93.59,I,
2007,Papua New Guinea,598,Original index,52,52,Original index,C,Total manufacturing,C,105.96,I,
2008,Papua New Guinea,598,Original index,52,52,Original index,C,Total manufacturing,C,111.15,I,
2009,Papua New Guinea,598,Original index,52,52,Original index,C,Total manufacturing,C,108.93,I,
2010,Papua New Guinea,598,Original index,52,52,Original index,C,Total manufacturing,C,117.15,I,
2011,Papua New Guinea,598,Original index,52,52,Original index,C,Total manufacturing,C,122.59,I,
2012,Papua New Guinea,598,Original index,52,52,Original index,C,Total manufacturing,C,121.99,I,
2013,Papua New Guinea,598,Original index,52,52,Original index,C,Total manufacturing,C,124.06,I,
2014,Papua New Guinea,598,Original index,52,52,Original index,C,Total manufacturing,C,123.0,I,
2015,Papua New Guinea,598,Original index,52,52,Original index,C,Total manufacturing,C,107.11,I,
2016,Papua New Guinea,598,Original index,52,52,Original index,C,Total manufacturing,C,111.14,I,
2017,Papua New Guinea,598,Original index,52,52,Original index,C,Total manufacturing,C,115.24,I,
2018,Papua New Guinea,598,Original index,52,52,Original index,C,Total manufacturing,C,107.47,I,
2019,Papua New Guinea,598,Original index,52,52,Original index,C,Total manufacturing,C,106.85,I,
2020,Papua New Guinea,598,Original index,52,52,Original index,C,Total manufacturing,C,100.0,I,
2021,Papua New Guinea,598,Original index,52,52,Original index,C,Total manufacturing,C,107.28,I,
2022,Papua New Guinea,598,Original index,52,52,Original index,C,Total manufacturing,C,118.47,I,
2023,Papua New Guinea,598,Original index,52,52,Original index,C,Total manufacturing,C,117.38,I,
2024,Papua New Guinea,598,Original index,52,52,Original index,C,Total manufacturing,C,124.79,I,
1991,Paraguay,600,Original index,52,52,Original index,C,Total manufacturing,C,53.16,I,
1992,Paraguay,600,Original index,52,52,Original index,C,Total manufacturing,C,56.13,I,
1993,Paraguay,600,Original index,52,52,Original index,C,Total manufacturing,C,58.8,I,
1994,Paraguay,600,Original index,52,52,Original index,C,Total manufacturing,C,59.29,I,
1995,Paraguay,600,Original index,52,52,Original index,C,Total manufacturing,C,61.21,I,
1996,Paraguay,600,Original index,52,52,Original index,C,Total manufacturing,C,62.09,I,
1997,Paraguay,600,Original index,52,52,Original index,C,Total manufacturing,C,63.4,I,
1998,Paraguay,600,Original index,52,52,Original index,C,Total manufacturing,C,63.14,I,
1999,Paraguay,600,Original index,52,52,Original index,C,Total manufacturing,C,62.82,I,
2000,Paraguay,600,Original index,52,52,Original index,C,Total manufacturing,C,61.08,I,
2001,Paraguay,600,Original index,52,52,Original index,C,Total manufacturing,C,61.36,I,
2002,Paraguay,600,Original index,52,52,Original index,C,Total manufacturing,C,61.25,I,
2003,Paraguay,600,Original index,52,52,Original index,C,Total manufacturing,C,61.8,I,
2004,Paraguay,600,Original index,52,52,Original index,C,Total manufacturing,C,63.09,I,
2005,Paraguay,600,Original index,52,52,Original index,C,Total manufacturing,C,62.98,I,
2006,Paraguay,600,Original index,52,52,Original index,C,Total manufacturing,C,64.0,I,
2007,Paraguay,600,Original index,52,52,Original index,C,Total manufacturing,C,63.99,I,
2008,Paraguay,600,Original index,52,52,Original index,C,Total manufacturing,C,68.66,I,
2009,Paraguay,600,Original index,52,52,Original index,C,Total manufacturing,C,66.05,I,
2010,Paraguay,600,Original index,52,52,Original index,C,Total manufacturing,C,69.28,I,
2011,Paraguay,600,Original index,52,52,Original index,C,Total manufacturing,C,72.07,I,
2012,Paraguay,600,Original index,52,52,Original index,C,Total manufacturing,C,74.31,I,
2013,Paraguay,600,Original index,52,52,Original index,C,Total manufacturing,C,80.01,I,
2014,Paraguay,600,Original index,52,52,Original index,C,Total manufacturing,C,85.6,I,
2015,Paraguay,600,Original index,52,52,Original index,C,Total manufacturing,C,90.06,I,
2016,Paraguay,600,Original index,52,52,Original index,C,Total manufacturing,C,94.18,I,
2017,Paraguay,600,Original index,52,52,Original index,C,Total manufacturing,C,100.03,I,
2018,Paraguay,600,Original index,52,52,Original index,C,Total manufacturing,C,102.39,I,
2019,Paraguay,600,Original index,52,52,Original index,C,Total manufacturing,C,101.3,I,
2020,Paraguay,600,Original index,52,52,Original index,C,Total manufacturing,C,100.0,I,
2021,Paraguay,600,Original index,52,52,Original index,C,Total manufacturing,C,106.77,I,
2022,Paraguay,600,Original index,52,52,Original index,C,Total manufacturing,C,106.67,I,
2023,Paraguay,600,Original index,52,52,Original index,C,Total manufacturing,C,111.06,I,
2024,Paraguay,600,Original index,52,52,Original index,C,Total manufacturing,C,116.05,I,
2025,Paraguay,600,Original index,52,52,Original index,C,Total manufacturing,C,122.61,I,
1981,Peru,604,Original index,52,52,Original index,C,Total manufacturing,C,53.15,I,
1982,Peru,604,Original index,52,52,Original index,C,Total manufacturing,C,50.52,I,
1983,Peru,604,Original index,52,52,Original index,C,Total manufacturing,C,41.79,I,
1984,Peru,604,Original index,52,52,Original index,C,Total manufacturing,C,44.17,I,
1985,Peru,604,Original index,52,52,Original index,C,Total manufacturing,C,46.16,I,
1986,Peru,604,Original index,52,52,Original index,C,Total manufacturing,C,53.39,I,
1987,Peru,604,Original index,52,52,Original index,C,Total manufacturing,C,60.23,I,
1988,Peru,604,Original index,52,52,Original index,C,Total manufacturing,C,53.48,I,
1989,Peru,604,Original index,52,52,Original index,C,Total manufacturing,C,45.09,I,
1990,Peru,604,Original index,52,52,Original index,C,Total manufacturing,C,42.47,I,
1991,Peru,604,Original index,52,52,Original index,C,Total manufacturing,C,45.09,I,
1992,Peru,604,Original index,52,52,Original index,C,Total manufacturing,C,43.62,I,
1993,Peru,604,Original index,52,52,Original index,C,Total manufacturing,C,45.09,I,
1994,Peru,604,Original index,52,52,Original index,C,Total manufacturing,C,52.61,I,
1995,Peru,604,Original index,52,52,Original index,C,Total manufacturing,C,55.51,I,
1996,Peru,604,Original index,52,52,Original index,C,Total manufacturing,C,56.35,I,
1997,Peru,604,Original index,52,52,Original index,C,Total manufacturing,C,59.35,I,
1998,Peru,604,Original index,52,52,Original index,C,Total manufacturing,C,57.24,I,
1999,Peru,604,Original index,52,52,Original index,C,Total manufacturing,C,56.82,I,
2000,Peru,604,Original index,52,52,Original index,C,Total manufacturing,C,60.14,I,
2001,Peru,604,Original index,52,52,Original index,C,Total manufacturing,C,60.5,I,
2002,Peru,604,Original index,52,52,Original index,C,Total manufacturing,C,63.98,I,
2003,Peru,604,Original index,52,52,Original index,C,Total manufacturing,C,66.24,I,
2004,Peru,604,Original index,52,52,Original index,C,Total manufacturing,C,71.18,I,
2005,Peru,604,Original index,52,52,Original index,C,Total manufacturing,C,76.45,I,
2006,Peru,604,Original index,52,52,Original index,C,Total manufacturing,C,81.72,I,
2007,Peru,604,Original index,52,52,Original index,C,Total manufacturing,C,90.51,I,
2008,Peru,604,Original index,52,52,Original index,C,Total manufacturing,C,98.62,I,
2009,Peru,604,Original index,52,52,Original index,C,Total manufacturing,C,91.79,I,
2010,Peru,604,Original index,52,52,Original index,C,Total manufacturing,C,104.73,I,
2011,Peru,604,Original index,52,52,Original index,C,Total manufacturing,C,110.61,I,
2012,Peru,604,Original index,52,52,Original index,C,Total manufacturing,C,112.07,I,
2013,Peru,604,Original index,52,52,Original index,C,Total manufacturing,C,117.58,I,
2014,Peru,604,Original index,52,52,Original index,C,Total manufacturing,C,113.28,I,
2015,Peru,604,Original index,52,52,Original index,C,Total manufacturing,C,111.61,I,
2016,Peru,604,Original index,52,52,Original index,C,Total manufacturing,C,110.06,I,
2017,Peru,604,Original index,52,52,Original index,C,Total manufacturing,C,109.86,I,
2018,Peru,604,Original index,52,52,Original index,C,Total manufacturing,C,116.37,I,
2019,Peru,604,Original index,52,52,Original index,C,Total manufacturing,C,114.39,I,
2020,Peru,604,Original index,52,52,Original index,C,Total manufacturing,C,100.0,I,
2021,Peru,604,Original index,52,52,Original index,C,Total manufacturing,C,118.67,I,
2022,Peru,604,Original index,52,52,Original index,C,Total manufacturing,C,119.81,I,
2023,Peru,604,Original index,52,52,Original index,C,Total manufacturing,C,111.94,I,
2024,Peru,604,Original index,52,52,Original index,C,Total manufacturing,C,117.14,I,
2025,Peru,604,Original index,52,52,Original index,C,Total manufacturing,C,120.52,I,
1995,Philippines,608,Original index,52,52,Original index,C,Total manufacturing,C,122.03,I,
1996,Philippines,608,Original index,52,52,Original index,C,Total manufacturing,C,128.02,I,
1997,Philippines,608,Original index,52,52,Original index,C,Total manufacturing,C,133.58,I,
1998,Philippines,608,Original index,52,52,Original index,C,Total manufacturing,C,119.13,I,
1999,Philippines,608,Original index,52,52,Original index,C,Total manufacturing,C,122.21,I,
2000,Philippines,608,Original index,52,52,Original index,C,Total manufacturing,C,139.31,I,
2001,Philippines,608,Original index,52,52,Original index,C,Total manufacturing,C,136.87,I,
2002,Philippines,608,Original index,52,52,Original index,C,Total manufacturing,C,128.63,I,
2003,Philippines,608,Original index,52,52,Original index,C,Total manufacturing,C,128.51,I,
2004,Philippines,608,Original index,52,52,Original index,C,Total manufacturing,C,129.79,I,
2005,Philippines,608,Original index,52,52,Original index,C,Total manufacturing,C,132.58,I,
2006,Philippines,608,Original index,52,52,Original index,C,Total manufacturing,C,133.37,I,
2007,Philippines,608,Original index,52,52,Original index,C,Total manufacturing,C,129.5,I,
2008,Philippines,608,Original index,52,52,Original index,C,Total manufacturing,C,126.75,I,
2009,Philippines,608,Original index,52,52,Original index,C,Total manufacturing,C,108.78,I,
2010,Philippines,608,Original index,52,52,Original index,C,Total manufacturing,C,129.61,I,
2011,Philippines,608,Original index,52,52,Original index,C,Total manufacturing,C,130.93,I,
2012,Philippines,608,Original index,52,52,Original index,C,Total manufacturing,C,140.37,I,
2013,Philippines,608,Original index,52,52,Original index,C,Total manufacturing,C,154.4,I,
2014,Philippines,608,Original index,52,52,Original index,C,Total manufacturing,C,163.32,I,
2015,Philippines,608,Original index,52,52,Original index,C,Total manufacturing,C,163.1,I,
2016,Philippines,608,Original index,52,52,Original index,C,Total manufacturing,C,175.54,I,
2017,Philippines,608,Original index,52,52,Original index,C,Total manufacturing,C,175.42,I,
2018,Philippines,608,Original index,52,52,Original index,C,Total manufacturing,C,184.35,I,
2019,Philippines,608,Original index,52,52,Original index,C,Total manufacturing,C,168.07,I,
2020,Philippines,608,Original index,52,52,Original index,C,Total manufacturing,C,100.0,I,
2021,Philippines,608,Original index,52,52,Original index,C,Total manufacturing,C,152.61,I,
2022,Philippines,608,Original index,52,52,Original index,C,Total manufacturing,C,175.72,I,
2023,Philippines,608,Original index,52,52,Original index,C,Total manufacturing,C,184.3,I,
2024,Philippines,608,Original index,52,52,Original index,C,Total manufacturing,C,185.52,I,
2025,Philippines,608,Original index,52,52,Original index,C,Total manufacturing,C,184.83,I,
1981,Poland,616,Original index,52,52,Original index,C,Total manufacturing,C,18.23,I,
1982,Poland,616,Original index,52,52,Original index,C,Total manufacturing,C,17.8,I,
1983,Poland,616,Original index,52,52,Original index,C,Total manufacturing,C,18.86,I,
1984,Poland,616,Original index,52,52,Original index,C,Total manufacturing,C,19.92,I,
1985,Poland,616,Original index,52,52,Original index,C,Total manufacturing,C,20.56,I,
1986,Poland,616,Original index,52,52,Original index,C,Total manufacturing,C,21.62,I,
1987,Poland,616,Original index,52,52,Original index,C,Total manufacturing,C,22.25,I,
1988,Poland,616,Original index,52,52,Original index,C,Total manufacturing,C,23.53,I,
1989,Poland,616,Original index,52,52,Original index,C,Total manufacturing,C,22.89,I,
1990,Poland,616,Original index,52,52,Original index,C,Total manufacturing,C,16.96,I,
1991,Poland,616,Original index,52,52,Original index,C,Total manufacturing,C,15.21,I,
1992,Poland,616,Original index,52,52,Original index,C,Total manufacturing,C,16.0,I,
1993,Poland,616,Original index,52,52,Original index,C,Total manufacturing,C,17.66,I,
1994,Poland,616,Original index,52,52,Original index,C,Total manufacturing,C,20.07,I,
1995,Poland,616,Original index,52,52,Original index,C,Total manufacturing,C,22.4,I,
1996,Poland,616,Original index,52,52,Original index,C,Total manufacturing,C,24.98,I,
1997,Poland,616,Original index,52,52,Original index,C,Total manufacturing,C,28.36,I,
1998,Poland,616,Original index,52,52,Original index,C,Total manufacturing,C,30.22,I,
1999,Poland,616,Original index,52,52,Original index,C,Total manufacturing,C,31.9,I,
2000,Poland,616,Original index,52,52,Original index,C,Total manufacturing,C,34.43,I,
2001,Poland,616,Original index,52,52,Original index,C,Total manufacturing,C,34.43,I,
2002,Poland,616,Original index,52,52,Original index,C,Total manufacturing,C,35.09,I,
2003,Poland,616,Original index,52,52,Original index,C,Total manufacturing,C,38.7,I,
2004,Poland,616,Original index,52,52,Original index,C,Total manufacturing,C,44.44,I,
2005,Poland,616,Original index,52,52,Original index,C,Total manufacturing,C,46.57,I,
2006,Poland,616,Original index,52,52,Original index,C,Total manufacturing,C,53.2,I,
2007,Poland,616,Original index,52,52,Original index,C,Total manufacturing,C,59.04,I,
2008,Poland,616,Original index,52,52,Original index,C,Total manufacturing,C,60.76,I,
2009,Poland,616,Original index,52,52,Original index,C,Total manufacturing,C,58.7,I,
2010,Poland,616,Original index,52,52,Original index,C,Total manufacturing,C,66.13,I,
2011,Poland,616,Original index,52,52,Original index,C,Total manufacturing,C,71.17,I,
2012,Poland,616,Original index,52,52,Original index,C,Total manufacturing,C,72.2,I,
2013,Poland,616,Original index,52,52,Original index,C,Total manufacturing,C,74.14,I,
2014,Poland,616,Original index,52,52,Original index,C,Total manufacturing,C,77.46,I,
2015,Poland,616,Original index,52,52,Original index,C,Total manufacturing,C,81.92,I,
2016,Poland,616,Original index,52,52,Original index,C,Total manufacturing,C,85.35,I,
2017,Poland,616,Original index,52,52,Original index,C,Total manufacturing,C,91.65,I,
2018,Poland,616,Original index,52,52,Original index,C,Total manufacturing,C,96.8,I,
2019,Poland,616,Original index,52,52,Original index,C,Total manufacturing,C,100.92,I,
2020,Poland,616,Original index,52,52,Original index,C,Total manufacturing,C,100.0,I,
2021,Poland,616,Original index,52,52,Original index,C,Total manufacturing,C,114.42,I,
2022,Poland,616,Original index,52,52,Original index,C,Total manufacturing,C,125.51,I,
2023,Poland,616,Original index,52,52,Original index,C,Total manufacturing,C,123.8,I,
2024,Poland,616,Original index,52,52,Original index,C,Total manufacturing,C,124.6,I,
2025,Poland,616,Original index,52,52,Original index,C,Total manufacturing,C,128.95,I,
1981,Portugal,620,Original index,52,52,Original index,C,Total manufacturing,C,85.73,I,
1982,Portugal,620,Original index,52,52,Original index,C,Total manufacturing,C,91.5,I,
1983,Portugal,620,Original index,52,52,Original index,C,Total manufacturing,C,93.98,I,
1984,Portugal,620,Original index,52,52,Original index,C,Total manufacturing,C,96.45,I,
1985,Portugal,620,Original index,52,52,Original index,C,Total manufacturing,C,97.27,I,
1986,Portugal,620,Original index,52,52,Original index,C,Total manufacturing,C,105.25,I,
1987,Portugal,620,Original index,52,52,Original index,C,Total manufacturing,C,110.89,I,
1988,Portugal,620,Original index,52,52,Original index,C,Total manufacturing,C,113.91,I,
1989,Portugal,620,Original index,52,52,Original index,C,Total manufacturing,C,116.44,I,
1990,Portugal,620,Original index,52,52,Original index,C,Total manufacturing,C,123.63,I,
1991,Portugal,620,Original index,52,52,Original index,C,Total manufacturing,C,123.88,I,
1992,Portugal,620,Original index,52,52,Original index,C,Total manufacturing,C,120.91,I,
1993,Portugal,620,Original index,52,52,Original index,C,Total manufacturing,C,113.99,I,
1994,Portugal,620,Original index,52,52,Original index,C,Total manufacturing,C,114.36,I,
1995,Portugal,620,Original index,52,52,Original index,C,Total manufacturing,C,118.57,I,
1996,Portugal,620,Original index,52,52,Original index,C,Total manufacturing,C,124.85,I,
1997,Portugal,620,Original index,52,52,Original index,C,Total manufacturing,C,130.42,I,
1998,Portugal,620,Original index,52,52,Original index,C,Total manufacturing,C,133.74,I,
1999,Portugal,620,Original index,52,52,Original index,C,Total manufacturing,C,135.64,I,
2000,Portugal,620,Original index,52,52,Original index,C,Total manufacturing,C,136.11,I,
2001,Portugal,620,Original index,52,52,Original index,C,Total manufacturing,C,137.04,I,
2002,Portugal,620,Original index,52,52,Original index,C,Total manufacturing,C,139.11,I,
2003,Portugal,620,Original index,52,52,Original index,C,Total manufacturing,C,136.34,I,
2004,Portugal,620,Original index,52,52,Original index,C,Total manufacturing,C,132.66,I,
2005,Portugal,620,Original index,52,52,Original index,C,Total manufacturing,C,143.14,I,
2006,Portugal,620,Original index,52,52,Original index,C,Total manufacturing,C,140.08,I,
2007,Portugal,620,Original index,52,52,Original index,C,Total manufacturing,C,136.71,I,
2008,Portugal,620,Original index,52,52,Original index,C,Total manufacturing,C,126.79,I,
2009,Portugal,620,Original index,52,52,Original index,C,Total manufacturing,C,106.75,I,
2010,Portugal,620,Original index,52,52,Original index,C,Total manufacturing,C,107.91,I,
2011,Portugal,620,Original index,52,52,Original index,C,Total manufacturing,C,106.12,I,
2012,Portugal,620,Original index,52,52,Original index,C,Total manufacturing,C,102.95,I,
2013,Portugal,620,Original index,52,52,Original index,C,Total manufacturing,C,103.38,I,
2014,Portugal,620,Original index,52,52,Original index,C,Total manufacturing,C,105.17,I,
2015,Portugal,620,Original index,52,52,Original index,C,Total manufacturing,C,108.12,I,
2016,Portugal,620,Original index,52,52,Original index,C,Total manufacturing,C,107.38,I,
2017,Portugal,620,Original index,52,52,Original index,C,Total manufacturing,C,110.76,I,
2018,Portugal,620,Original index,52,52,Original index,C,Total manufacturing,C,110.86,I,
2019,Portugal,620,Original index,52,52,Original index,C,Total manufacturing,C,110.02,I,
2020,Portugal,620,Original index,52,52,Original index,C,Total manufacturing,C,100.0,I,
2021,Portugal,620,Original index,52,52,Original index,C,Total manufacturing,C,105.49,I,
2022,Portugal,620,Original index,52,52,Original index,C,Total manufacturing,C,106.75,I,
2023,Portugal,620,Original index,52,52,Original index,C,Total manufacturing,C,102.64,I,
2024,Portugal,620,Original index,52,52,Original index,C,Total manufacturing,C,103.69,I,
2025,Portugal,620,Original index,52,52,Original index,C,Total manufacturing,C,102.11,I,
2012,Qatar,634,Original index,52,52,Original index,C,Total manufacturing,C,88.28,I,
2013,Qatar,634,Original index,52,52,Original index,C,Total manufacturing,C,93.16,I,
2014,Qatar,634,Original index,52,52,Original index,C,Total manufacturing,C,97.03,I,
2015,Qatar,634,Original index,52,52,Original index,C,Total manufacturing,C,101.3,I,
2016,Qatar,634,Original index,52,52,Original index,C,Total manufacturing,C,102.99,I,
2017,Qatar,634,Original index,52,52,Original index,C,Total manufacturing,C,102.14,I,
2018,Qatar,634,Original index,52,52,Original index,C,Total manufacturing,C,109.03,I,
2019,Qatar,634,Original index,52,52,Original index,C,Total manufacturing,C,107.15,I,
2020,Qatar,634,Original index,52,52,Original index,C,Total manufacturing,C,100.0,I,
2021,Qatar,634,Original index,52,52,Original index,C,Total manufacturing,C,101.45,I,
2022,Qatar,634,Original index,52,52,Original index,C,Total manufacturing,C,102.25,I,
2023,Qatar,634,Original index,52,52,Original index,C,Total manufacturing,C,102.43,I,
2024,Qatar,634,Original index,52,52,Original index,C,Total manufacturing,C,99.75,I,
2025,Qatar,634,Original index,52,52,Original index,C,Total manufacturing,C,102.74,I,
1975,Republic of Korea,410,Original index,52,52,Original index,C,Total manufacturing,C,2.92,I,
1976,Republic of Korea,410,Original index,52,52,Original index,C,Total manufacturing,C,3.85,I,
1977,Republic of Korea,410,Original index,52,52,Original index,C,Total manufacturing,C,4.63,I,
1978,Republic of Korea,410,Original index,52,52,Original index,C,Total manufacturing,C,5.73,I,
1979,Republic of Korea,410,Original index,52,52,Original index,C,Total manufacturing,C,6.43,I,
1980,Republic of Korea,410,Original index,52,52,Original index,C,Total manufacturing,C,6.33,I,
1981,Republic of Korea,410,Original index,52,52,Original index,C,Total manufacturing,C,7.18,I,
1982,Republic of Korea,410,Original index,52,52,Original index,C,Total manufacturing,C,7.52,I,
1983,Republic of Korea,410,Original index,52,52,Original index,C,Total manufacturing,C,8.76,I,
1984,Republic of Korea,410,Original index,52,52,Original index,C,Total manufacturing,C,10.13,I,
1985,Republic of Korea,410,Original index,52,52,Original index,C,Total manufacturing,C,10.52,I,
1986,Republic of Korea,410,Original index,52,52,Original index,C,Total manufacturing,C,12.86,I,
1987,Republic of Korea,410,Original index,52,52,Original index,C,Total manufacturing,C,15.48,I,
1988,Republic of Korea,410,Original index,52,52,Original index,C,Total manufacturing,C,17.57,I,
1989,Republic of Korea,410,Original index,52,52,Original index,C,Total manufacturing,C,18.04,I,
1990,Republic of Korea,410,Original index,52,52,Original index,C,Total manufacturing,C,19.63,I,
1991,Republic of Korea,410,Original index,52,52,Original index,C,Total manufacturing,C,21.53,I,
1992,Republic of Korea,410,Original index,52,52,Original index,C,Total manufacturing,C,22.8,I,
1993,Republic of Korea,410,Original index,52,52,Original index,C,Total manufacturing,C,23.77,I,
1994,Republic of Korea,410,Original index,52,52,Original index,C,Total manufacturing,C,26.39,I,
1995,Republic of Korea,410,Original index,52,52,Original index,C,Total manufacturing,C,29.56,I,
1996,Republic of Korea,410,Original index,52,52,Original index,C,Total manufacturing,C,32.05,I,
1997,Republic of Korea,410,Original index,52,52,Original index,C,Total manufacturing,C,33.54,I,
1998,Republic of Korea,410,Original index,52,52,Original index,C,Total manufacturing,C,31.37,I,
1999,Republic of Korea,410,Original index,52,52,Original index,C,Total manufacturing,C,39.31,I,
2000,Republic of Korea,410,Original index,52,52,Original index,C,Total manufacturing,C,46.09,I,
2001,Republic of Korea,410,Original index,52,52,Original index,C,Total manufacturing,C,46.16,I,
2002,Republic of Korea,410,Original index,52,52,Original index,C,Total manufacturing,C,49.89,I,
2003,Republic of Korea,410,Original index,52,52,Original index,C,Total manufacturing,C,52.66,I,
2004,Republic of Korea,410,Original index,52,52,Original index,C,Total manufacturing,C,58.33,I,
2005,Republic of Korea,410,Original index,52,52,Original index,C,Total manufacturing,C,62.02,I,
2006,Republic of Korea,410,Original index,52,52,Original index,C,Total manufacturing,C,67.41,I,
2007,Republic of Korea,410,Original index,52,52,Original index,C,Total manufacturing,C,72.19,I,
2008,Republic of Korea,410,Original index,52,52,Original index,C,Total manufacturing,C,74.58,I,
2009,Republic of Korea,410,Original index,52,52,Original index,C,Total manufacturing,C,74.4,I,
2010,Republic of Korea,410,Original index,52,52,Original index,C,Total manufacturing,C,86.86,I,
2011,Republic of Korea,410,Original index,52,52,Original index,C,Total manufacturing,C,92.11,I,
2012,Republic of Korea,410,Original index,52,52,Original index,C,Total manufacturing,C,93.38,I,
2013,Republic of Korea,410,Original index,52,52,Original index,C,Total manufacturing,C,94.01,I,
2014,Republic of Korea,410,Original index,52,52,Original index,C,Total manufacturing,C,94.22,I,
2015,Republic of Korea,410,Original index,52,52,Original index,C,Total manufacturing,C,93.98,I,
2016,Republic of Korea,410,Original index,52,52,Original index,C,Total manufacturing,C,96.13,I,
2017,Republic of Korea,410,Original index,52,52,Original index,C,Total manufacturing,C,98.37,I,
2018,Republic of Korea,410,Original index,52,52,Original index,C,Total manufacturing,C,99.74,I,
2019,Republic of Korea,410,Original index,52,52,Original index,C,Total manufacturing,C,100.18,I,
2020,Republic of Korea,410,Original index,52,52,Original index,C,Total manufacturing,C,100.0,I,
2021,Republic of Korea,410,Original index,52,52,Original index,C,Total manufacturing,C,108.72,I,
2022,Republic of Korea,410,Original index,52,52,Original index,C,Total manufacturing,C,109.79,I,
2023,Republic of Korea,410,Original index,52,52,Original index,C,Total manufacturing,C,107.02,I,
2024,Republic of Korea,410,Original index,52,52,Original index,C,Total manufacturing,C,111.56,I,
2025,Republic of Korea,410,Original index,52,52,Original index,C,Total manufacturing,C,114.94,I,
1997,Republic of Moldova,498,Original index,52,52,Original index,C,Total manufacturing,C,55.93,I,
1998,Republic of Moldova,498,Original index,52,52,Original index,C,Total manufacturing,C,46.48,I,
1999,Republic of Moldova,498,Original index,52,52,Original index,C,Total manufacturing,C,40.85,I,
2000,Republic of Moldova,498,Original index,52,52,Original index,C,Total manufacturing,C,48.11,I,
2001,Republic of Moldova,498,Original index,52,52,Original index,C,Total manufacturing,C,55.37,I,
2002,Republic of Moldova,498,Original index,52,52,Original index,C,Total manufacturing,C,62.73,I,
2003,Republic of Moldova,498,Original index,52,52,Original index,C,Total manufacturing,C,74.04,I,
2004,Republic of Moldova,498,Original index,52,52,Original index,C,Total manufacturing,C,80.92,I,
2005,Republic of Moldova,498,Original index,52,52,Original index,C,Total manufacturing,C,86.26,I,
2006,Republic of Moldova,498,Original index,52,52,Original index,C,Total manufacturing,C,80.63,I,
2007,Republic of Moldova,498,Original index,52,52,Original index,C,Total manufacturing,C,79.19,I,
2008,Republic of Moldova,498,Original index,52,52,Original index,C,Total manufacturing,C,80.05,I,
2009,Republic of Moldova,498,Original index,52,52,Original index,C,Total manufacturing,C,61.82,I,
2010,Republic of Moldova,498,Original index,52,52,Original index,C,Total manufacturing,C,68.6,I,
2011,Republic of Moldova,498,Original index,52,52,Original index,C,Total manufacturing,C,78.14,I,
2012,Republic of Moldova,498,Original index,52,52,Original index,C,Total manufacturing,C,77.63,I,
2013,Republic of Moldova,498,Original index,52,52,Original index,C,Total manufacturing,C,85.92,I,
2014,Republic of Moldova,498,Original index,52,52,Original index,C,Total manufacturing,C,93.24,I,
2015,Republic of Moldova,498,Original index,52,52,Original index,C,Total manufacturing,C,95.38,I,
2016,Republic of Moldova,498,Original index,52,52,Original index,C,Total manufacturing,C,97.11,I,
2017,Republic of Moldova,498,Original index,52,52,Original index,C,Total manufacturing,C,101.59,I,
2018,Republic of Moldova,498,Original index,52,52,Original index,C,Total manufacturing,C,104.42,I,
2019,Republic of Moldova,498,Original index,52,52,Original index,C,Total manufacturing,C,107.76,I,
2020,Republic of Moldova,498,Original index,52,52,Original index,C,Total manufacturing,C,100.0,I,
2021,Republic of Moldova,498,Original index,52,52,Original index,C,Total manufacturing,C,111.61,I,
2022,Republic of Moldova,498,Original index,52,52,Original index,C,Total manufacturing,C,106.6,I,
2023,Republic of Moldova,498,Original index,52,52,Original index,C,Total manufacturing,C,100.84,I,
2024,Republic of Moldova,498,Original index,52,52,Original index,C,Total manufacturing,C,96.58,I,
2025,Republic of Moldova,498,Original index,52,52,Original index,C,Total manufacturing,C,102.32,I,
1981,Romania,642,Original index,52,52,Original index,C,Total manufacturing,C,125.39,I,
1982,Romania,642,Original index,52,52,Original index,C,Total manufacturing,C,124.98,I,
1983,Romania,642,Original index,52,52,Original index,C,Total manufacturing,C,123.61,I,
1984,Romania,642,Original index,52,52,Original index,C,Total manufacturing,C,130.3,I,
1985,Romania,642,Original index,52,52,Original index,C,Total manufacturing,C,129.89,I,
1986,Romania,642,Original index,52,52,Original index,C,Total manufacturing,C,132.76,I,
1987,Romania,642,Original index,52,52,Original index,C,Total manufacturing,C,129.07,I,
1988,Romania,642,Original index,52,52,Original index,C,Total manufacturing,C,127.71,I,
1989,Romania,642,Original index,52,52,Original index,C,Total manufacturing,C,120.61,I,
1990,Romania,642,Original index,52,52,Original index,C,Total manufacturing,C,93.42,I,
1991,Romania,642,Original index,52,52,Original index,C,Total manufacturing,C,71.12,I,
1992,Romania,642,Original index,52,52,Original index,C,Total manufacturing,C,50.65,I,
1993,Romania,642,Original index,52,52,Original index,C,Total manufacturing,C,50.16,I,
1994,Romania,642,Original index,52,52,Original index,C,Total manufacturing,C,52.21,I,
1995,Romania,642,Original index,52,52,Original index,C,Total manufacturing,C,58.89,I,
1996,Romania,642,Original index,52,52,Original index,C,Total manufacturing,C,62.98,I,
1997,Romania,642,Original index,52,52,Original index,C,Total manufacturing,C,59.05,I,
1998,Romania,642,Original index,52,52,Original index,C,Total manufacturing,C,50.81,I,
1999,Romania,642,Original index,52,52,Original index,C,Total manufacturing,C,49.78,I,
2000,Romania,642,Original index,52,52,Original index,C,Total manufacturing,C,53.88,I,
2001,Romania,642,Original index,52,52,Original index,C,Total manufacturing,C,56.08,I,
2002,Romania,642,Original index,52,52,Original index,C,Total manufacturing,C,56.37,I,
2003,Romania,642,Original index,52,52,Original index,C,Total manufacturing,C,55.7,I,
2004,Romania,642,Original index,52,52,Original index,C,Total manufacturing,C,57.52,I,
2005,Romania,642,Original index,52,52,Original index,C,Total manufacturing,C,55.51,I,
2006,Romania,642,Original index,52,52,Original index,C,Total manufacturing,C,62.35,I,
2007,Romania,642,Original index,52,52,Original index,C,Total manufacturing,C,69.95,I,
2008,Romania,642,Original index,52,52,Original index,C,Total manufacturing,C,72.19,I,
2009,Romania,642,Original index,52,52,Original index,C,Total manufacturing,C,67.49,I,
2010,Romania,642,Original index,52,52,Original index,C,Total manufacturing,C,71.44,I,
2011,Romania,642,Original index,52,52,Original index,C,Total manufacturing,C,77.22,I,
2012,Romania,642,Original index,52,52,Original index,C,Total manufacturing,C,78.93,I,
2013,Romania,642,Original index,52,52,Original index,C,Total manufacturing,C,86.2,I,
2014,Romania,642,Original index,52,52,Original index,C,Total manufacturing,C,92.62,I,
2015,Romania,642,Original index,52,52,Original index,C,Total manufacturing,C,95.83,I,
2016,Romania,642,Original index,52,52,Original index,C,Total manufacturing,C,100.43,I,
2017,Romania,642,Original index,52,52,Original index,C,Total manufacturing,C,108.88,I,
2018,Romania,642,Original index,52,52,Original index,C,Total manufacturing,C,113.48,I,
2019,Romania,642,Original index,52,52,Original index,C,Total manufacturing,C,111.34,I,
2020,Romania,642,Original index,52,52,Original index,C,Total manufacturing,C,100.0,I,
2021,Romania,642,Original index,52,52,Original index,C,Total manufacturing,C,106.95,I,
2022,Romania,642,Original index,52,52,Original index,C,Total manufacturing,C,109.09,I,
2023,Romania,642,Original index,52,52,Original index,C,Total manufacturing,C,106.42,I,
2024,Romania,642,Original index,52,52,Original index,C,Total manufacturing,C,105.13,I,
2025,Romania,642,Original index,52,52,Original index,C,Total manufacturing,C,103.96,I,
2005,Russian Federation,643,Original index,52,52,Original index,C,Total manufacturing,C,64.77,I,
2006,Russian Federation,643,Original index,52,52,Original index,C,Total manufacturing,C,70.14,I,
2007,Russian Federation,643,Original index,52,52,Original index,C,Total manufacturing,C,77.66,I,
2008,Russian Federation,643,Original index,52,52,Original index,C,Total manufacturing,C,78.44,I,
2009,Russian Federation,643,Original index,52,52,Original index,C,Total manufacturing,C,66.03,I,
2010,Russian Federation,643,Original index,52,52,Original index,C,Total manufacturing,C,73.06,I,
2011,Russian Federation,643,Original index,52,52,Original index,C,Total manufacturing,C,78.97,I,
2012,Russian Federation,643,Original index,52,52,Original index,C,Total manufacturing,C,83.08,I,
2013,Russian Federation,643,Original index,52,52,Original index,C,Total manufacturing,C,83.45,I,
2014,Russian Federation,643,Original index,52,52,Original index,C,Total manufacturing,C,86.09,I,
2015,Russian Federation,643,Original index,52,52,Original index,C,Total manufacturing,C,86.06,I,
2016,Russian Federation,643,Original index,52,52,Original index,C,Total manufacturing,C,86.96,I,
2017,Russian Federation,643,Original index,52,52,Original index,C,Total manufacturing,C,91.98,I,
2018,Russian Federation,643,Original index,52,52,Original index,C,Total manufacturing,C,95.35,I,
2019,Russian Federation,643,Original index,52,52,Original index,C,Total manufacturing,C,98.76,I,
2020,Russian Federation,643,Original index,52,52,Original index,C,Total manufacturing,C,100.0,I,
2021,Russian Federation,643,Original index,52,52,Original index,C,Total manufacturing,C,107.25,I,
2022,Russian Federation,643,Original index,52,52,Original index,C,Total manufacturing,C,107.86,I,
2023,Russian Federation,643,Original index,52,52,Original index,C,Total manufacturing,C,117.02,I,
2024,Russian Federation,643,Original index,52,52,Original index,C,Total manufacturing,C,127.67,I,
2025,Russian Federation,643,Original index,52,52,Original index,C,Total manufacturing,C,132.23,I,
2011,Rwanda,646,Original index,52,52,Original index,C,Total manufacturing,C,43.22,I,
2012,Rwanda,646,Original index,52,52,Original index,C,Total manufacturing,C,50.21,I,
2013,Rwanda,646,Original index,52,52,Original index,C,Total manufacturing,C,50.23,I,
2014,Rwanda,646,Original index,52,52,Original index,C,Total manufacturing,C,55.38,I,
2015,Rwanda,646,Original index,52,52,Original index,C,Total manufacturing,C,64.08,I,
2016,Rwanda,646,Original index,52,52,Original index,C,Total manufacturing,C,67.74,I,
2017,Rwanda,646,Original index,52,52,Original index,C,Total manufacturing,C,71.68,I,
2018,Rwanda,646,Original index,52,52,Original index,C,Total manufacturing,C,92.28,I,
2019,Rwanda,646,Original index,52,52,Original index,C,Total manufacturing,C,100.43,I,
2020,Rwanda,646,Original index,52,52,Original index,C,Total manufacturing,C,100.0,I,
2021,Rwanda,646,Original index,52,52,Original index,C,Total manufacturing,C,109.6,I,
2022,Rwanda,646,Original index,52,52,Original index,C,Total manufacturing,C,124.39,I,
2023,Rwanda,646,Original index,52,52,Original index,C,Total manufacturing,C,128.82,I,
2024,Rwanda,646,Original index,52,52,Original index,C,Total manufacturing,C,146.37,I,
2025,Rwanda,646,Original index,52,52,Original index,C,Total manufacturing,C,151.93,I,
2006,Saint Kitts and Nevis,659,Original index,52,52,Original index,C,Total manufacturing,C,141.58,I,
2007,Saint Kitts and Nevis,659,Original index,52,52,Original index,C,Total manufacturing,C,150.24,I,
2008,Saint Kitts and Nevis,659,Original index,52,52,Original index,C,Total manufacturing,C,165.63,I,
2009,Saint Kitts and Nevis,659,Original index,52,52,Original index,C,Total manufacturing,C,162.16,I,
2010,Saint Kitts and Nevis,659,Original index,52,52,Original index,C,Total manufacturing,C,148.24,I,
2011,Saint Kitts and Nevis,659,Original index,52,52,Original index,C,Total manufacturing,C,134.67,I,
2012,Saint Kitts and Nevis,659,Original index,52,52,Original index,C,Total manufacturing,C,123.32,I,
2013,Saint Kitts and Nevis,659,Original index,52,52,Original index,C,Total manufacturing,C,125.73,I,
2014,Saint Kitts and Nevis,659,Original index,52,52,Original index,C,Total manufacturing,C,128.2,I,
2015,Saint Kitts and Nevis,659,Original index,52,52,Original index,C,Total manufacturing,C,128.31,I,
2016,Saint Kitts and Nevis,659,Original index,52,52,Original index,C,Total manufacturing,C,114.64,I,
2017,Saint Kitts and Nevis,659,Original index,52,52,Original index,C,Total manufacturing,C,112.15,I,
2018,Saint Kitts and Nevis,659,Original index,52,52,Original index,C,Total manufacturing,C,120.99,I,
2019,Saint Kitts and Nevis,659,Original index,52,52,Original index,C,Total manufacturing,C,124.45,I,
2020,Saint Kitts and Nevis,659,Original index,52,52,Original index,C,Total manufacturing,C,100.0,I,
2021,Saint Kitts and Nevis,659,Original index,52,52,Original index,C,Total manufacturing,C,89.64,I,
2022,Saint Kitts and Nevis,659,Original index,52,52,Original index,C,Total manufacturing,C,94.34,I,
2023,Saint Kitts and Nevis,659,Original index,52,52,Original index,C,Total manufacturing,C,85.91,I,
2006,Saint Lucia,662,Original index,52,52,Original index,C,Total manufacturing,C,69.68,I,
2007,Saint Lucia,662,Original index,52,52,Original index,C,Total manufacturing,C,71.04,I,
2008,Saint Lucia,662,Original index,52,52,Original index,C,Total manufacturing,C,73.95,I,
2009,Saint Lucia,662,Original index,52,52,Original index,C,Total manufacturing,C,75.37,I,
2010,Saint Lucia,662,Original index,52,52,Original index,C,Total manufacturing,C,77.48,I,
2011,Saint Lucia,662,Original index,52,52,Original index,C,Total manufacturing,C,78.71,I,
2012,Saint Lucia,662,Original index,52,52,Original index,C,Total manufacturing,C,83.79,I,
2013,Saint Lucia,662,Original index,52,52,Original index,C,Total manufacturing,C,91.09,I,
2014,Saint Lucia,662,Original index,52,52,Original index,C,Total manufacturing,C,91.09,I,
2015,Saint Lucia,662,Original index,52,52,Original index,C,Total manufacturing,C,91.58,I,
2016,Saint Lucia,662,Original index,52,52,Original index,C,Total manufacturing,C,94.62,I,
2017,Saint Lucia,662,Original index,52,52,Original index,C,Total manufacturing,C,94.31,I,
2018,Saint Lucia,662,Original index,52,52,Original index,C,Total manufacturing,C,100.25,I,
2019,Saint Lucia,662,Original index,52,52,Original index,C,Total manufacturing,C,100.0,I,
2020,Saint Lucia,662,Original index,52,52,Original index,C,Total manufacturing,C,100.0,I,
2021,Saint Lucia,662,Original index,52,52,Original index,C,Total manufacturing,C,104.21,I,
2022,Saint Lucia,662,Original index,52,52,Original index,C,Total manufacturing,C,108.29,I,
2023,Saint Lucia,662,Original index,52,52,Original index,C,Total manufacturing,C,108.6,I,
2024,Saint Lucia,662,Original index,52,52,Original index,C,Total manufacturing,C,109.65,I,
2013,Samoa,882,Original index,52,52,Original index,C,Total manufacturing,C,187.99,I,
2014,Samoa,882,Original index,52,52,Original index,C,Total manufacturing,C,174.6,I,
2015,Samoa,882,Original index,52,52,Original index,C,Total manufacturing,C,169.88,I,
2016,Samoa,882,Original index,52,52,Original index,C,Total manufacturing,C,181.46,I,
2017,Samoa,882,Original index,52,52,Original index,C,Total manufacturing,C,158.64,I,
2018,Samoa,882,Original index,52,52,Original index,C,Total manufacturing,C,126.37,I,
2019,Samoa,882,Original index,52,52,Original index,C,Total manufacturing,C,142.06,I,
2020,Samoa,882,Original index,52,52,Original index,C,Total manufacturing,C,100.0,I,
2021,Samoa,882,Original index,52,52,Original index,C,Total manufacturing,C,101.01,I,
2022,Samoa,882,Original index,52,52,Original index,C,Total manufacturing,C,106.11,I,
2023,Samoa,882,Original index,52,52,Original index,C,Total manufacturing,C,103.85,I,
2024,Samoa,882,Original index,52,52,Original index,C,Total manufacturing,C,110.42,I,
2025,Samoa,882,Original index,52,52,Original index,C,Total manufacturing,C,110.1,I,
2015,San Marino,674,Original index,52,52,Original index,C,Total manufacturing,C,90.87,I,
2016,San Marino,674,Original index,52,52,Original index,C,Total manufacturing,C,94.34,I,
2017,San Marino,674,Original index,52,52,Original index,C,Total manufacturing,C,93.91,I,
2018,San Marino,674,Original index,52,52,Original index,C,Total manufacturing,C,107.08,I,
2019,San Marino,674,Original index,52,52,Original index,C,Total manufacturing,C,103.99,I,
2020,San Marino,674,Original index,52,52,Original index,C,Total manufacturing,C,100.0,I,
2021,San Marino,674,Original index,52,52,Original index,C,Total manufacturing,C,112.94,I,
2008,Sao Tome and Principe,678,Original index,52,52,Original index,C,Total manufacturing,C,280.63,I,
2009,Sao Tome and Principe,678,Original index,52,52,Original index,C,Total manufacturing,C,327.88,I,
2010,Sao Tome and Principe,678,Original index,52,52,Original index,C,Total manufacturing,C,279.0,I,
2011,Sao Tome and Principe,678,Original index,52,52,Original index,C,Total manufacturing,C,187.29,I,
2012,Sao Tome and Principe,678,Original index,52,52,Original index,C,Total manufacturing,C,176.26,I,
2013,Sao Tome and Principe,678,Original index,52,52,Original index,C,Total manufacturing,C,190.24,I,
2014,Sao Tome and Principe,678,Original index,52,52,Original index,C,Total manufacturing,C,168.07,I,
2015,Sao Tome and Principe,678,Original index,52,52,Original index,C,Total manufacturing,C,200.53,I,
2016,Sao Tome and Principe,678,Original index,52,52,Original index,C,Total manufacturing,C,205.64,I,
2017,Sao Tome and Principe,678,Original index,52,52,Original index,C,Total manufacturing,C,205.55,I,
2018,Sao Tome and Principe,678,Original index,52,52,Original index,C,Total manufacturing,C,213.92,I,
2019,Sao Tome and Principe,678,Original index,52,52,Original index,C,Total manufacturing,C,219.44,I,
2020,Sao Tome and Principe,678,Original index,52,52,Original index,C,Total manufacturing,C,100.0,I,
2021,Sao Tome and Principe,678,Original index,52,52,Original index,C,Total manufacturing,C,96.92,I,
2022,Sao Tome and Principe,678,Original index,52,52,Original index,C,Total manufacturing,C,96.49,I,
2023,Sao Tome and Principe,678,Original index,52,52,Original index,C,Total manufacturing,C,93.74,I,
1995,Saudi Arabia,682,Original index,52,52,Original index,C,Total manufacturing,C,22.66,I,
1996,Saudi Arabia,682,Original index,52,52,Original index,C,Total manufacturing,C,25.86,I,
1997,Saudi Arabia,682,Original index,52,52,Original index,C,Total manufacturing,C,27.04,I,
1998,Saudi Arabia,682,Original index,52,52,Original index,C,Total manufacturing,C,27.66,I,
1999,Saudi Arabia,682,Original index,52,52,Original index,C,Total manufacturing,C,28.86,I,
2000,Saudi Arabia,682,Original index,52,52,Original index,C,Total manufacturing,C,30.24,I,
2001,Saudi Arabia,682,Original index,52,52,Original index,C,Total manufacturing,C,31.57,I,
2002,Saudi Arabia,682,Original index,52,52,Original index,C,Total manufacturing,C,32.67,I,
2003,Saudi Arabia,682,Original index,52,52,Original index,C,Total manufacturing,C,34.99,I,
2004,Saudi Arabia,682,Original index,52,52,Original index,C,Total manufacturing,C,39.74,I,
2005,Saudi Arabia,682,Original index,52,52,Original index,C,Total manufacturing,C,42.77,I,
2006,Saudi Arabia,682,Original index,52,52,Original index,C,Total manufacturing,C,47.11,I,
2007,Saudi Arabia,682,Original index,52,52,Original index,C,Total manufacturing,C,52.08,I,
2008,Saudi Arabia,682,Original index,52,52,Original index,C,Total manufacturing,C,57.54,I,
2009,Saudi Arabia,682,Original index,52,52,Original index,C,Total manufacturing,C,59.04,I,
2010,Saudi Arabia,682,Original index,52,52,Original index,C,Total manufacturing,C,65.02,I,
2011,Saudi Arabia,682,Original index,52,52,Original index,C,Total manufacturing,C,73.82,I,
2012,Saudi Arabia,682,Original index,52,52,Original index,C,Total manufacturing,C,75.71,I,
2013,Saudi Arabia,682,Original index,52,52,Original index,C,Total manufacturing,C,79.57,I,
2014,Saudi Arabia,682,Original index,52,52,Original index,C,Total manufacturing,C,88.09,I,
2015,Saudi Arabia,682,Original index,52,52,Original index,C,Total manufacturing,C,95.91,I,
2016,Saudi Arabia,682,Original index,52,52,Original index,C,Total manufacturing,C,99.65,I,
2017,Saudi Arabia,682,Original index,52,52,Original index,C,Total manufacturing,C,101.45,I,
2018,Saudi Arabia,682,Original index,52,52,Original index,C,Total manufacturing,C,140.75,I,
2019,Saudi Arabia,682,Original index,52,52,Original index,C,Total manufacturing,C,123.8,I,
2020,Saudi Arabia,682,Original index,52,52,Original index,C,Total manufacturing,C,100.0,I,
2021,Saudi Arabia,682,Original index,52,52,Original index,C,Total manufacturing,C,99.63,I,
2022,Saudi Arabia,682,Original index,52,52,Original index,C,Total manufacturing,C,121.55,I,
2023,Saudi Arabia,682,Original index,52,52,Original index,C,Total manufacturing,C,129.78,I,
2024,Saudi Arabia,682,Original index,52,52,Original index,C,Total manufacturing,C,135.89,I,
2025,Saudi Arabia,682,Original index,52,52,Original index,C,Total manufacturing,C,141.16,I,
2008,Senegal,686,Original index,52,52,Original index,C,Total manufacturing,C,77.8,I,
2009,Senegal,686,Original index,52,52,Original index,C,Total manufacturing,C,81.6,I,
2010,Senegal,686,Original index,52,52,Original index,C,Total manufacturing,C,85.74,I,
2011,Senegal,686,Original index,52,52,Original index,C,Total manufacturing,C,91.97,I,
2012,Senegal,686,Original index,52,52,Original index,C,Total manufacturing,C,90.63,I,
2013,Senegal,686,Original index,52,52,Original index,C,Total manufacturing,C,84.97,I,
2014,Senegal,686,Original index,52,52,Original index,C,Total manufacturing,C,83.31,I,
2015,Senegal,686,Original index,52,52,Original index,C,Total manufacturing,C,87.95,I,
2016,Senegal,686,Original index,52,52,Original index,C,Total manufacturing,C,98.71,I,
2017,Senegal,686,Original index,52,52,Original index,C,Total manufacturing,C,97.75,I,
2018,Senegal,686,Original index,52,52,Original index,C,Total manufacturing,C,92.64,I,
2019,Senegal,686,Original index,52,52,Original index,C,Total manufacturing,C,95.16,I,
2020,Senegal,686,Original index,52,52,Original index,C,Total manufacturing,C,100.0,I,
2021,Senegal,686,Original index,52,52,Original index,C,Total manufacturing,C,112.92,I,
2022,Senegal,686,Original index,52,52,Original index,C,Total manufacturing,C,114.84,I,
2023,Senegal,686,Original index,52,52,Original index,C,Total manufacturing,C,110.87,I,
2024,Senegal,686,Original index,52,52,Original index,C,Total manufacturing,C,110.39,I,
2025,Senegal,686,Original index,52,52,Original index,C,Total manufacturing,C,115.16,I,
2000,Serbia,688,Original index,52,52,Original index,C,Total manufacturing,C,83.59,I,
2001,Serbia,688,Original index,52,52,Original index,C,Total manufacturing,C,84.19,I,
2002,Serbia,688,Original index,52,52,Original index,C,Total manufacturing,C,86.52,I,
2003,Serbia,688,Original index,52,52,Original index,C,Total manufacturing,C,82.78,I,
2004,Serbia,688,Original index,52,52,Original index,C,Total manufacturing,C,89.65,I,
2005,Serbia,688,Original index,52,52,Original index,C,Total manufacturing,C,88.75,I,
2006,Serbia,688,Original index,52,52,Original index,C,Total manufacturing,C,92.68,I,
2007,Serbia,688,Original index,52,52,Original index,C,Total manufacturing,C,97.03,I,
2008,Serbia,688,Original index,52,52,Original index,C,Total manufacturing,C,98.09,I,
2009,Serbia,688,Original index,52,52,Original index,C,Total manufacturing,C,82.27,I,
2010,Serbia,688,Original index,52,52,Original index,C,Total manufacturing,C,84.5,I,
2011,Serbia,688,Original index,52,52,Original index,C,Total manufacturing,C,84.29,I,
2012,Serbia,688,Original index,52,52,Original index,C,Total manufacturing,C,83.44,I,
2013,Serbia,688,Original index,52,52,Original index,C,Total manufacturing,C,87.47,I,
2014,Serbia,688,Original index,52,52,Original index,C,Total manufacturing,C,83.33,I,
2015,Serbia,688,Original index,52,52,Original index,C,Total manufacturing,C,88.11,I,
2016,Serbia,688,Original index,52,52,Original index,C,Total manufacturing,C,93.42,I,
2017,Serbia,688,Original index,52,52,Original index,C,Total manufacturing,C,99.26,I,
2018,Serbia,688,Original index,52,52,Original index,C,Total manufacturing,C,100.96,I,
2019,Serbia,688,Original index,52,52,Original index,C,Total manufacturing,C,100.74,I,
2020,Serbia,688,Original index,52,52,Original index,C,Total manufacturing,C,100.0,I,
2021,Serbia,688,Original index,52,52,Original index,C,Total manufacturing,C,106.16,I,
2022,Serbia,688,Original index,52,52,Original index,C,Total manufacturing,C,107.64,I,
2023,Serbia,688,Original index,52,52,Original index,C,Total manufacturing,C,108.7,I,
2024,Serbia,688,Original index,52,52,Original index,C,Total manufacturing,C,113.8,I,
2025,Serbia,688,Original index,52,52,Original index,C,Total manufacturing,C,114.97,I,
2013,Seychelles,690,Original index,52,52,Original index,C,Total manufacturing,C,93.26,I,
2014,Seychelles,690,Original index,52,52,Original index,C,Total manufacturing,C,88.38,I,
2015,Seychelles,690,Original index,52,52,Original index,C,Total manufacturing,C,94.46,I,
2016,Seychelles,690,Original index,52,52,Original index,C,Total manufacturing,C,99.08,I,
2017,Seychelles,690,Original index,52,52,Original index,C,Total manufacturing,C,97.42,I,
2018,Seychelles,690,Original index,52,52,Original index,C,Total manufacturing,C,101.31,I,
2019,Seychelles,690,Original index,52,52,Original index,C,Total manufacturing,C,102.34,I,
2020,Seychelles,690,Original index,52,52,Original index,C,Total manufacturing,C,100.0,I,
2021,Seychelles,690,Original index,52,52,Original index,C,Total manufacturing,C,92.7,I,
2022,Seychelles,690,Original index,52,52,Original index,C,Total manufacturing,C,97.9,I,
2023,Seychelles,690,Original index,52,52,Original index,C,Total manufacturing,C,97.02,I,
2024,Seychelles,690,Original index,52,52,Original index,C,Total manufacturing,C,93.31,I,
2025,Seychelles,690,Original index,52,52,Original index,C,Total manufacturing,C,99.9,I,
2001,Sierra Leone,694,Original index,52,52,Original index,C,Total manufacturing,C,51.9,I,
2002,Sierra Leone,694,Original index,52,52,Original index,C,Total manufacturing,C,58.52,I,
2003,Sierra Leone,694,Original index,52,52,Original index,C,Total manufacturing,C,57.88,I,
2004,Sierra Leone,694,Original index,52,52,Original index,C,Total manufacturing,C,58.51,I,
2005,Sierra Leone,694,Original index,52,52,Original index,C,Total manufacturing,C,60.57,I,
2006,Sierra Leone,694,Original index,52,52,Original index,C,Total manufacturing,C,70.51,I,
2007,Sierra Leone,694,Original index,52,52,Original index,C,Total manufacturing,C,71.32,I,
2008,Sierra Leone,694,Original index,52,52,Original index,C,Total manufacturing,C,72.39,I,
2009,Sierra Leone,694,Original index,52,52,Original index,C,Total manufacturing,C,67.46,I,
2010,Sierra Leone,694,Original index,52,52,Original index,C,Total manufacturing,C,73.59,I,
2011,Sierra Leone,694,Original index,52,52,Original index,C,Total manufacturing,C,84.62,I,
2012,Sierra Leone,694,Original index,52,52,Original index,C,Total manufacturing,C,93.59,I,
2013,Sierra Leone,694,Original index,52,52,Original index,C,Total manufacturing,C,90.17,I,
2014,Sierra Leone,694,Original index,52,52,Original index,C,Total manufacturing,C,83.75,I,
2015,Sierra Leone,694,Original index,52,52,Original index,C,Total manufacturing,C,84.06,I,
2016,Sierra Leone,694,Original index,52,52,Original index,C,Total manufacturing,C,88.11,I,
2017,Sierra Leone,694,Original index,52,52,Original index,C,Total manufacturing,C,92.46,I,
2018,Sierra Leone,694,Original index,52,52,Original index,C,Total manufacturing,C,93.83,I,
2019,Sierra Leone,694,Original index,52,52,Original index,C,Total manufacturing,C,99.73,I,
2020,Sierra Leone,694,Original index,52,52,Original index,C,Total manufacturing,C,100.0,I,
2021,Sierra Leone,694,Original index,52,52,Original index,C,Total manufacturing,C,103.77,I,
2022,Sierra Leone,694,Original index,52,52,Original index,C,Total manufacturing,C,105.96,I,
2023,Sierra Leone,694,Original index,52,52,Original index,C,Total manufacturing,C,108.09,I,
2024,Sierra Leone,694,Original index,52,52,Original index,C,Total manufacturing,C,108.27,I,
1981,Singapore,702,Original index,52,52,Original index,C,Total manufacturing,C,11.1,I,
1982,Singapore,702,Original index,52,52,Original index,C,Total manufacturing,C,10.49,I,
1983,Singapore,702,Original index,52,52,Original index,C,Total manufacturing,C,10.7,I,
1984,Singapore,702,Original index,52,52,Original index,C,Total manufacturing,C,11.67,I,
1985,Singapore,702,Original index,52,52,Original index,C,Total manufacturing,C,10.81,I,
1986,Singapore,702,Original index,52,52,Original index,C,Total manufacturing,C,11.73,I,
1987,Singapore,702,Original index,52,52,Original index,C,Total manufacturing,C,13.77,I,
1988,Singapore,702,Original index,52,52,Original index,C,Total manufacturing,C,16.29,I,
1989,Singapore,702,Original index,52,52,Original index,C,Total manufacturing,C,17.94,I,
1990,Singapore,702,Original index,52,52,Original index,C,Total manufacturing,C,19.73,I,
1991,Singapore,702,Original index,52,52,Original index,C,Total manufacturing,C,20.81,I,
1992,Singapore,702,Original index,52,52,Original index,C,Total manufacturing,C,21.3,I,
1993,Singapore,702,Original index,52,52,Original index,C,Total manufacturing,C,23.47,I,
1994,Singapore,702,Original index,52,52,Original index,C,Total manufacturing,C,26.52,I,
1995,Singapore,702,Original index,52,52,Original index,C,Total manufacturing,C,29.27,I,
1996,Singapore,702,Original index,52,52,Original index,C,Total manufacturing,C,30.24,I,
1997,Singapore,702,Original index,52,52,Original index,C,Total manufacturing,C,31.6,I,
1998,Singapore,702,Original index,52,52,Original index,C,Total manufacturing,C,31.49,I,
1999,Singapore,702,Original index,52,52,Original index,C,Total manufacturing,C,35.87,I,
2000,Singapore,702,Original index,52,52,Original index,C,Total manufacturing,C,41.37,I,
2001,Singapore,702,Original index,52,52,Original index,C,Total manufacturing,C,36.57,I,
2002,Singapore,702,Original index,52,52,Original index,C,Total manufacturing,C,39.64,I,
2003,Singapore,702,Original index,52,52,Original index,C,Total manufacturing,C,40.84,I,
2004,Singapore,702,Original index,52,52,Original index,C,Total manufacturing,C,46.49,I,
2005,Singapore,702,Original index,52,52,Original index,C,Total manufacturing,C,50.92,I,
2006,Singapore,702,Original index,52,52,Original index,C,Total manufacturing,C,56.98,I,
2007,Singapore,702,Original index,52,52,Original index,C,Total manufacturing,C,60.37,I,
2008,Singapore,702,Original index,52,52,Original index,C,Total manufacturing,C,57.84,I,
2009,Singapore,702,Original index,52,52,Original index,C,Total manufacturing,C,55.44,I,
2010,Singapore,702,Original index,52,52,Original index,C,Total manufacturing,C,71.89,I,
2011,Singapore,702,Original index,52,52,Original index,C,Total manufacturing,C,77.51,I,
2012,Singapore,702,Original index,52,52,Original index,C,Total manufacturing,C,77.75,I,
2013,Singapore,702,Original index,52,52,Original index,C,Total manufacturing,C,79.05,I,
2014,Singapore,702,Original index,52,52,Original index,C,Total manufacturing,C,81.17,I,
2015,Singapore,702,Original index,52,52,Original index,C,Total manufacturing,C,77.01,I,
2016,Singapore,702,Original index,52,52,Original index,C,Total manufacturing,C,79.86,I,
2017,Singapore,702,Original index,52,52,Original index,C,Total manufacturing,C,88.17,I,
2018,Singapore,702,Original index,52,52,Original index,C,Total manufacturing,C,94.37,I,
2019,Singapore,702,Original index,52,52,Original index,C,Total manufacturing,C,93.0,I,
2020,Singapore,702,Original index,52,52,Original index,C,Total manufacturing,C,100.0,I,
2021,Singapore,702,Original index,52,52,Original index,C,Total manufacturing,C,113.3,I,
2022,Singapore,702,Original index,52,52,Original index,C,Total manufacturing,C,116.36,I,
2023,Singapore,702,Original index,52,52,Original index,C,Total manufacturing,C,111.44,I,
2024,Singapore,702,Original index,52,52,Original index,C,Total manufacturing,C,115.63,I,
2025,Singapore,702,Original index,52,52,Original index,C,Total manufacturing,C,125.71,I,
1990,Slovakia,703,Original index,52,52,Original index,C,Total manufacturing,C,34.59,I,
1991,Slovakia,703,Original index,52,52,Original index,C,Total manufacturing,C,29.75,I,
1992,Slovakia,703,Original index,52,52,Original index,C,Total manufacturing,C,24.87,I,
1993,Slovakia,703,Original index,52,52,Original index,C,Total manufacturing,C,23.45,I,
1994,Slovakia,703,Original index,52,52,Original index,C,Total manufacturing,C,24.52,I,
1995,Slovakia,703,Original index,52,52,Original index,C,Total manufacturing,C,27.05,I,
1996,Slovakia,703,Original index,52,52,Original index,C,Total manufacturing,C,27.67,I,
1997,Slovakia,703,Original index,52,52,Original index,C,Total manufacturing,C,28.12,I,
1998,Slovakia,703,Original index,52,52,Original index,C,Total manufacturing,C,29.85,I,
1999,Slovakia,703,Original index,52,52,Original index,C,Total manufacturing,C,28.81,I,
2000,Slovakia,703,Original index,52,52,Original index,C,Total manufacturing,C,31.55,I,
2001,Slovakia,703,Original index,52,52,Original index,C,Total manufacturing,C,32.82,I,
2002,Slovakia,703,Original index,52,52,Original index,C,Total manufacturing,C,35.9,I,
2003,Slovakia,703,Original index,52,52,Original index,C,Total manufacturing,C,43.64,I,
2004,Slovakia,703,Original index,52,52,Original index,C,Total manufacturing,C,45.18,I,
2005,Slovakia,703,Original index,52,52,Original index,C,Total manufacturing,C,44.54,I,
2006,Slovakia,703,Original index,52,52,Original index,C,Total manufacturing,C,53.91,I,
2007,Slovakia,703,Original index,52,52,Original index,C,Total manufacturing,C,65.27,I,
2008,Slovakia,703,Original index,52,52,Original index,C,Total manufacturing,C,94.82,I,
2009,Slovakia,703,Original index,52,52,Original index,C,Total manufacturing,C,78.5,I,
2010,Slovakia,703,Original index,52,52,Original index,C,Total manufacturing,C,90.52,I,
2011,Slovakia,703,Original index,52,52,Original index,C,Total manufacturing,C,95.26,I,
2012,Slovakia,703,Original index,52,52,Original index,C,Total manufacturing,C,106.62,I,
2013,Slovakia,703,Original index,52,52,Original index,C,Total manufacturing,C,106.06,I,
2014,Slovakia,703,Original index,52,52,Original index,C,Total manufacturing,C,110.14,I,
2015,Slovakia,703,Original index,52,52,Original index,C,Total manufacturing,C,115.66,I,
2016,Slovakia,703,Original index,52,52,Original index,C,Total manufacturing,C,118.41,I,
2017,Slovakia,703,Original index,52,52,Original index,C,Total manufacturing,C,119.85,I,
2018,Slovakia,703,Original index,52,52,Original index,C,Total manufacturing,C,119.74,I,
2019,Slovakia,703,Original index,52,52,Original index,C,Total manufacturing,C,111.58,I,
2020,Slovakia,703,Original index,52,52,Original index,C,Total manufacturing,C,100.0,I,
2021,Slovakia,703,Original index,52,52,Original index,C,Total manufacturing,C,110.25,I,
2022,Slovakia,703,Original index,52,52,Original index,C,Total manufacturing,C,109.15,I,
2023,Slovakia,703,Original index,52,52,Original index,C,Total manufacturing,C,110.25,I,
2024,Slovakia,703,Original index,52,52,Original index,C,Total manufacturing,C,109.48,I,
2025,Slovakia,703,Original index,52,52,Original index,C,Total manufacturing,C,107.94,I,
1981,Slovenia,705,Original index,52,52,Original index,C,Total manufacturing,C,74.58,I,
1982,Slovenia,705,Original index,52,52,Original index,C,Total manufacturing,C,75.17,I,
1983,Slovenia,705,Original index,52,52,Original index,C,Total manufacturing,C,77.73,I,
1984,Slovenia,705,Original index,52,52,Original index,C,Total manufacturing,C,79.56,I,
1985,Slovenia,705,Original index,52,52,Original index,C,Total manufacturing,C,80.88,I,
1986,Slovenia,705,Original index,52,52,Original index,C,Total manufacturing,C,82.49,I,
1987,Slovenia,705,Original index,52,52,Original index,C,Total manufacturing,C,81.32,I,
1988,Slovenia,705,Original index,52,52,Original index,C,Total manufacturing,C,79.27,I,
1989,Slovenia,705,Original index,52,52,Original index,C,Total manufacturing,C,80.0,I,
1990,Slovenia,705,Original index,52,52,Original index,C,Total manufacturing,C,71.8,I,
1991,Slovenia,705,Original index,52,52,Original index,C,Total manufacturing,C,62.27,I,
1992,Slovenia,705,Original index,52,52,Original index,C,Total manufacturing,C,53.33,I,
1993,Slovenia,705,Original index,52,52,Original index,C,Total manufacturing,C,52.01,I,
1994,Slovenia,705,Original index,52,52,Original index,C,Total manufacturing,C,55.46,I,
1995,Slovenia,705,Original index,52,52,Original index,C,Total manufacturing,C,56.92,I,
1996,Slovenia,705,Original index,52,52,Original index,C,Total manufacturing,C,57.58,I,
1997,Slovenia,705,Original index,52,52,Original index,C,Total manufacturing,C,57.73,I,
1998,Slovenia,705,Original index,52,52,Original index,C,Total manufacturing,C,60.0,I,
1999,Slovenia,705,Original index,52,52,Original index,C,Total manufacturing,C,59.94,I,
2000,Slovenia,705,Original index,52,52,Original index,C,Total manufacturing,C,64.17,I,
2001,Slovenia,705,Original index,52,52,Original index,C,Total manufacturing,C,65.98,I,
2002,Slovenia,705,Original index,52,52,Original index,C,Total manufacturing,C,67.28,I,
2003,Slovenia,705,Original index,52,52,Original index,C,Total manufacturing,C,68.38,I,
2004,Slovenia,705,Original index,52,52,Original index,C,Total manufacturing,C,71.36,I,
2005,Slovenia,705,Original index,52,52,Original index,C,Total manufacturing,C,74.19,I,
2006,Slovenia,705,Original index,52,52,Original index,C,Total manufacturing,C,78.77,I,
2007,Slovenia,705,Original index,52,52,Original index,C,Total manufacturing,C,85.47,I,
2008,Slovenia,705,Original index,52,52,Original index,C,Total manufacturing,C,87.71,I,
2009,Slovenia,705,Original index,52,52,Original index,C,Total manufacturing,C,71.28,I,
2010,Slovenia,705,Original index,52,52,Original index,C,Total manufacturing,C,76.76,I,
2011,Slovenia,705,Original index,52,52,Original index,C,Total manufacturing,C,77.65,I,
2012,Slovenia,705,Original index,52,52,Original index,C,Total manufacturing,C,75.75,I,
2013,Slovenia,705,Original index,52,52,Original index,C,Total manufacturing,C,74.64,I,
2014,Slovenia,705,Original index,52,52,Original index,C,Total manufacturing,C,77.77,I,
2015,Slovenia,705,Original index,52,52,Original index,C,Total manufacturing,C,82.57,I,
2016,Slovenia,705,Original index,52,52,Original index,C,Total manufacturing,C,88.83,I,
2017,Slovenia,705,Original index,52,52,Original index,C,Total manufacturing,C,96.09,I,
2018,Slovenia,705,Original index,52,52,Original index,C,Total manufacturing,C,101.56,I,
2019,Slovenia,705,Original index,52,52,Original index,C,Total manufacturing,C,105.14,I,
2020,Slovenia,705,Original index,52,52,Original index,C,Total manufacturing,C,100.0,I,
2021,Slovenia,705,Original index,52,52,Original index,C,Total manufacturing,C,111.73,I,
2022,Slovenia,705,Original index,52,52,Original index,C,Total manufacturing,C,116.09,I,
2023,Slovenia,705,Original index,52,52,Original index,C,Total manufacturing,C,110.84,I,
2024,Slovenia,705,Original index,52,52,Original index,C,Total manufacturing,C,112.18,I,
2025,Slovenia,705,Original index,52,52,Original index,C,Total manufacturing,C,110.95,I,
2005,Solomon Islands,090,Original index,52,52,Original index,C,Total manufacturing,C,67.4,I,
2006,Solomon Islands,090,Original index,52,52,Original index,C,Total manufacturing,C,74.62,I,
2007,Solomon Islands,090,Original index,52,52,Original index,C,Total manufacturing,C,91.54,I,
2008,Solomon Islands,090,Original index,52,52,Original index,C,Total manufacturing,C,89.98,I,
2009,Solomon Islands,090,Original index,52,52,Original index,C,Total manufacturing,C,89.98,I,
2010,Solomon Islands,090,Original index,52,52,Original index,C,Total manufacturing,C,97.65,I,
2011,Solomon Islands,090,Original index,52,52,Original index,C,Total manufacturing,C,99.87,I,
2012,Solomon Islands,090,Original index,52,52,Original index,C,Total manufacturing,C,101.98,I,
2013,Solomon Islands,090,Original index,52,52,Original index,C,Total manufacturing,C,100.8,I,
2014,Solomon Islands,090,Original index,52,52,Original index,C,Total manufacturing,C,89.15,I,
2015,Solomon Islands,090,Original index,52,52,Original index,C,Total manufacturing,C,78.09,I,
2016,Solomon Islands,090,Original index,52,52,Original index,C,Total manufacturing,C,87.11,I,
2017,Solomon Islands,090,Original index,52,52,Original index,C,Total manufacturing,C,102.64,I,
2018,Solomon Islands,090,Original index,52,52,Original index,C,Total manufacturing,C,103.08,I,
2019,Solomon Islands,090,Original index,52,52,Original index,C,Total manufacturing,C,103.36,I,
2020,Solomon Islands,090,Original index,52,52,Original index,C,Total manufacturing,C,100.0,I,
2021,Solomon Islands,090,Original index,52,52,Original index,C,Total manufacturing,C,97.22,I,
2022,Solomon Islands,090,Original index,52,52,Original index,C,Total manufacturing,C,91.33,I,
1998,South Africa,710,Original index,52,52,Original index,C,Total manufacturing,C,94.83,I,
1999,South Africa,710,Original index,52,52,Original index,C,Total manufacturing,C,94.23,I,
2000,South Africa,710,Original index,52,52,Original index,C,Total manufacturing,C,98.16,I,
2001,South Africa,710,Original index,52,52,Original index,C,Total manufacturing,C,100.09,I,
2002,South Africa,710,Original index,52,52,Original index,C,Total manufacturing,C,104.43,I,
2003,South Africa,710,Original index,52,52,Original index,C,Total manufacturing,C,102.04,I,
2004,South Africa,710,Original index,52,52,Original index,C,Total manufacturing,C,106.27,I,
2005,South Africa,710,Original index,52,52,Original index,C,Total manufacturing,C,109.35,I,
2006,South Africa,710,Original index,52,52,Original index,C,Total manufacturing,C,114.41,I,
2007,South Africa,710,Original index,52,52,Original index,C,Total manufacturing,C,119.27,I,
2008,South Africa,710,Original index,52,52,Original index,C,Total manufacturing,C,118.83,I,
2009,South Africa,710,Original index,52,52,Original index,C,Total manufacturing,C,102.41,I,
2010,South Africa,710,Original index,52,52,Original index,C,Total manufacturing,C,107.16,I,
2011,South Africa,710,Original index,52,52,Original index,C,Total manufacturing,C,110.17,I,
2012,South Africa,710,Original index,52,52,Original index,C,Total manufacturing,C,112.6,I,
2013,South Africa,710,Original index,52,52,Original index,C,Total manufacturing,C,114.08,I,
2014,South Africa,710,Original index,52,52,Original index,C,Total manufacturing,C,114.2,I,
2015,South Africa,710,Original index,52,52,Original index,C,Total manufacturing,C,114.18,I,
2016,South Africa,710,Original index,52,52,Original index,C,Total manufacturing,C,114.99,I,
2017,South Africa,710,Original index,52,52,Original index,C,Total manufacturing,C,114.22,I,
2018,South Africa,710,Original index,52,52,Original index,C,Total manufacturing,C,115.32,I,
2019,South Africa,710,Original index,52,52,Original index,C,Total manufacturing,C,114.05,I,
2020,South Africa,710,Original index,52,52,Original index,C,Total manufacturing,C,100.0,I,
2021,South Africa,710,Original index,52,52,Original index,C,Total manufacturing,C,106.22,I,
2022,South Africa,710,Original index,52,52,Original index,C,Total manufacturing,C,106.25,I,
2023,South Africa,710,Original index,52,52,Original index,C,Total manufacturing,C,106.9,I,
2024,South Africa,710,Original index,52,52,Original index,C,Total manufacturing,C,106.46,I,
2025,South Africa,710,Original index,52,52,Original index,C,Total manufacturing,C,105.1,I,
1981,Spain,724,Original index,52,52,Original index,C,Total manufacturing,C,87.13,I,
1982,Spain,724,Original index,52,52,Original index,C,Total manufacturing,C,85.56,I,
1983,Spain,724,Original index,52,52,Original index,C,Total manufacturing,C,87.68,I,
1984,Spain,724,Original index,52,52,Original index,C,Total manufacturing,C,88.16,I,
1985,Spain,724,Original index,52,52,Original index,C,Total manufacturing,C,89.74,I,
1986,Spain,724,Original index,52,52,Original index,C,Total manufacturing,C,93.09,I,
1987,Spain,724,Original index,52,52,Original index,C,Total manufacturing,C,98.23,I,
1988,Spain,724,Original index,52,52,Original index,C,Total manufacturing,C,101.38,I,
1989,Spain,724,Original index,52,52,Original index,C,Total manufacturing,C,105.77,I,
1990,Spain,724,Original index,52,52,Original index,C,Total manufacturing,C,105.7,I,
1991,Spain,724,Original index,52,52,Original index,C,Total manufacturing,C,103.58,I,
1992,Spain,724,Original index,52,52,Original index,C,Total manufacturing,C,100.83,I,
1993,Spain,724,Original index,52,52,Original index,C,Total manufacturing,C,95.66,I,
1994,Spain,724,Original index,52,52,Original index,C,Total manufacturing,C,103.79,I,
1995,Spain,724,Original index,52,52,Original index,C,Total manufacturing,C,109.18,I,
1996,Spain,724,Original index,52,52,Original index,C,Total manufacturing,C,108.44,I,
1997,Spain,724,Original index,52,52,Original index,C,Total manufacturing,C,116.37,I,
1998,Spain,724,Original index,52,52,Original index,C,Total manufacturing,C,123.56,I,
1999,Spain,724,Original index,52,52,Original index,C,Total manufacturing,C,126.41,I,
2000,Spain,724,Original index,52,52,Original index,C,Total manufacturing,C,130.64,I,
2001,Spain,724,Original index,52,52,Original index,C,Total manufacturing,C,128.38,I,
2002,Spain,724,Original index,52,52,Original index,C,Total manufacturing,C,128.27,I,
2003,Spain,724,Original index,52,52,Original index,C,Total manufacturing,C,130.02,I,
2004,Spain,724,Original index,52,52,Original index,C,Total manufacturing,C,131.98,I,
2005,Spain,724,Original index,52,52,Original index,C,Total manufacturing,C,131.57,I,
2006,Spain,724,Original index,52,52,Original index,C,Total manufacturing,C,136.86,I,
2007,Spain,724,Original index,52,52,Original index,C,Total manufacturing,C,140.22,I,
2008,Spain,724,Original index,52,52,Original index,C,Total manufacturing,C,129.3,I,
2009,Spain,724,Original index,52,52,Original index,C,Total manufacturing,C,107.24,I,
2010,Spain,724,Original index,52,52,Original index,C,Total manufacturing,C,108.0,I,
2011,Spain,724,Original index,52,52,Original index,C,Total manufacturing,C,106.27,I,
2012,Spain,724,Original index,52,52,Original index,C,Total manufacturing,C,98.16,I,
2013,Spain,724,Original index,52,52,Original index,C,Total manufacturing,C,96.86,I,
2014,Spain,724,Original index,52,52,Original index,C,Total manufacturing,C,99.03,I,
2015,Spain,724,Original index,52,52,Original index,C,Total manufacturing,C,103.03,I,
2016,Spain,724,Original index,52,52,Original index,C,Total manufacturing,C,105.3,I,
2017,Spain,724,Original index,52,52,Original index,C,Total manufacturing,C,108.65,I,
2018,Spain,724,Original index,52,52,Original index,C,Total manufacturing,C,110.27,I,
2019,Spain,724,Original index,52,52,Original index,C,Total manufacturing,C,111.14,I,
2020,Spain,724,Original index,52,52,Original index,C,Total manufacturing,C,100.0,I,
2021,Spain,724,Original index,52,52,Original index,C,Total manufacturing,C,108.11,I,
2022,Spain,724,Original index,52,52,Original index,C,Total manufacturing,C,109.95,I,
2023,Spain,724,Original index,52,52,Original index,C,Total manufacturing,C,108.86,I,
2024,Spain,724,Original index,52,52,Original index,C,Total manufacturing,C,110.16,I,
2025,Spain,724,Original index,52,52,Original index,C,Total manufacturing,C,110.92,I,
1981,Sri Lanka,144,Original index,52,52,Original index,C,Total manufacturing,C,39.58,I,
1982,Sri Lanka,144,Original index,52,52,Original index,C,Total manufacturing,C,40.64,I,
1983,Sri Lanka,144,Original index,52,52,Original index,C,Total manufacturing,C,34.8,I,
1984,Sri Lanka,144,Original index,52,52,Original index,C,Total manufacturing,C,37.11,I,
1985,Sri Lanka,144,Original index,52,52,Original index,C,Total manufacturing,C,53.26,I,
1986,Sri Lanka,144,Original index,52,52,Original index,C,Total manufacturing,C,57.49,I,
1987,Sri Lanka,144,Original index,52,52,Original index,C,Total manufacturing,C,52.48,I,
1988,Sri Lanka,144,Original index,52,52,Original index,C,Total manufacturing,C,51.07,I,
1989,Sri Lanka,144,Original index,52,52,Original index,C,Total manufacturing,C,54.41,I,
1990,Sri Lanka,144,Original index,52,52,Original index,C,Total manufacturing,C,64.84,I,
1991,Sri Lanka,144,Original index,52,52,Original index,C,Total manufacturing,C,69.25,I,
1992,Sri Lanka,144,Original index,52,52,Original index,C,Total manufacturing,C,73.72,I,
1993,Sri Lanka,144,Original index,52,52,Original index,C,Total manufacturing,C,76.9,I,
1994,Sri Lanka,144,Original index,52,52,Original index,C,Total manufacturing,C,81.05,I,
1995,Sri Lanka,144,Original index,52,52,Original index,C,Total manufacturing,C,85.33,I,
1996,Sri Lanka,144,Original index,52,52,Original index,C,Total manufacturing,C,79.82,I,
1997,Sri Lanka,144,Original index,52,52,Original index,C,Total manufacturing,C,77.68,I,
1998,Sri Lanka,144,Original index,52,52,Original index,C,Total manufacturing,C,82.96,I,
1999,Sri Lanka,144,Original index,52,52,Original index,C,Total manufacturing,C,84.82,I,
2000,Sri Lanka,144,Original index,52,52,Original index,C,Total manufacturing,C,86.22,I,
2001,Sri Lanka,144,Original index,52,52,Original index,C,Total manufacturing,C,89.33,I,
2002,Sri Lanka,144,Original index,52,52,Original index,C,Total manufacturing,C,93.21,I,
2003,Sri Lanka,144,Original index,52,52,Original index,C,Total manufacturing,C,93.91,I,
2004,Sri Lanka,144,Original index,52,52,Original index,C,Total manufacturing,C,96.71,I,
2005,Sri Lanka,144,Original index,52,52,Original index,C,Total manufacturing,C,100.2,I,
2006,Sri Lanka,144,Original index,52,52,Original index,C,Total manufacturing,C,103.78,I,
2007,Sri Lanka,144,Original index,52,52,Original index,C,Total manufacturing,C,78.81,I,
2008,Sri Lanka,144,Original index,52,52,Original index,C,Total manufacturing,C,78.77,I,
2009,Sri Lanka,144,Original index,52,52,Original index,C,Total manufacturing,C,76.21,I,
2010,Sri Lanka,144,Original index,52,52,Original index,C,Total manufacturing,C,87.6,I,
2011,Sri Lanka,144,Original index,52,52,Original index,C,Total manufacturing,C,90.64,I,
2012,Sri Lanka,144,Original index,52,52,Original index,C,Total manufacturing,C,93.5,I,
2013,Sri Lanka,144,Original index,52,52,Original index,C,Total manufacturing,C,95.62,I,
2014,Sri Lanka,144,Original index,52,52,Original index,C,Total manufacturing,C,98.05,I,
2015,Sri Lanka,144,Original index,52,52,Original index,C,Total manufacturing,C,102.96,I,
2016,Sri Lanka,144,Original index,52,52,Original index,C,Total manufacturing,C,106.33,I,
2017,Sri Lanka,144,Original index,52,52,Original index,C,Total manufacturing,C,108.97,I,
2018,Sri Lanka,144,Original index,52,52,Original index,C,Total manufacturing,C,109.85,I,
2019,Sri Lanka,144,Original index,52,52,Original index,C,Total manufacturing,C,111.31,I,
2020,Sri Lanka,144,Original index,52,52,Original index,C,Total manufacturing,C,100.0,I,
2021,Sri Lanka,144,Original index,52,52,Original index,C,Total manufacturing,C,107.34,I,
2022,Sri Lanka,144,Original index,52,52,Original index,C,Total manufacturing,C,94.35,I,
2023,Sri Lanka,144,Original index,52,52,Original index,C,Total manufacturing,C,90.95,I,
2024,Sri Lanka,144,Original index,52,52,Original index,C,Total manufacturing,C,95.54,I,
2025,Sri Lanka,144,Original index,52,52,Original index,C,Total manufacturing,C,100.66,I,
2000,State of Palestine,275,Original index,52,52,Original index,C,Total manufacturing,C,64.62,I,
2001,State of Palestine,275,Original index,52,52,Original index,C,Total manufacturing,C,63.9,I,
2002,State of Palestine,275,Original index,52,52,Original index,C,Total manufacturing,C,48.69,I,
2003,State of Palestine,275,Original index,52,52,Original index,C,Total manufacturing,C,65.74,I,
2004,State of Palestine,275,Original index,52,52,Original index,C,Total manufacturing,C,65.21,I,
2005,State of Palestine,275,Original index,52,52,Original index,C,Total manufacturing,C,81.91,I,
2006,State of Palestine,275,Original index,52,52,Original index,C,Total manufacturing,C,60.14,I,
2007,State of Palestine,275,Original index,52,52,Original index,C,Total manufacturing,C,67.57,I,
2008,State of Palestine,275,Original index,52,52,Original index,C,Total manufacturing,C,89.55,I,
2009,State of Palestine,275,Original index,52,52,Original index,C,Total manufacturing,C,96.7,I,
2010,State of Palestine,275,Original index,52,52,Original index,C,Total manufacturing,C,106.04,I,
2011,State of Palestine,275,Original index,52,52,Original index,C,Total manufacturing,C,103.54,I,
2012,State of Palestine,275,Original index,52,52,Original index,C,Total manufacturing,C,105.05,I,
2013,State of Palestine,275,Original index,52,52,Original index,C,Total manufacturing,C,113.66,I,
2014,State of Palestine,275,Original index,52,52,Original index,C,Total manufacturing,C,108.15,I,
2015,State of Palestine,275,Original index,52,52,Original index,C,Total manufacturing,C,104.09,I,
2016,State of Palestine,275,Original index,52,52,Original index,C,Total manufacturing,C,108.07,I,
2017,State of Palestine,275,Original index,52,52,Original index,C,Total manufacturing,C,111.57,I,
2018,State of Palestine,275,Original index,52,52,Original index,C,Total manufacturing,C,107.52,I,
2019,State of Palestine,275,Original index,52,52,Original index,C,Total manufacturing,C,111.69,I,
2020,State of Palestine,275,Original index,52,52,Original index,C,Total manufacturing,C,100.0,I,
2021,State of Palestine,275,Original index,52,52,Original index,C,Total manufacturing,C,116.09,I,
2022,State of Palestine,275,Original index,52,52,Original index,C,Total manufacturing,C,119.65,I,
2023,State of Palestine,275,Original index,52,52,Original index,C,Total manufacturing,C,108.99,I,
2024,State of Palestine,275,Original index,52,52,Original index,C,Total manufacturing,C,85.26,I,
2025,State of Palestine,275,Original index,52,52,Original index,C,Total manufacturing,C,89.08,I,
2010,Suriname,740,Original index,52,52,Original index,C,Total manufacturing,C,93.93,I,
2011,Suriname,740,Original index,52,52,Original index,C,Total manufacturing,C,95.6,I,
2012,Suriname,740,Original index,52,52,Original index,C,Total manufacturing,C,78.27,I,
2013,Suriname,740,Original index,52,52,Original index,C,Total manufacturing,C,85.09,I,
2014,Suriname,740,Original index,52,52,Original index,C,Total manufacturing,C,78.15,I,
2015,Suriname,740,Original index,52,52,Original index,C,Total manufacturing,C,78.98,I,
2016,Suriname,740,Original index,52,52,Original index,C,Total manufacturing,C,82.54,I,
2017,Suriname,740,Original index,52,52,Original index,C,Total manufacturing,C,100.58,I,
2018,Suriname,740,Original index,52,52,Original index,C,Total manufacturing,C,106.46,I,
2019,Suriname,740,Original index,52,52,Original index,C,Total manufacturing,C,98.23,I,
2020,Suriname,740,Original index,52,52,Original index,C,Total manufacturing,C,100.0,I,
1981,Sweden,752,Original index,52,52,Original index,C,Total manufacturing,C,51.66,I,
1982,Sweden,752,Original index,52,52,Original index,C,Total manufacturing,C,51.14,I,
1983,Sweden,752,Original index,52,52,Original index,C,Total manufacturing,C,53.77,I,
1984,Sweden,752,Original index,52,52,Original index,C,Total manufacturing,C,56.41,I,
1985,Sweden,752,Original index,52,52,Original index,C,Total manufacturing,C,57.99,I,
1986,Sweden,752,Original index,52,52,Original index,C,Total manufacturing,C,58.52,I,
1987,Sweden,752,Original index,52,52,Original index,C,Total manufacturing,C,60.1,I,
1988,Sweden,752,Original index,52,52,Original index,C,Total manufacturing,C,61.68,I,
1989,Sweden,752,Original index,52,52,Original index,C,Total manufacturing,C,63.79,I,
1990,Sweden,752,Original index,52,52,Original index,C,Total manufacturing,C,63.79,I,
1991,Sweden,752,Original index,52,52,Original index,C,Total manufacturing,C,62.43,I,
1992,Sweden,752,Original index,52,52,Original index,C,Total manufacturing,C,62.63,I,
1993,Sweden,752,Original index,52,52,Original index,C,Total manufacturing,C,63.11,I,
1994,Sweden,752,Original index,52,52,Original index,C,Total manufacturing,C,71.82,I,
1995,Sweden,752,Original index,52,52,Original index,C,Total manufacturing,C,79.28,I,
1996,Sweden,752,Original index,52,52,Original index,C,Total manufacturing,C,80.05,I,
1997,Sweden,752,Original index,52,52,Original index,C,Total manufacturing,C,84.21,I,
1998,Sweden,752,Original index,52,52,Original index,C,Total manufacturing,C,88.18,I,
1999,Sweden,752,Original index,52,52,Original index,C,Total manufacturing,C,90.99,I,
2000,Sweden,752,Original index,52,52,Original index,C,Total manufacturing,C,96.8,I,
2001,Sweden,752,Original index,52,52,Original index,C,Total manufacturing,C,95.87,I,
2002,Sweden,752,Original index,52,52,Original index,C,Total manufacturing,C,96.8,I,
2003,Sweden,752,Original index,52,52,Original index,C,Total manufacturing,C,99.31,I,
2004,Sweden,752,Original index,52,52,Original index,C,Total manufacturing,C,104.14,I,
2005,Sweden,752,Original index,52,52,Original index,C,Total manufacturing,C,106.47,I,
2006,Sweden,752,Original index,52,52,Original index,C,Total manufacturing,C,111.53,I,
2007,Sweden,752,Original index,52,52,Original index,C,Total manufacturing,C,115.3,I,
2008,Sweden,752,Original index,52,52,Original index,C,Total manufacturing,C,111.53,I,
2009,Sweden,752,Original index,52,52,Original index,C,Total manufacturing,C,89.87,I,
2010,Sweden,752,Original index,52,52,Original index,C,Total manufacturing,C,98.17,I,
2011,Sweden,752,Original index,52,52,Original index,C,Total manufacturing,C,100.75,I,
2012,Sweden,752,Original index,52,52,Original index,C,Total manufacturing,C,96.23,I,
2013,Sweden,752,Original index,52,52,Original index,C,Total manufacturing,C,92.03,I,
2014,Sweden,752,Original index,52,52,Original index,C,Total manufacturing,C,89.87,I,
2015,Sweden,752,Original index,52,52,Original index,C,Total manufacturing,C,92.67,I,
2016,Sweden,752,Original index,52,52,Original index,C,Total manufacturing,C,95.15,I,
2017,Sweden,752,Original index,52,52,Original index,C,Total manufacturing,C,99.14,I,
2018,Sweden,752,Original index,52,52,Original index,C,Total manufacturing,C,102.26,I,
2019,Sweden,752,Original index,52,52,Original index,C,Total manufacturing,C,104.53,I,
2020,Sweden,752,Original index,52,52,Original index,C,Total manufacturing,C,100.0,I,
2021,Sweden,752,Original index,52,52,Original index,C,Total manufacturing,C,107.76,I,
2022,Sweden,752,Original index,52,52,Original index,C,Total manufacturing,C,110.88,I,
2023,Sweden,752,Original index,52,52,Original index,C,Total manufacturing,C,111.75,I,
2024,Sweden,752,Original index,52,52,Original index,C,Total manufacturing,C,110.67,I,
2025,Sweden,752,Original index,52,52,Original index,C,Total manufacturing,C,117.13,I,
1981,Switzerland,756,Original index,52,52,Original index,C,Total manufacturing,C,45.55,I,
1982,Switzerland,756,Original index,52,52,Original index,C,Total manufacturing,C,43.25,I,
1983,Switzerland,756,Original index,52,52,Original index,C,Total manufacturing,C,43.25,I,
1984,Switzerland,756,Original index,52,52,Original index,C,Total manufacturing,C,44.63,I,
1985,Switzerland,756,Original index,52,52,Original index,C,Total manufacturing,C,47.39,I,
1986,Switzerland,756,Original index,52,52,Original index,C,Total manufacturing,C,48.77,I,
1987,Switzerland,756,Original index,52,52,Original index,C,Total manufacturing,C,49.23,I,
1988,Switzerland,756,Original index,52,52,Original index,C,Total manufacturing,C,53.83,I,
1989,Switzerland,756,Original index,52,52,Original index,C,Total manufacturing,C,55.21,I,
1990,Switzerland,756,Original index,52,52,Original index,C,Total manufacturing,C,56.59,I,
1991,Switzerland,756,Original index,52,52,Original index,C,Total manufacturing,C,56.59,I,
1992,Switzerland,756,Original index,52,52,Original index,C,Total manufacturing,C,56.01,I,
1993,Switzerland,756,Original index,52,52,Original index,C,Total manufacturing,C,54.84,I,
1994,Switzerland,756,Original index,52,52,Original index,C,Total manufacturing,C,56.59,I,
1995,Switzerland,756,Original index,52,52,Original index,C,Total manufacturing,C,58.34,I,
1996,Switzerland,756,Original index,52,52,Original index,C,Total manufacturing,C,58.51,I,
1997,Switzerland,756,Original index,52,52,Original index,C,Total manufacturing,C,61.2,I,
1998,Switzerland,756,Original index,52,52,Original index,C,Total manufacturing,C,63.65,I,
1999,Switzerland,756,Original index,52,52,Original index,C,Total manufacturing,C,65.81,I,
2000,Switzerland,756,Original index,52,52,Original index,C,Total manufacturing,C,71.87,I,
2001,Switzerland,756,Original index,52,52,Original index,C,Total manufacturing,C,71.06,I,
2002,Switzerland,756,Original index,52,52,Original index,C,Total manufacturing,C,67.32,I,
2003,Switzerland,756,Original index,52,52,Original index,C,Total manufacturing,C,67.26,I,
2004,Switzerland,756,Original index,52,52,Original index,C,Total manufacturing,C,70.47,I,
2005,Switzerland,756,Original index,52,52,Original index,C,Total manufacturing,C,71.43,I,
2006,Switzerland,756,Original index,52,52,Original index,C,Total manufacturing,C,77.41,I,
2007,Switzerland,756,Original index,52,52,Original index,C,Total manufacturing,C,85.5,I,
2008,Switzerland,756,Original index,52,52,Original index,C,Total manufacturing,C,85.29,I,
2009,Switzerland,756,Original index,52,52,Original index,C,Total manufacturing,C,78.59,I,
2010,Switzerland,756,Original index,52,52,Original index,C,Total manufacturing,C,83.96,I,
2011,Switzerland,756,Original index,52,52,Original index,C,Total manufacturing,C,86.45,I,
2012,Switzerland,756,Original index,52,52,Original index,C,Total manufacturing,C,87.64,I,
2013,Switzerland,756,Original index,52,52,Original index,C,Total manufacturing,C,88.46,I,
2014,Switzerland,756,Original index,52,52,Original index,C,Total manufacturing,C,90.46,I,
2015,Switzerland,756,Original index,52,52,Original index,C,Total manufacturing,C,89.33,I,
2016,Switzerland,756,Original index,52,52,Original index,C,Total manufacturing,C,89.82,I,
2017,Switzerland,756,Original index,52,52,Original index,C,Total manufacturing,C,95.12,I,
2018,Switzerland,756,Original index,52,52,Original index,C,Total manufacturing,C,99.61,I,
2019,Switzerland,756,Original index,52,52,Original index,C,Total manufacturing,C,103.54,I,
2020,Switzerland,756,Original index,52,52,Original index,C,Total manufacturing,C,100.0,I,
2021,Switzerland,756,Original index,52,52,Original index,C,Total manufacturing,C,110.17,I,
2022,Switzerland,756,Original index,52,52,Original index,C,Total manufacturing,C,118.02,I,
2023,Switzerland,756,Original index,52,52,Original index,C,Total manufacturing,C,118.06,I,
2024,Switzerland,756,Original index,52,52,Original index,C,Total manufacturing,C,119.82,I,
2025,Switzerland,756,Original index,52,52,Original index,C,Total manufacturing,C,125.36,I,
1990,Tajikistan,762,Original index,52,52,Original index,C,Total manufacturing,C,37.95,I,
1991,Tajikistan,762,Original index,52,52,Original index,C,Total manufacturing,C,36.43,I,
1992,Tajikistan,762,Original index,52,52,Original index,C,Total manufacturing,C,27.7,I,
1993,Tajikistan,762,Original index,52,52,Original index,C,Total manufacturing,C,25.08,I,
1994,Tajikistan,762,Original index,52,52,Original index,C,Total manufacturing,C,18.52,I,
1995,Tajikistan,762,Original index,52,52,Original index,C,Total manufacturing,C,15.48,I,
1996,Tajikistan,762,Original index,52,52,Original index,C,Total manufacturing,C,11.31,I,
1997,Tajikistan,762,Original index,52,52,Original index,C,Total manufacturing,C,10.7,I,
1998,Tajikistan,762,Original index,52,52,Original index,C,Total manufacturing,C,11.57,I,
1999,Tajikistan,762,Original index,52,52,Original index,C,Total manufacturing,C,12.33,I,
2000,Tajikistan,762,Original index,52,52,Original index,C,Total manufacturing,C,13.81,I,
2001,Tajikistan,762,Original index,52,52,Original index,C,Total manufacturing,C,16.05,I,
2002,Tajikistan,762,Original index,52,52,Original index,C,Total manufacturing,C,17.45,I,
2003,Tajikistan,762,Original index,52,52,Original index,C,Total manufacturing,C,19.12,I,
2004,Tajikistan,762,Original index,52,52,Original index,C,Total manufacturing,C,22.35,I,
2005,Tajikistan,762,Original index,52,52,Original index,C,Total manufacturing,C,24.89,I,
2006,Tajikistan,762,Original index,52,52,Original index,C,Total manufacturing,C,26.22,I,
2007,Tajikistan,762,Original index,52,52,Original index,C,Total manufacturing,C,28.95,I,
2008,Tajikistan,762,Original index,52,52,Original index,C,Total manufacturing,C,27.89,I,
2009,Tajikistan,762,Original index,52,52,Original index,C,Total manufacturing,C,25.65,I,
2010,Tajikistan,762,Original index,52,52,Original index,C,Total manufacturing,C,27.59,I,
2011,Tajikistan,762,Original index,52,52,Original index,C,Total manufacturing,C,28.5,I,
2012,Tajikistan,762,Original index,52,52,Original index,C,Total manufacturing,C,34.29,I,
2013,Tajikistan,762,Original index,52,52,Original index,C,Total manufacturing,C,36.3,I,
2014,Tajikistan,762,Original index,52,52,Original index,C,Total manufacturing,C,36.52,I,
2015,Tajikistan,762,Original index,52,52,Original index,C,Total manufacturing,C,42.01,I,
2016,Tajikistan,762,Original index,52,52,Original index,C,Total manufacturing,C,49.16,I,
2017,Tajikistan,762,Original index,52,52,Original index,C,Total manufacturing,C,61.79,I,
2018,Tajikistan,762,Original index,52,52,Original index,C,Total manufacturing,C,70.95,I,
2019,Tajikistan,762,Original index,52,52,Original index,C,Total manufacturing,C,83.72,I,
2020,Tajikistan,762,Original index,52,52,Original index,C,Total manufacturing,C,100.0,I,
2021,Tajikistan,762,Original index,52,52,Original index,C,Total manufacturing,C,117.1,I,
2022,Tajikistan,762,Original index,52,52,Original index,C,Total manufacturing,C,139.06,I,
2023,Tajikistan,762,Original index,52,52,Original index,C,Total manufacturing,C,149.77,I,
1987,Thailand,764,Original index,52,52,Original index,C,Total manufacturing,C,22.25,I,
1988,Thailand,764,Original index,52,52,Original index,C,Total manufacturing,C,26.09,I,
1989,Thailand,764,Original index,52,52,Original index,C,Total manufacturing,C,30.23,I,
1990,Thailand,764,Original index,52,52,Original index,C,Total manufacturing,C,33.08,I,
1991,Thailand,764,Original index,52,52,Original index,C,Total manufacturing,C,36.27,I,
1992,Thailand,764,Original index,52,52,Original index,C,Total manufacturing,C,40.01,I,
1993,Thailand,764,Original index,52,52,Original index,C,Total manufacturing,C,43.06,I,
1994,Thailand,764,Original index,52,52,Original index,C,Total manufacturing,C,45.9,I,
1995,Thailand,764,Original index,52,52,Original index,C,Total manufacturing,C,49.89,I,
1996,Thailand,764,Original index,52,52,Original index,C,Total manufacturing,C,54.03,I,
1997,Thailand,764,Original index,52,52,Original index,C,Total manufacturing,C,53.78,I,
1998,Thailand,764,Original index,52,52,Original index,C,Total manufacturing,C,48.15,I,
1999,Thailand,764,Original index,52,52,Original index,C,Total manufacturing,C,54.18,I,
2000,Thailand,764,Original index,52,52,Original index,C,Total manufacturing,C,55.83,I,
2001,Thailand,764,Original index,52,52,Original index,C,Total manufacturing,C,55.83,I,
2002,Thailand,764,Original index,52,52,Original index,C,Total manufacturing,C,61.36,I,
2003,Thailand,764,Original index,52,52,Original index,C,Total manufacturing,C,69.34,I,
2004,Thailand,764,Original index,52,52,Original index,C,Total manufacturing,C,77.38,I,
2005,Thailand,764,Original index,52,52,Original index,C,Total manufacturing,C,84.92,I,
2006,Thailand,764,Original index,52,52,Original index,C,Total manufacturing,C,89.94,I,
2007,Thailand,764,Original index,52,52,Original index,C,Total manufacturing,C,97.59,I,
2008,Thailand,764,Original index,52,52,Original index,C,Total manufacturing,C,101.94,I,
2009,Thailand,764,Original index,52,52,Original index,C,Total manufacturing,C,94.91,I,
2010,Thailand,764,Original index,52,52,Original index,C,Total manufacturing,C,108.42,I,
2011,Thailand,764,Original index,52,52,Original index,C,Total manufacturing,C,99.21,I,
2012,Thailand,764,Original index,52,52,Original index,C,Total manufacturing,C,109.2,I,
2013,Thailand,764,Original index,52,52,Original index,C,Total manufacturing,C,111.29,I,
2014,Thailand,764,Original index,52,52,Original index,C,Total manufacturing,C,106.82,I,
2015,Thailand,764,Original index,52,52,Original index,C,Total manufacturing,C,106.87,I,
2016,Thailand,764,Original index,52,52,Original index,C,Total manufacturing,C,108.33,I,
2017,Thailand,764,Original index,52,52,Original index,C,Total manufacturing,C,110.2,I,
2018,Thailand,764,Original index,52,52,Original index,C,Total manufacturing,C,114.4,I,
2019,Thailand,764,Original index,52,52,Original index,C,Total manufacturing,C,110.45,I,
2020,Thailand,764,Original index,52,52,Original index,C,Total manufacturing,C,100.0,I,
2021,Thailand,764,Original index,52,52,Original index,C,Total manufacturing,C,105.84,I,
2022,Thailand,764,Original index,52,52,Original index,C,Total manufacturing,C,107.76,I,
2023,Thailand,764,Original index,52,52,Original index,C,Total manufacturing,C,103.85,I,
2024,Thailand,764,Original index,52,52,Original index,C,Total manufacturing,C,103.3,I,
2025,Thailand,764,Original index,52,52,Original index,C,Total manufacturing,C,102.86,I,
2000,Timor-Leste,626,Original index,52,52,Original index,C,Total manufacturing,C,56.0,I,
2001,Timor-Leste,626,Original index,52,52,Original index,C,Total manufacturing,C,67.14,I,
2002,Timor-Leste,626,Original index,52,52,Original index,C,Total manufacturing,C,63.62,I,
2003,Timor-Leste,626,Original index,52,52,Original index,C,Total manufacturing,C,63.74,I,
2004,Timor-Leste,626,Original index,52,52,Original index,C,Total manufacturing,C,58.81,I,
2005,Timor-Leste,626,Original index,52,52,Original index,C,Total manufacturing,C,54.36,I,
2006,Timor-Leste,626,Original index,52,52,Original index,C,Total manufacturing,C,53.01,I,
2007,Timor-Leste,626,Original index,52,52,Original index,C,Total manufacturing,C,50.5,I,
2008,Timor-Leste,626,Original index,52,52,Original index,C,Total manufacturing,C,46.83,I,
2009,Timor-Leste,626,Original index,52,52,Original index,C,Total manufacturing,C,43.49,I,
2010,Timor-Leste,626,Original index,52,52,Original index,C,Total manufacturing,C,37.55,I,
2011,Timor-Leste,626,Original index,52,52,Original index,C,Total manufacturing,C,36.46,I,
2012,Timor-Leste,626,Original index,52,52,Original index,C,Total manufacturing,C,32.53,I,
2013,Timor-Leste,626,Original index,52,52,Original index,C,Total manufacturing,C,32.61,I,
2014,Timor-Leste,626,Original index,52,52,Original index,C,Total manufacturing,C,35.99,I,
2015,Timor-Leste,626,Original index,52,52,Original index,C,Total manufacturing,C,49.01,I,
2016,Timor-Leste,626,Original index,52,52,Original index,C,Total manufacturing,C,57.37,I,
2017,Timor-Leste,626,Original index,52,52,Original index,C,Total manufacturing,C,78.6,I,
2018,Timor-Leste,626,Original index,52,52,Original index,C,Total manufacturing,C,80.77,I,
2019,Timor-Leste,626,Original index,52,52,Original index,C,Total manufacturing,C,112.66,I,
2020,Timor-Leste,626,Original index,52,52,Original index,C,Total manufacturing,C,100.0,I,
2021,Timor-Leste,626,Original index,52,52,Original index,C,Total manufacturing,C,80.91,I,
2022,Timor-Leste,626,Original index,52,52,Original index,C,Total manufacturing,C,114.85,I,
2023,Timor-Leste,626,Original index,52,52,Original index,C,Total manufacturing,C,88.38,I,
2024,Timor-Leste,626,Original index,52,52,Original index,C,Total manufacturing,C,91.78,I,
2011,Togo,768,Original index,52,52,Original index,C,Total manufacturing,C,100.98,I,
2012,Togo,768,Original index,52,52,Original index,C,Total manufacturing,C,101.72,I,
2013,Togo,768,Original index,52,52,Original index,C,Total manufacturing,C,99.79,I,
2014,Togo,768,Original index,52,52,Original index,C,Total manufacturing,C,93.16,I,
2015,Togo,768,Original index,52,52,Original index,C,Total manufacturing,C,91.12,I,
2016,Togo,768,Original index,52,52,Original index,C,Total manufacturing,C,98.38,I,
2017,Togo,768,Original index,52,52,Original index,C,Total manufacturing,C,93.88,I,
2018,Togo,768,Original index,52,52,Original index,C,Total manufacturing,C,99.3,I,
2019,Togo,768,Original index,52,52,Original index,C,Total manufacturing,C,103.46,I,
2020,Togo,768,Original index,52,52,Original index,C,Total manufacturing,C,100.0,I,
2021,Togo,768,Original index,52,52,Original index,C,Total manufacturing,C,103.51,I,
2022,Togo,768,Original index,52,52,Original index,C,Total manufacturing,C,100.46,I,
2023,Togo,768,Original index,52,52,Original index,C,Total manufacturing,C,98.73,I,
2024,Togo,768,Original index,52,52,Original index,C,Total manufacturing,C,92.11,I,
2025,Togo,768,Original index,52,52,Original index,C,Total manufacturing,C,108.52,I,
2013,Tonga,776,Original index,52,52,Original index,C,Total manufacturing,C,85.59,I,
2014,Tonga,776,Original index,52,52,Original index,C,Total manufacturing,C,88.18,I,
2015,Tonga,776,Original index,52,52,Original index,C,Total manufacturing,C,94.73,I,
2016,Tonga,776,Original index,52,52,Original index,C,Total manufacturing,C,96.19,I,
2017,Tonga,776,Original index,52,52,Original index,C,Total manufacturing,C,94.48,I,
2018,Tonga,776,Original index,52,52,Original index,C,Total manufacturing,C,92.15,I,
2019,Tonga,776,Original index,52,52,Original index,C,Total manufacturing,C,93.18,I,
2020,Tonga,776,Original index,52,52,Original index,C,Total manufacturing,C,100.0,I,
2021,Tonga,776,Original index,52,52,Original index,C,Total manufacturing,C,78.14,I,
2022,Tonga,776,Original index,52,52,Original index,C,Total manufacturing,C,82.93,I,
2023,Tonga,776,Original index,52,52,Original index,C,Total manufacturing,C,100.02,I,
1996,Trinidad and Tobago,780,Original index,52,52,Original index,C,Total manufacturing,C,31.72,I,
1997,Trinidad and Tobago,780,Original index,52,52,Original index,C,Total manufacturing,C,36.68,I,
1998,Trinidad and Tobago,780,Original index,52,52,Original index,C,Total manufacturing,C,43.52,I,
1999,Trinidad and Tobago,780,Original index,52,52,Original index,C,Total manufacturing,C,50.99,I,
2000,Trinidad and Tobago,780,Original index,52,52,Original index,C,Total manufacturing,C,55.19,I,
2001,Trinidad and Tobago,780,Original index,52,52,Original index,C,Total manufacturing,C,64.21,I,
2002,Trinidad and Tobago,780,Original index,52,52,Original index,C,Total manufacturing,C,70.5,I,
2003,Trinidad and Tobago,780,Original index,52,52,Original index,C,Total manufacturing,C,75.35,I,
2004,Trinidad and Tobago,780,Original index,52,52,Original index,C,Total manufacturing,C,78.39,I,
2005,Trinidad and Tobago,780,Original index,52,52,Original index,C,Total manufacturing,C,86.96,I,
2006,Trinidad and Tobago,780,Original index,52,52,Original index,C,Total manufacturing,C,95.48,I,
2007,Trinidad and Tobago,780,Original index,52,52,Original index,C,Total manufacturing,C,115.69,I,
2008,Trinidad and Tobago,780,Original index,52,52,Original index,C,Total manufacturing,C,125.01,I,
2009,Trinidad and Tobago,780,Original index,52,52,Original index,C,Total manufacturing,C,144.44,I,
2010,Trinidad and Tobago,780,Original index,52,52,Original index,C,Total manufacturing,C,164.71,I,
2011,Trinidad and Tobago,780,Original index,52,52,Original index,C,Total manufacturing,C,172.67,I,
2012,Trinidad and Tobago,780,Original index,52,52,Original index,C,Total manufacturing,C,160.27,I,
2013,Trinidad and Tobago,780,Original index,52,52,Original index,C,Total manufacturing,C,165.25,I,
2014,Trinidad and Tobago,780,Original index,52,52,Original index,C,Total manufacturing,C,155.2,I,
2015,Trinidad and Tobago,780,Original index,52,52,Original index,C,Total manufacturing,C,145.83,I,
2016,Trinidad and Tobago,780,Original index,52,52,Original index,C,Total manufacturing,C,125.52,I,
2017,Trinidad and Tobago,780,Original index,52,52,Original index,C,Total manufacturing,C,120.91,I,
2018,Trinidad and Tobago,780,Original index,52,52,Original index,C,Total manufacturing,C,123.82,I,
2019,Trinidad and Tobago,780,Original index,52,52,Original index,C,Total manufacturing,C,110.11,I,
2020,Trinidad and Tobago,780,Original index,52,52,Original index,C,Total manufacturing,C,100.0,I,
2021,Trinidad and Tobago,780,Original index,52,52,Original index,C,Total manufacturing,C,127.69,I,
2022,Trinidad and Tobago,780,Original index,52,52,Original index,C,Total manufacturing,C,165.73,I,
2023,Trinidad and Tobago,780,Original index,52,52,Original index,C,Total manufacturing,C,163.94,I,
2024,Trinidad and Tobago,780,Original index,52,52,Original index,C,Total manufacturing,C,187.33,I,
2025,Trinidad and Tobago,780,Original index,52,52,Original index,C,Total manufacturing,C,236.51,I,
1990,Tunisia,788,Original index,52,52,Original index,C,Total manufacturing,C,48.09,I,
1991,Tunisia,788,Original index,52,52,Original index,C,Total manufacturing,C,51.16,I,
1992,Tunisia,788,Original index,52,52,Original index,C,Total manufacturing,C,53.9,I,
1993,Tunisia,788,Original index,52,52,Original index,C,Total manufacturing,C,55.97,I,
1994,Tunisia,788,Original index,52,52,Original index,C,Total manufacturing,C,60.35,I,
1995,Tunisia,788,Original index,52,52,Original index,C,Total manufacturing,C,62.51,I,
1996,Tunisia,788,Original index,52,52,Original index,C,Total manufacturing,C,63.71,I,
1997,Tunisia,788,Original index,52,52,Original index,C,Total manufacturing,C,67.66,I,
1998,Tunisia,788,Original index,52,52,Original index,C,Total manufacturing,C,72.46,I,
1999,Tunisia,788,Original index,52,52,Original index,C,Total manufacturing,C,76.55,I,
2000,Tunisia,788,Original index,52,52,Original index,C,Total manufacturing,C,83.28,I,
2001,Tunisia,788,Original index,52,52,Original index,C,Total manufacturing,C,88.53,I,
2002,Tunisia,788,Original index,52,52,Original index,C,Total manufacturing,C,89.08,I,
2003,Tunisia,788,Original index,52,52,Original index,C,Total manufacturing,C,86.72,I,
2004,Tunisia,788,Original index,52,52,Original index,C,Total manufacturing,C,90.34,I,
2005,Tunisia,788,Original index,52,52,Original index,C,Total manufacturing,C,90.16,I,
2006,Tunisia,788,Original index,52,52,Original index,C,Total manufacturing,C,96.23,I,
2007,Tunisia,788,Original index,52,52,Original index,C,Total manufacturing,C,103.11,I,
2008,Tunisia,788,Original index,52,52,Original index,C,Total manufacturing,C,106.73,I,
2009,Tunisia,788,Original index,52,52,Original index,C,Total manufacturing,C,100.03,I,
2010,Tunisia,788,Original index,52,52,Original index,C,Total manufacturing,C,108.72,I,
2011,Tunisia,788,Original index,52,52,Original index,C,Total manufacturing,C,104.56,I,
2012,Tunisia,788,Original index,52,52,Original index,C,Total manufacturing,C,106.37,I,
2013,Tunisia,788,Original index,52,52,Original index,C,Total manufacturing,C,109.35,I,
2014,Tunisia,788,Original index,52,52,Original index,C,Total manufacturing,C,110.84,I,
2015,Tunisia,788,Original index,52,52,Original index,C,Total manufacturing,C,109.48,I,
2016,Tunisia,788,Original index,52,52,Original index,C,Total manufacturing,C,110.13,I,
2017,Tunisia,788,Original index,52,52,Original index,C,Total manufacturing,C,111.17,I,
2018,Tunisia,788,Original index,52,52,Original index,C,Total manufacturing,C,111.9,I,
2019,Tunisia,788,Original index,52,52,Original index,C,Total manufacturing,C,110.8,I,
2020,Tunisia,788,Original index,52,52,Original index,C,Total manufacturing,C,100.0,I,
2021,Tunisia,788,Original index,52,52,Original index,C,Total manufacturing,C,108.01,I,
2022,Tunisia,788,Original index,52,52,Original index,C,Total manufacturing,C,114.04,I,
2023,Tunisia,788,Original index,52,52,Original index,C,Total manufacturing,C,114.88,I,
2024,Tunisia,788,Original index,52,52,Original index,C,Total manufacturing,C,114.8,I,
2025,Tunisia,788,Original index,52,52,Original index,C,Total manufacturing,C,119.2,I,
1985,Türkiye,792,Original index,52,52,Original index,C,Total manufacturing,C,21.55,I,
1986,Türkiye,792,Original index,52,52,Original index,C,Total manufacturing,C,21.73,I,
1987,Türkiye,792,Original index,52,52,Original index,C,Total manufacturing,C,24.16,I,
1988,Türkiye,792,Original index,52,52,Original index,C,Total manufacturing,C,25.05,I,
1989,Türkiye,792,Original index,52,52,Original index,C,Total manufacturing,C,25.7,I,
1990,Türkiye,792,Original index,52,52,Original index,C,Total manufacturing,C,27.27,I,
1991,Türkiye,792,Original index,52,52,Original index,C,Total manufacturing,C,27.63,I,
1992,Türkiye,792,Original index,52,52,Original index,C,Total manufacturing,C,28.67,I,
1993,Türkiye,792,Original index,52,52,Original index,C,Total manufacturing,C,30.64,I,
1994,Türkiye,792,Original index,52,52,Original index,C,Total manufacturing,C,27.77,I,
1995,Türkiye,792,Original index,52,52,Original index,C,Total manufacturing,C,30.14,I,
1996,Türkiye,792,Original index,52,52,Original index,C,Total manufacturing,C,32.1,I,
1997,Türkiye,792,Original index,52,52,Original index,C,Total manufacturing,C,35.79,I,
1998,Türkiye,792,Original index,52,52,Original index,C,Total manufacturing,C,35.83,I,
1999,Türkiye,792,Original index,52,52,Original index,C,Total manufacturing,C,34.32,I,
2000,Türkiye,792,Original index,52,52,Original index,C,Total manufacturing,C,36.54,I,
2001,Türkiye,792,Original index,52,52,Original index,C,Total manufacturing,C,33.09,I,
2002,Türkiye,792,Original index,52,52,Original index,C,Total manufacturing,C,36.72,I,
2003,Türkiye,792,Original index,52,52,Original index,C,Total manufacturing,C,40.08,I,
2004,Türkiye,792,Original index,52,52,Original index,C,Total manufacturing,C,44.32,I,
2005,Türkiye,792,Original index,52,52,Original index,C,Total manufacturing,C,51.06,I,
2006,Türkiye,792,Original index,52,52,Original index,C,Total manufacturing,C,54.69,I,
2007,Türkiye,792,Original index,52,52,Original index,C,Total manufacturing,C,58.45,I,
2008,Türkiye,792,Original index,52,52,Original index,C,Total manufacturing,C,57.51,I,
2009,Türkiye,792,Original index,52,52,Original index,C,Total manufacturing,C,51.06,I,
2010,Türkiye,792,Original index,52,52,Original index,C,Total manufacturing,C,58.33,I,
2011,Türkiye,792,Original index,52,52,Original index,C,Total manufacturing,C,67.72,I,
2012,Türkiye,792,Original index,52,52,Original index,C,Total manufacturing,C,70.77,I,
2013,Türkiye,792,Original index,52,52,Original index,C,Total manufacturing,C,76.06,I,
2014,Türkiye,792,Original index,52,52,Original index,C,Total manufacturing,C,81.1,I,
2015,Türkiye,792,Original index,52,52,Original index,C,Total manufacturing,C,86.38,I,
2016,Türkiye,792,Original index,52,52,Original index,C,Total manufacturing,C,89.32,I,
2017,Türkiye,792,Original index,52,52,Original index,C,Total manufacturing,C,97.42,I,
2018,Türkiye,792,Original index,52,52,Original index,C,Total manufacturing,C,98.36,I,
2019,Türkiye,792,Original index,52,52,Original index,C,Total manufacturing,C,97.65,I,
2020,Türkiye,792,Original index,52,52,Original index,C,Total manufacturing,C,100.0,I,
2021,Türkiye,792,Original index,52,52,Original index,C,Total manufacturing,C,117.37,I,
2022,Türkiye,792,Original index,52,52,Original index,C,Total manufacturing,C,124.53,I,
2023,Türkiye,792,Original index,52,52,Original index,C,Total manufacturing,C,127.23,I,
2024,Türkiye,792,Original index,52,52,Original index,C,Total manufacturing,C,126.76,I,
2025,Türkiye,792,Original index,52,52,Original index,C,Total manufacturing,C,129.81,I,
2007,Turks and Caicos Islands,796,Original index,52,52,Original index,C,Total manufacturing,C,211.15,I,
2008,Turks and Caicos Islands,796,Original index,52,52,Original index,C,Total manufacturing,C,181.71,I,
2009,Turks and Caicos Islands,796,Original index,52,52,Original index,C,Total manufacturing,C,171.31,I,
2010,Turks and Caicos Islands,796,Original index,52,52,Original index,C,Total manufacturing,C,129.2,I,
2011,Turks and Caicos Islands,796,Original index,52,52,Original index,C,Total manufacturing,C,129.99,I,
2012,Turks and Caicos Islands,796,Original index,52,52,Original index,C,Total manufacturing,C,88.81,I,
2013,Turks and Caicos Islands,796,Original index,52,52,Original index,C,Total manufacturing,C,94.19,I,
2014,Turks and Caicos Islands,796,Original index,52,52,Original index,C,Total manufacturing,C,100.77,I,
2015,Turks and Caicos Islands,796,Original index,52,52,Original index,C,Total manufacturing,C,97.51,I,
2016,Turks and Caicos Islands,796,Original index,52,52,Original index,C,Total manufacturing,C,96.56,I,
2017,Turks and Caicos Islands,796,Original index,52,52,Original index,C,Total manufacturing,C,95.91,I,
2018,Turks and Caicos Islands,796,Original index,52,52,Original index,C,Total manufacturing,C,119.87,I,
2019,Turks and Caicos Islands,796,Original index,52,52,Original index,C,Total manufacturing,C,106.68,I,
2020,Turks and Caicos Islands,796,Original index,52,52,Original index,C,Total manufacturing,C,100.0,I,
2021,Turks and Caicos Islands,796,Original index,52,52,Original index,C,Total manufacturing,C,105.58,I,
2022,Turks and Caicos Islands,796,Original index,52,52,Original index,C,Total manufacturing,C,139.15,I,
2023,Turks and Caicos Islands,796,Original index,52,52,Original index,C,Total manufacturing,C,136.56,I,
2024,Turks and Caicos Islands,796,Original index,52,52,Original index,C,Total manufacturing,C,138.59,I,
1982,Uganda,800,Original index,52,52,Original index,C,Total manufacturing,C,2.94,I,
1983,Uganda,800,Original index,52,52,Original index,C,Total manufacturing,C,3.14,I,
1984,Uganda,800,Original index,52,52,Original index,C,Total manufacturing,C,3.05,I,
1985,Uganda,800,Original index,52,52,Original index,C,Total manufacturing,C,2.76,I,
1986,Uganda,800,Original index,52,52,Original index,C,Total manufacturing,C,2.6,I,
1987,Uganda,800,Original index,52,52,Original index,C,Total manufacturing,C,3.02,I,
1988,Uganda,800,Original index,52,52,Original index,C,Total manufacturing,C,3.74,I,
1989,Uganda,800,Original index,52,52,Original index,C,Total manufacturing,C,4.39,I,
1990,Uganda,800,Original index,52,52,Original index,C,Total manufacturing,C,4.7,I,
1991,Uganda,800,Original index,52,52,Original index,C,Total manufacturing,C,5.39,I,
1992,Uganda,800,Original index,52,52,Original index,C,Total manufacturing,C,5.78,I,
1993,Uganda,800,Original index,52,52,Original index,C,Total manufacturing,C,6.52,I,
1994,Uganda,800,Original index,52,52,Original index,C,Total manufacturing,C,7.87,I,
1995,Uganda,800,Original index,52,52,Original index,C,Total manufacturing,C,10.01,I,
1996,Uganda,800,Original index,52,52,Original index,C,Total manufacturing,C,11.92,I,
1997,Uganda,800,Original index,52,52,Original index,C,Total manufacturing,C,13.81,I,
1998,Uganda,800,Original index,52,52,Original index,C,Total manufacturing,C,15.37,I,
1999,Uganda,800,Original index,52,52,Original index,C,Total manufacturing,C,16.53,I,
2000,Uganda,800,Original index,52,52,Original index,C,Total manufacturing,C,16.46,I,
2001,Uganda,800,Original index,52,52,Original index,C,Total manufacturing,C,19.52,I,
2002,Uganda,800,Original index,52,52,Original index,C,Total manufacturing,C,20.1,I,
2003,Uganda,800,Original index,52,52,Original index,C,Total manufacturing,C,20.88,I,
2004,Uganda,800,Original index,52,52,Original index,C,Total manufacturing,C,23.26,I,
2005,Uganda,800,Original index,52,52,Original index,C,Total manufacturing,C,24.05,I,
2006,Uganda,800,Original index,52,52,Original index,C,Total manufacturing,C,24.6,I,
2007,Uganda,800,Original index,52,52,Original index,C,Total manufacturing,C,27.3,I,
2008,Uganda,800,Original index,52,52,Original index,C,Total manufacturing,C,28.37,I,
2009,Uganda,800,Original index,52,52,Original index,C,Total manufacturing,C,33.23,I,
2010,Uganda,800,Original index,52,52,Original index,C,Total manufacturing,C,75.15,I,
2011,Uganda,800,Original index,52,52,Original index,C,Total manufacturing,C,75.36,I,
2012,Uganda,800,Original index,52,52,Original index,C,Total manufacturing,C,76.71,I,
2013,Uganda,800,Original index,52,52,Original index,C,Total manufacturing,C,74.77,I,
2014,Uganda,800,Original index,52,52,Original index,C,Total manufacturing,C,82.5,I,
2015,Uganda,800,Original index,52,52,Original index,C,Total manufacturing,C,89.83,I,
2016,Uganda,800,Original index,52,52,Original index,C,Total manufacturing,C,85.37,I,
2017,Uganda,800,Original index,52,52,Original index,C,Total manufacturing,C,85.34,I,
2018,Uganda,800,Original index,52,52,Original index,C,Total manufacturing,C,91.27,I,
2019,Uganda,800,Original index,52,52,Original index,C,Total manufacturing,C,100.25,I,
2020,Uganda,800,Original index,52,52,Original index,C,Total manufacturing,C,100.0,I,
2021,Uganda,800,Original index,52,52,Original index,C,Total manufacturing,C,108.61,I,
2022,Uganda,800,Original index,52,52,Original index,C,Total manufacturing,C,114.39,I,
2023,Uganda,800,Original index,52,52,Original index,C,Total manufacturing,C,122.08,I,
2024,Uganda,800,Original index,52,52,Original index,C,Total manufacturing,C,131.19,I,
1987,Ukraine,804,Original index,52,52,Original index,C,Total manufacturing,C,116.26,I,
1988,Ukraine,804,Original index,52,52,Original index,C,Total manufacturing,C,121.16,I,
1989,Ukraine,804,Original index,52,52,Original index,C,Total manufacturing,C,125.3,I,
1990,Ukraine,804,Original index,52,52,Original index,C,Total manufacturing,C,125.55,I,
1991,Ukraine,804,Original index,52,52,Original index,C,Total manufacturing,C,119.9,I,
1992,Ukraine,804,Original index,52,52,Original index,C,Total manufacturing,C,112.37,I,
1993,Ukraine,804,Original index,52,52,Original index,C,Total manufacturing,C,102.95,I,
1994,Ukraine,804,Original index,52,52,Original index,C,Total manufacturing,C,72.32,I,
1995,Ukraine,804,Original index,52,52,Original index,C,Total manufacturing,C,62.4,I,
1996,Ukraine,804,Original index,52,52,Original index,C,Total manufacturing,C,59.22,I,
1997,Ukraine,804,Original index,52,52,Original index,C,Total manufacturing,C,58.97,I,
1998,Ukraine,804,Original index,52,52,Original index,C,Total manufacturing,C,58.47,I,
1999,Ukraine,804,Original index,52,52,Original index,C,Total manufacturing,C,60.59,I,
2000,Ukraine,804,Original index,52,52,Original index,C,Total manufacturing,C,70.63,I,
2001,Ukraine,804,Original index,52,52,Original index,C,Total manufacturing,C,81.72,I,
2002,Ukraine,804,Original index,52,52,Original index,C,Total manufacturing,C,88.22,I,
2003,Ukraine,804,Original index,52,52,Original index,C,Total manufacturing,C,104.54,I,
2004,Ukraine,804,Original index,52,52,Original index,C,Total manufacturing,C,118.74,I,
2005,Ukraine,804,Original index,52,52,Original index,C,Total manufacturing,C,121.92,I,
2006,Ukraine,804,Original index,52,52,Original index,C,Total manufacturing,C,128.91,I,
2007,Ukraine,804,Original index,52,52,Original index,C,Total manufacturing,C,142.45,I,
2008,Ukraine,804,Original index,52,52,Original index,C,Total manufacturing,C,146.4,I,
2009,Ukraine,804,Original index,52,52,Original index,C,Total manufacturing,C,97.35,I,
2010,Ukraine,804,Original index,52,52,Original index,C,Total manufacturing,C,112.35,I,
2011,Ukraine,804,Original index,52,52,Original index,C,Total manufacturing,C,125.72,I,
2012,Ukraine,804,Original index,52,52,Original index,C,Total manufacturing,C,125.92,I,
2013,Ukraine,804,Original index,52,52,Original index,C,Total manufacturing,C,117.81,I,
2014,Ukraine,804,Original index,52,52,Original index,C,Total manufacturing,C,108.97,I,
2015,Ukraine,804,Original index,52,52,Original index,C,Total manufacturing,C,91.38,I,
2016,Ukraine,804,Original index,52,52,Original index,C,Total manufacturing,C,95.15,I,
2017,Ukraine,804,Original index,52,52,Original index,C,Total manufacturing,C,100.35,I,
2018,Ukraine,804,Original index,52,52,Original index,C,Total manufacturing,C,105.62,I,
2019,Ukraine,804,Original index,52,52,Original index,C,Total manufacturing,C,106.78,I,
2020,Ukraine,804,Original index,52,52,Original index,C,Total manufacturing,C,100.0,I,
2021,Ukraine,804,Original index,52,52,Original index,C,Total manufacturing,C,100.73,I,
2022,Ukraine,804,Original index,52,52,Original index,C,Total manufacturing,C,69.75,I,
2023,Ukraine,804,Original index,52,52,Original index,C,Total manufacturing,C,65.34,I,
2024,Ukraine,804,Original index,52,52,Original index,C,Total manufacturing,C,73.84,I,
2025,Ukraine,804,Original index,52,52,Original index,C,Total manufacturing,C,74.08,I,
2010,United Arab Emirates,784,Original index,52,52,Original index,C,Total manufacturing,C,69.48,I,
2011,United Arab Emirates,784,Original index,52,52,Original index,C,Total manufacturing,C,75.3,I,
2012,United Arab Emirates,784,Original index,52,52,Original index,C,Total manufacturing,C,76.73,I,
2013,United Arab Emirates,784,Original index,52,52,Original index,C,Total manufacturing,C,80.7,I,
2014,United Arab Emirates,784,Original index,52,52,Original index,C,Total manufacturing,C,82.85,I,
2015,United Arab Emirates,784,Original index,52,52,Original index,C,Total manufacturing,C,98.61,I,
2016,United Arab Emirates,784,Original index,52,52,Original index,C,Total manufacturing,C,111.55,I,
2017,United Arab Emirates,784,Original index,52,52,Original index,C,Total manufacturing,C,110.32,I,
2018,United Arab Emirates,784,Original index,52,52,Original index,C,Total manufacturing,C,112.54,I,
2019,United Arab Emirates,784,Original index,52,52,Original index,C,Total manufacturing,C,118.36,I,
2020,United Arab Emirates,784,Original index,52,52,Original index,C,Total manufacturing,C,100.0,I,
2021,United Arab Emirates,784,Original index,52,52,Original index,C,Total manufacturing,C,113.7,I,
2022,United Arab Emirates,784,Original index,52,52,Original index,C,Total manufacturing,C,126.25,I,
2023,United Arab Emirates,784,Original index,52,52,Original index,C,Total manufacturing,C,131.17,I,
2024,United Arab Emirates,784,Original index,52,52,Original index,C,Total manufacturing,C,137.08,I,
2025,United Arab Emirates,784,Original index,52,52,Original index,C,Total manufacturing,C,141.91,I,
1981,United Kingdom,826,Original index,52,52,Original index,C,Total manufacturing,C,46.11,I,
1982,United Kingdom,826,Original index,52,52,Original index,C,Total manufacturing,C,45.79,I,
1983,United Kingdom,826,Original index,52,52,Original index,C,Total manufacturing,C,46.75,I,
1984,United Kingdom,826,Original index,52,52,Original index,C,Total manufacturing,C,48.43,I,
1985,United Kingdom,826,Original index,52,52,Original index,C,Total manufacturing,C,49.84,I,
1986,United Kingdom,826,Original index,52,52,Original index,C,Total manufacturing,C,50.68,I,
1987,United Kingdom,826,Original index,52,52,Original index,C,Total manufacturing,C,53.06,I,
1988,United Kingdom,826,Original index,52,52,Original index,C,Total manufacturing,C,56.93,I,
1989,United Kingdom,826,Original index,52,52,Original index,C,Total manufacturing,C,59.18,I,
1990,United Kingdom,826,Original index,52,52,Original index,C,Total manufacturing,C,59.05,I,
1991,United Kingdom,826,Original index,52,52,Original index,C,Total manufacturing,C,56.16,I,
1992,United Kingdom,826,Original index,52,52,Original index,C,Total manufacturing,C,56.16,I,
1993,United Kingdom,826,Original index,52,52,Original index,C,Total manufacturing,C,56.93,I,
1994,United Kingdom,826,Original index,52,52,Original index,C,Total manufacturing,C,59.5,I,
1995,United Kingdom,826,Original index,52,52,Original index,C,Total manufacturing,C,60.39,I,
1996,United Kingdom,826,Original index,52,52,Original index,C,Total manufacturing,C,60.83,I,
1997,United Kingdom,826,Original index,52,52,Original index,C,Total manufacturing,C,61.97,I,
1998,United Kingdom,826,Original index,52,52,Original index,C,Total manufacturing,C,65.09,I,
1999,United Kingdom,826,Original index,52,52,Original index,C,Total manufacturing,C,68.15,I,
2000,United Kingdom,826,Original index,52,52,Original index,C,Total manufacturing,C,71.63,I,
2001,United Kingdom,826,Original index,52,52,Original index,C,Total manufacturing,C,74.33,I,
2002,United Kingdom,826,Original index,52,52,Original index,C,Total manufacturing,C,77.09,I,
2003,United Kingdom,826,Original index,52,52,Original index,C,Total manufacturing,C,80.17,I,
2004,United Kingdom,826,Original index,52,52,Original index,C,Total manufacturing,C,81.76,I,
2005,United Kingdom,826,Original index,52,52,Original index,C,Total manufacturing,C,83.4,I,
2006,United Kingdom,826,Original index,52,52,Original index,C,Total manufacturing,C,90.07,I,
2007,United Kingdom,826,Original index,52,52,Original index,C,Total manufacturing,C,90.96,I,
2008,United Kingdom,826,Original index,52,52,Original index,C,Total manufacturing,C,92.67,I,
2009,United Kingdom,826,Original index,52,52,Original index,C,Total manufacturing,C,86.09,I,
2010,United Kingdom,826,Original index,52,52,Original index,C,Total manufacturing,C,85.3,I,
2011,United Kingdom,826,Original index,52,52,Original index,C,Total manufacturing,C,83.65,I,
2012,United Kingdom,826,Original index,52,52,Original index,C,Total manufacturing,C,86.05,I,
2013,United Kingdom,826,Original index,52,52,Original index,C,Total manufacturing,C,89.7,I,
2014,United Kingdom,826,Original index,52,52,Original index,C,Total manufacturing,C,92.36,I,
2015,United Kingdom,826,Original index,52,52,Original index,C,Total manufacturing,C,94.43,I,
2016,United Kingdom,826,Original index,52,52,Original index,C,Total manufacturing,C,93.41,I,
2017,United Kingdom,826,Original index,52,52,Original index,C,Total manufacturing,C,95.03,I,
2018,United Kingdom,826,Original index,52,52,Original index,C,Total manufacturing,C,99.6,I,
2019,United Kingdom,826,Original index,52,52,Original index,C,Total manufacturing,C,100.84,I,
2020,United Kingdom,826,Original index,52,52,Original index,C,Total manufacturing,C,100.0,I,
2021,United Kingdom,826,Original index,52,52,Original index,C,Total manufacturing,C,105.37,I,
2022,United Kingdom,826,Original index,52,52,Original index,C,Total manufacturing,C,102.67,I,
2023,United Kingdom,826,Original index,52,52,Original index,C,Total manufacturing,C,104.54,I,
2024,United Kingdom,826,Original index,52,52,Original index,C,Total manufacturing,C,104.88,I,
2025,United Kingdom,826,Original index,52,52,Original index,C,Total manufacturing,C,103.85,I,
2012,United Republic of Tanzania,834,Original index,52,52,Original index,C,Total manufacturing,C,56.99,I,
2013,United Republic of Tanzania,834,Original index,52,52,Original index,C,Total manufacturing,C,59.11,I,
2014,United Republic of Tanzania,834,Original index,52,52,Original index,C,Total manufacturing,C,65.0,I,
2015,United Republic of Tanzania,834,Original index,52,52,Original index,C,Total manufacturing,C,69.62,I,
2016,United Republic of Tanzania,834,Original index,52,52,Original index,C,Total manufacturing,C,77.15,I,
2017,United Republic of Tanzania,834,Original index,52,52,Original index,C,Total manufacturing,C,83.5,I,
2018,United Republic of Tanzania,834,Original index,52,52,Original index,C,Total manufacturing,C,90.39,I,
2019,United Republic of Tanzania,834,Original index,52,52,Original index,C,Total manufacturing,C,97.88,I,
2020,United Republic of Tanzania,834,Original index,52,52,Original index,C,Total manufacturing,C,100.0,I,
2021,United Republic of Tanzania,834,Original index,52,52,Original index,C,Total manufacturing,C,101.73,I,
2022,United Republic of Tanzania,834,Original index,52,52,Original index,C,Total manufacturing,C,99.66,I,
2023,United Republic of Tanzania,834,Original index,52,52,Original index,C,Total manufacturing,C,102.85,I,
2024,United Republic of Tanzania,834,Original index,52,52,Original index,C,Total manufacturing,C,106.68,I,
2025,United Republic of Tanzania,834,Original index,52,52,Original index,C,Total manufacturing,C,107.96,I,
1981,United States of America,840,Original index,52,52,Original index,C,Total manufacturing,C,50.3,I,
1982,United States of America,840,Original index,52,52,Original index,C,Total manufacturing,C,47.52,I,
1983,United States of America,840,Original index,52,52,Original index,C,Total manufacturing,C,49.82,I,
1984,United States of America,840,Original index,52,52,Original index,C,Total manufacturing,C,54.62,I,
1985,United States of America,840,Original index,52,52,Original index,C,Total manufacturing,C,55.58,I,
1986,United States of America,840,Original index,52,52,Original index,C,Total manufacturing,C,56.83,I,
1987,United States of America,840,Original index,52,52,Original index,C,Total manufacturing,C,60.0,I,
1988,United States of America,840,Original index,52,52,Original index,C,Total manufacturing,C,63.26,I,
1989,United States of America,840,Original index,52,52,Original index,C,Total manufacturing,C,63.74,I,
1990,United States of America,840,Original index,52,52,Original index,C,Total manufacturing,C,64.32,I,
1991,United States of America,840,Original index,52,52,Original index,C,Total manufacturing,C,62.98,I,
1992,United States of America,840,Original index,52,52,Original index,C,Total manufacturing,C,65.28,I,
1993,United States of America,840,Original index,52,52,Original index,C,Total manufacturing,C,67.59,I,
1994,United States of America,840,Original index,52,52,Original index,C,Total manufacturing,C,71.62,I,
1995,United States of America,840,Original index,52,52,Original index,C,Total manufacturing,C,75.36,I,
1996,United States of America,840,Original index,52,52,Original index,C,Total manufacturing,C,78.91,I,
1997,United States of America,840,Original index,52,52,Original index,C,Total manufacturing,C,85.63,I,
1998,United States of America,840,Original index,52,52,Original index,C,Total manufacturing,C,91.3,I,
1999,United States of America,840,Original index,52,52,Original index,C,Total manufacturing,C,95.91,I,
2000,United States of America,840,Original index,52,52,Original index,C,Total manufacturing,C,100.23,I,
2001,United States of America,840,Original index,52,52,Original index,C,Total manufacturing,C,96.86,I,
2002,United States of America,840,Original index,52,52,Original index,C,Total manufacturing,C,97.5,I,
2003,United States of America,840,Original index,52,52,Original index,C,Total manufacturing,C,99.15,I,
2004,United States of America,840,Original index,52,52,Original index,C,Total manufacturing,C,102.26,I,
2005,United States of America,840,Original index,52,52,Original index,C,Total manufacturing,C,106.72,I,
2006,United States of America,840,Original index,52,52,Original index,C,Total manufacturing,C,109.75,I,
2007,United States of America,840,Original index,52,52,Original index,C,Total manufacturing,C,113.35,I,
2008,United States of America,840,Original index,52,52,Original index,C,Total manufacturing,C,108.24,I,
2009,United States of America,840,Original index,52,52,Original index,C,Total manufacturing,C,93.39,I,
2010,United States of America,840,Original index,52,52,Original index,C,Total manufacturing,C,99.56,I,
2011,United States of America,840,Original index,52,52,Original index,C,Total manufacturing,C,102.79,I,
2012,United States of America,840,Original index,52,52,Original index,C,Total manufacturing,C,105.79,I,
2013,United States of America,840,Original index,52,52,Original index,C,Total manufacturing,C,106.95,I,
2014,United States of America,840,Original index,52,52,Original index,C,Total manufacturing,C,108.24,I,
2015,United States of America,840,Original index,52,52,Original index,C,Total manufacturing,C,107.73,I,
2016,United States of America,840,Original index,52,52,Original index,C,Total manufacturing,C,106.96,I,
2017,United States of America,840,Original index,52,52,Original index,C,Total manufacturing,C,107.52,I,
2018,United States of America,840,Original index,52,52,Original index,C,Total manufacturing,C,109.09,I,
2019,United States of America,840,Original index,52,52,Original index,C,Total manufacturing,C,106.93,I,
2020,United States of America,840,Original index,52,52,Original index,C,Total manufacturing,C,100.0,I,
2021,United States of America,840,Original index,52,52,Original index,C,Total manufacturing,C,104.97,I,
2022,United States of America,840,Original index,52,52,Original index,C,Total manufacturing,C,105.39,I,
2023,United States of America,840,Original index,52,52,Original index,C,Total manufacturing,C,104.58,I,
2024,United States of America,840,Original index,52,52,Original index,C,Total manufacturing,C,103.63,I,
2025,United States of America,840,Original index,52,52,Original index,C,Total manufacturing,C,104.65,I,
1981,Uruguay,858,Original index,52,52,Original index,C,Total manufacturing,C,53.32,I,
1982,Uruguay,858,Original index,52,52,Original index,C,Total manufacturing,C,44.31,I,
1983,Uruguay,858,Original index,52,52,Original index,C,Total manufacturing,C,39.3,I,
1984,Uruguay,858,Original index,52,52,Original index,C,Total manufacturing,C,42.45,I,
1985,Uruguay,858,Original index,52,52,Original index,C,Total manufacturing,C,41.78,I,
1986,Uruguay,858,Original index,52,52,Original index,C,Total manufacturing,C,46.83,I,
1987,Uruguay,858,Original index,52,52,Original index,C,Total manufacturing,C,52.02,I,
1988,Uruguay,858,Original index,52,52,Original index,C,Total manufacturing,C,50.69,I,
1989,Uruguay,858,Original index,52,52,Original index,C,Total manufacturing,C,49.85,I,
1990,Uruguay,858,Original index,52,52,Original index,C,Total manufacturing,C,54.54,I,
1991,Uruguay,858,Original index,52,52,Original index,C,Total manufacturing,C,50.51,I,
1992,Uruguay,858,Original index,52,52,Original index,C,Total manufacturing,C,50.11,I,
1993,Uruguay,858,Original index,52,52,Original index,C,Total manufacturing,C,44.22,I,
1994,Uruguay,858,Original index,52,52,Original index,C,Total manufacturing,C,45.51,I,
1995,Uruguay,858,Original index,52,52,Original index,C,Total manufacturing,C,39.86,I,
1996,Uruguay,858,Original index,52,52,Original index,C,Total manufacturing,C,44.22,I,
1997,Uruguay,858,Original index,52,52,Original index,C,Total manufacturing,C,47.14,I,
1998,Uruguay,858,Original index,52,52,Original index,C,Total manufacturing,C,49.82,I,
1999,Uruguay,858,Original index,52,52,Original index,C,Total manufacturing,C,48.88,I,
2000,Uruguay,858,Original index,52,52,Original index,C,Total manufacturing,C,50.81,I,
2001,Uruguay,858,Original index,52,52,Original index,C,Total manufacturing,C,51.66,I,
2002,Uruguay,858,Original index,52,52,Original index,C,Total manufacturing,C,54.48,I,
2003,Uruguay,858,Original index,52,52,Original index,C,Total manufacturing,C,58.46,I,
2004,Uruguay,858,Original index,52,52,Original index,C,Total manufacturing,C,69.83,I,
2005,Uruguay,858,Original index,52,52,Original index,C,Total manufacturing,C,75.14,I,
2006,Uruguay,858,Original index,52,52,Original index,C,Total manufacturing,C,79.11,I,
2007,Uruguay,858,Original index,52,52,Original index,C,Total manufacturing,C,83.79,I,
2008,Uruguay,858,Original index,52,52,Original index,C,Total manufacturing,C,93.91,I,
2009,Uruguay,858,Original index,52,52,Original index,C,Total manufacturing,C,90.18,I,
2010,Uruguay,858,Original index,52,52,Original index,C,Total manufacturing,C,93.35,I,
2011,Uruguay,858,Original index,52,52,Original index,C,Total manufacturing,C,93.85,I,
2012,Uruguay,858,Original index,52,52,Original index,C,Total manufacturing,C,99.29,I,
2013,Uruguay,858,Original index,52,52,Original index,C,Total manufacturing,C,103.31,I,
2014,Uruguay,858,Original index,52,52,Original index,C,Total manufacturing,C,104.46,I,
2015,Uruguay,858,Original index,52,52,Original index,C,Total manufacturing,C,107.75,I,
2016,Uruguay,858,Original index,52,52,Original index,C,Total manufacturing,C,108.03,I,
2017,Uruguay,858,Original index,52,52,Original index,C,Total manufacturing,C,96.09,I,
2018,Uruguay,858,Original index,52,52,Original index,C,Total manufacturing,C,107.19,I,
2019,Uruguay,858,Original index,52,52,Original index,C,Total manufacturing,C,105.52,I,
2020,Uruguay,858,Original index,52,52,Original index,C,Total manufacturing,C,100.0,I,
2021,Uruguay,858,Original index,52,52,Original index,C,Total manufacturing,C,112.28,I,
2022,Uruguay,858,Original index,52,52,Original index,C,Total manufacturing,C,116.37,I,
2023,Uruguay,858,Original index,52,52,Original index,C,Total manufacturing,C,117.05,I,
2024,Uruguay,858,Original index,52,52,Original index,C,Total manufacturing,C,119.18,I,
2025,Uruguay,858,Original index,52,52,Original index,C,Total manufacturing,C,122.36,I,
2009,Uzbekistan,860,Original index,52,52,Original index,C,Total manufacturing,C,44.8,I,
2010,Uzbekistan,860,Original index,52,52,Original index,C,Total manufacturing,C,49.02,I,
2011,Uzbekistan,860,Original index,52,52,Original index,C,Total manufacturing,C,52.99,I,
2012,Uzbekistan,860,Original index,52,52,Original index,C,Total manufacturing,C,56.32,I,
2013,Uzbekistan,860,Original index,52,52,Original index,C,Total manufacturing,C,63.36,I,
2014,Uzbekistan,860,Original index,52,52,Original index,C,Total manufacturing,C,68.43,I,
2015,Uzbekistan,860,Original index,52,52,Original index,C,Total manufacturing,C,72.47,I,
2016,Uzbekistan,860,Original index,52,52,Original index,C,Total manufacturing,C,77.33,I,
2017,Uzbekistan,860,Original index,52,52,Original index,C,Total manufacturing,C,80.57,I,
2018,Uzbekistan,860,Original index,52,52,Original index,C,Total manufacturing,C,86.94,I,
2019,Uzbekistan,860,Original index,52,52,Original index,C,Total manufacturing,C,83.31,I,
2020,Uzbekistan,860,Original index,52,52,Original index,C,Total manufacturing,C,100.0,I,
2021,Uzbekistan,860,Original index,52,52,Original index,C,Total manufacturing,C,123.62,I,
2022,Uzbekistan,860,Original index,52,52,Original index,C,Total manufacturing,C,150.52,I,
2023,Uzbekistan,860,Original index,52,52,Original index,C,Total manufacturing,C,181.87,I,
2024,Uzbekistan,860,Original index,52,52,Original index,C,Total manufacturing,C,246.34,I,
2025,Uzbekistan,860,Original index,52,52,Original index,C,Total manufacturing,C,309.61,I,
2008,Vanuatu,548,Original index,52,52,Original index,C,Total manufacturing,C,69.91,I,
2009,Vanuatu,548,Original index,52,52,Original index,C,Total manufacturing,C,79.82,I,
2010,Vanuatu,548,Original index,52,52,Original index,C,Total manufacturing,C,147.18,I,
2011,Vanuatu,548,Original index,52,52,Original index,C,Total manufacturing,C,136.0,I,
2012,Vanuatu,548,Original index,52,52,Original index,C,Total manufacturing,C,117.25,I,
2013,Vanuatu,548,Original index,52,52,Original index,C,Total manufacturing,C,110.22,I,
2014,Vanuatu,548,Original index,52,52,Original index,C,Total manufacturing,C,121.1,I,
2015,Vanuatu,548,Original index,52,52,Original index,C,Total manufacturing,C,105.66,I,
2016,Vanuatu,548,Original index,52,52,Original index,C,Total manufacturing,C,108.83,I,
2017,Vanuatu,548,Original index,52,52,Original index,C,Total manufacturing,C,110.99,I,
2018,Vanuatu,548,Original index,52,52,Original index,C,Total manufacturing,C,115.25,I,
2019,Vanuatu,548,Original index,52,52,Original index,C,Total manufacturing,C,121.08,I,
2020,Vanuatu,548,Original index,52,52,Original index,C,Total manufacturing,C,100.0,I,
2021,Vanuatu,548,Original index,52,52,Original index,C,Total manufacturing,C,108.01,I,
2022,Vanuatu,548,Original index,52,52,Original index,C,Total manufacturing,C,104.66,I,
2023,Vanuatu,548,Original index,52,52,Original index,C,Total manufacturing,C,115.66,I,
2024,Vanuatu,548,Original index,52,52,Original index,C,Total manufacturing,C,115.9,I,
2005,Viet Nam,704,Original index,52,52,Original index,C,Total manufacturing,C,26.43,I,
2006,Viet Nam,704,Original index,52,52,Original index,C,Total manufacturing,C,26.43,I,
2007,Viet Nam,704,Original index,52,52,Original index,C,Total manufacturing,C,26.43,I,
2008,Viet Nam,704,Original index,52,52,Original index,C,Total manufacturing,C,37.96,I,
2009,Viet Nam,704,Original index,52,52,Original index,C,Total manufacturing,C,39.28,I,
2010,Viet Nam,704,Original index,52,52,Original index,C,Total manufacturing,C,44.2,I,
2013,Viet Nam,704,Original index,52,52,Original index,C,Total manufacturing,C,53.21,I,
2014,Viet Nam,704,Original index,52,52,Original index,C,Total manufacturing,C,58.61,I,
2015,Viet Nam,704,Original index,52,52,Original index,C,Total manufacturing,C,66.23,I,
2016,Viet Nam,704,Original index,52,52,Original index,C,Total manufacturing,C,81.15,I,
2017,Viet Nam,704,Original index,52,52,Original index,C,Total manufacturing,C,91.87,I,
2018,Viet Nam,704,Original index,52,52,Original index,C,Total manufacturing,C,90.38,I,
2019,Viet Nam,704,Original index,52,52,Original index,C,Total manufacturing,C,97.44,I,
2020,Viet Nam,704,Original index,52,52,Original index,C,Total manufacturing,C,100.0,I,
2021,Viet Nam,704,Original index,52,52,Original index,C,Total manufacturing,C,103.35,I,
2022,Viet Nam,704,Original index,52,52,Original index,C,Total manufacturing,C,123.73,I,
2023,Viet Nam,704,Original index,52,52,Original index,C,Total manufacturing,C,105.97,I,
2024,Viet Nam,704,Original index,52,52,Original index,C,Total manufacturing,C,116.79,I,
2025,Viet Nam,704,Original index,52,52,Original index,C,Total manufacturing,C,131.19,I,
1981,Zambia,894,Original index,52,52,Original index,C,Total manufacturing,C,55.75,I,
1982,Zambia,894,Original index,52,52,Original index,C,Total manufacturing,C,53.57,I,
1983,Zambia,894,Original index,52,52,Original index,C,Total manufacturing,C,57.16,I,
1984,Zambia,894,Original index,52,52,Original index,C,Total manufacturing,C,56.53,I,
1985,Zambia,894,Original index,52,52,Original index,C,Total manufacturing,C,59.87,I,
1986,Zambia,894,Original index,52,52,Original index,C,Total manufacturing,C,58.72,I,
1987,Zambia,894,Original index,52,52,Original index,C,Total manufacturing,C,60.7,I,
1988,Zambia,894,Original index,52,52,Original index,C,Total manufacturing,C,64.03,I,
1989,Zambia,894,Original index,52,52,Original index,C,Total manufacturing,C,63.51,I,
1990,Zambia,894,Original index,52,52,Original index,C,Total manufacturing,C,65.28,I,
1991,Zambia,894,Original index,52,52,Original index,C,Total manufacturing,C,61.32,I,
1992,Zambia,894,Original index,52,52,Original index,C,Total manufacturing,C,65.49,I,
1993,Zambia,894,Original index,52,52,Original index,C,Total manufacturing,C,58.2,I,
1994,Zambia,894,Original index,52,52,Original index,C,Total manufacturing,C,52.63,I,
1995,Zambia,894,Original index,52,52,Original index,C,Total manufacturing,C,51.12,I,
1996,Zambia,894,Original index,52,52,Original index,C,Total manufacturing,C,43.94,I,
1997,Zambia,894,Original index,52,52,Original index,C,Total manufacturing,C,48.62,I,
1998,Zambia,894,Original index,52,52,Original index,C,Total manufacturing,C,42.06,I,
1999,Zambia,894,Original index,52,52,Original index,C,Total manufacturing,C,44.87,I,
2000,Zambia,894,Original index,52,52,Original index,C,Total manufacturing,C,48.93,I,
2001,Zambia,894,Original index,52,52,Original index,C,Total manufacturing,C,47.12,I,
2002,Zambia,894,Original index,52,52,Original index,C,Total manufacturing,C,47.66,I,
2003,Zambia,894,Original index,52,52,Original index,C,Total manufacturing,C,51.63,I,
2004,Zambia,894,Original index,52,52,Original index,C,Total manufacturing,C,54.46,I,
2005,Zambia,894,Original index,52,52,Original index,C,Total manufacturing,C,56.67,I,
2006,Zambia,894,Original index,52,52,Original index,C,Total manufacturing,C,59.5,I,
2007,Zambia,894,Original index,52,52,Original index,C,Total manufacturing,C,62.44,I,
2008,Zambia,894,Original index,52,52,Original index,C,Total manufacturing,C,63.79,I,
2009,Zambia,894,Original index,52,52,Original index,C,Total manufacturing,C,64.8,I,
2010,Zambia,894,Original index,52,52,Original index,C,Total manufacturing,C,63.16,I,
2011,Zambia,894,Original index,52,52,Original index,C,Total manufacturing,C,69.85,I,
2012,Zambia,894,Original index,52,52,Original index,C,Total manufacturing,C,73.21,I,
2013,Zambia,894,Original index,52,52,Original index,C,Total manufacturing,C,77.76,I,
2014,Zambia,894,Original index,52,52,Original index,C,Total manufacturing,C,82.84,I,
2015,Zambia,894,Original index,52,52,Original index,C,Total manufacturing,C,87.33,I,
2016,Zambia,894,Original index,52,52,Original index,C,Total manufacturing,C,89.0,I,
2017,Zambia,894,Original index,52,52,Original index,C,Total manufacturing,C,92.9,I,
2018,Zambia,894,Original index,52,52,Original index,C,Total manufacturing,C,96.68,I,
2019,Zambia,894,Original index,52,52,Original index,C,Total manufacturing,C,99.03,I,
2020,Zambia,894,Original index,52,52,Original index,C,Total manufacturing,C,100.0,I,
2021,Zambia,894,Original index,52,52,Original index,C,Total manufacturing,C,113.1,I,
2022,Zambia,894,Original index,52,52,Original index,C,Total manufacturing,C,118.42,I,
2023,Zambia,894,Original index,52,52,Original index,C,Total manufacturing,C,123.79,I,
2024,Zambia,894,Original index,52,52,Original index,C,Total manufacturing,C,126.67,I,
2025,Zambia,894,Original index,52,52,Original index,C,Total manufacturing,C,135.71,I,
2009,Zimbabwe,716,Original index,52,52,Original index,C,Total manufacturing,C,67.83,I,
2010,Zimbabwe,716,Original index,52,52,Original index,C,Total manufacturing,C,117.48,I,
2011,Zimbabwe,716,Original index,52,52,Original index,C,Total manufacturing,C,133.75,I,
2012,Zimbabwe,716,Original index,52,52,Original index,C,Total manufacturing,C,140.9,I,
2013,Zimbabwe,716,Original index,52,52,Original index,C,Total manufacturing,C,140.05,I,
2014,Zimbabwe,716,Original index,52,52,Original index,C,Total manufacturing,C,132.92,I,
2015,Zimbabwe,716,Original index,52,52,Original index,C,Total manufacturing,C,133.19,I,
2016,Zimbabwe,716,Original index,52,52,Original index,C,Total manufacturing,C,133.93,I,
2017,Zimbabwe,716,Original index,52,52,Original index,C,Total manufacturing,C,135.67,I,
2018,Zimbabwe,716,Original index,52,52,Original index,C,Total manufacturing,C,137.55,I,
2019,Zimbabwe,716,Original index,52,52,Original index,C,Total manufacturing,C,122.69,I,
2020,Zimbabwe,716,Original index,52,52,Original index,C,Total manufacturing,C,100.0,I,
2021,Zimbabwe,716,Original index,52,52,Original index,C,Total manufacturing,C,101.2,I,
2022,Zimbabwe,716,Original index,52,52,Original index,C,Total manufacturing,C,102.57,I,
2023,Zimbabwe,716,Original index,52,52,Original index,C,Total manufacturing,C,104.75,I,
2024,Zimbabwe,716,Original index,52,52,Original index,C,Total manufacturing,C,106.44,I,
